date_utc,tld,count,is_estimate,source,fetched_at_utc,notes,count_mode,count_ds_sld,count_glue_hosts,count_ns_rr,bytes_downloaded,fetch_seconds,status,error,cadence
2026-03-03,aaa,3,false,czds_zone,2026-03-03T03:25:04.725411+00:00,,ns_sld_exact,1,12,23,4111,0.292,ok,,baseline
2026-03-03,aarp,4,false,czds_zone,2026-03-03T03:25:04.726531+00:00,,ns_sld_exact,1,7,24,3594,0.325,ok,,rolling
2026-03-03,abb,33,false,czds_zone,2026-03-03T03:25:04.726866+00:00,,ns_sld_exact,1,4,92,2849,0.332,ok,,baseline
2026-03-03,abbvie,37,false,czds_zone,2026-03-03T03:25:05.018529+00:00,,ns_sld_exact,1,9,160,5487,0.259,ok,,baseline
2026-03-03,abc,21,false,czds_zone,2026-03-03T03:25:05.052375+00:00,,ns_sld_exact,0,6,64,2274,0.257,ok,,baseline
2026-03-03,able,4,false,czds_zone,2026-03-03T03:25:05.059247+00:00,,ns_sld_exact,1,12,24,3757,0.262,ok,,baseline
2026-03-03,abogado,703,false,czds_zone,2026-03-03T03:25:05.278389+00:00,,ns_sld_exact,47,18,2002,38825,0.304,ok,,baseline
2026-03-03,abudhabi,917,false,czds_zone,2026-03-03T03:25:05.310704+00:00,,ns_sld_exact,1,6,2742,234165,0.624,ok,,baseline
2026-03-03,academy,69614,false,czds_zone,2026-03-03T03:25:05.321942+00:00,,ns_sld_exact,4510,797,170853,3019842,1.88,ok,,baseline
2026-03-03,accenture,1,false,czds_zone,2026-03-03T03:25:05.583505+00:00,,ns_sld_exact,1,6,12,2275,0.246,ok,,rolling
2026-03-03,accountant,1300,false,czds_zone,2026-03-03T03:25:05.830463+00:00,,ns_sld_exact,116,12,3509,86153,0.405,ok,,baseline
2026-03-03,accountants,1712,false,czds_zone,2026-03-03T03:25:05.936108+00:00,,ns_sld_exact,113,14,4379,78197,0.418,ok,,baseline
2026-03-03,aco,368,false,czds_zone,2026-03-03T03:25:06.237432+00:00,,ns_sld_exact,1,0,1815,81513,0.424,ok,,baseline
2026-03-03,actor,3144,false,czds_zone,2026-03-03T03:25:06.355240+00:00,,ns_sld_exact,224,22,7959,148652,0.5,ok,,baseline
2026-03-03,ads,2,false,czds_zone,2026-03-03T03:25:06.661894+00:00,,ns_sld_exact,0,0,13,2028,0.279,ok,,rolling
2026-03-03,adult,6287,false,czds_zone,2026-03-03T03:25:06.856149+00:00,,ns_sld_exact,144,12,18438,196337,0.552,ok,,baseline
2026-03-03,aeg,6,false,czds_zone,2026-03-03T03:25:06.942612+00:00,,ns_sld_exact,1,6,34,2369,0.265,ok,,baseline
2026-03-03,aero,13142,false,czds_zone,2026-03-03T03:25:07.202793+00:00,,ns_sld_exact,199,641,35300,319814,0.614,ok,,baseline
2026-03-03,aetna,7,false,czds_zone,2026-03-03T03:25:07.208255+00:00,,ns_sld_exact,1,12,48,3801,0.245,ok,,baseline
2026-03-03,afl,148,false,czds_zone,2026-03-03T03:25:07.409510+00:00,,ns_sld_exact,1,12,444,7174,0.243,ok,,baseline
2026-03-03,agakhan,1,false,czds_zone,2026-03-03T03:25:07.454554+00:00,,ns_sld_exact,1,4,8,2204,0.237,ok,,baseline
2026-03-03,agency,121911,false,czds_zone,2026-03-03T03:25:07.654015+00:00,,ns_sld_exact,7470,1604,288866,4954203,2.225,ok,,rolling
2026-03-03,aig,51,false,czds_zone,2026-03-03T03:25:07.693325+00:00,,ns_sld_exact,1,12,135,4349,0.263,ok,,baseline
2026-03-03,airbus,48,false,czds_zone,2026-03-03T03:25:07.817603+00:00,,ns_sld_exact,1,6,106,2768,0.245,ok,,rolling
2026-03-03,airforce,782,false,czds_zone,2026-03-03T03:25:07.957471+00:00,,ns_sld_exact,94,20,2105,55463,0.388,ok,,baseline
2026-03-03,akdn,3,false,czds_zone,2026-03-03T03:25:08.063199+00:00,,ns_sld_exact,1,4,12,2227,0.248,ok,,baseline
2026-03-03,alibaba,10,false,czds_zone,2026-03-03T03:25:08.312548+00:00,,ns_sld_exact,1,4,26,2331,0.258,ok,,baseline
2026-03-03,alipay,1,false,czds_zone,2026-03-03T03:25:08.346214+00:00,,ns_sld_exact,1,4,8,2194,0.253,ok,,baseline
2026-03-03,allfinanz,1766,false,czds_zone,2026-03-03T03:25:08.571029+00:00,,ns_sld_exact,1,4,6055,34302,0.341,ok,,baseline
2026-03-03,allstate,21,false,czds_zone,2026-03-03T03:25:08.600436+00:00,,ns_sld_exact,1,4,48,2454,0.284,ok,,baseline
2026-03-03,ally,24,false,czds_zone,2026-03-03T03:25:08.884967+00:00,,ns_sld_exact,1,12,64,4114,0.267,ok,,baseline
2026-03-03,alsace,2332,false,czds_zone,2026-03-03T03:25:08.912910+00:00,,ns_sld_exact,602,6,5724,212670,0.537,ok,,baseline
2026-03-03,americanexpress,4,false,czds_zone,2026-03-03T03:25:09.153704+00:00,,ns_sld_exact,1,12,18,3675,0.272,ok,,baseline
2026-03-03,americanfamily,1,false,czds_zone,2026-03-03T03:25:09.427383+00:00,,ns_sld_exact,1,7,12,3532,0.284,ok,,baseline
2026-03-03,amex,9,false,czds_zone,2026-03-03T03:25:09.451418+00:00,,ns_sld_exact,1,12,52,3841,0.265,ok,,baseline
2026-03-03,amfam,9,false,czds_zone,2026-03-03T03:25:09.712388+00:00,,ns_sld_exact,1,7,44,3724,0.271,ok,,rolling
2026-03-03,amsterdam,18232,false,czds_zone,2026-03-03T03:25:09.718288+00:00,,ns_sld_exact,2641,6,42603,3016479,1.417,ok,,baseline
2026-03-03,android,4,false,czds_zone,2026-03-03T03:25:09.880451+00:00,,ns_sld_exact,0,0,21,2489,0.258,ok,,baseline
2026-03-03,anquan,2,false,czds_zone,2026-03-03T03:25:09.984070+00:00,,ns_sld_exact,1,2,8,3639,0.249,ok,,rolling
2026-03-03,anz,41,false,czds_zone,2026-03-03T03:25:10.139004+00:00,,ns_sld_exact,4,12,150,5850,0.253,ok,,rolling
2026-03-03,aol,1,false,czds_zone,2026-03-03T03:25:10.233815+00:00,,ns_sld_exact,0,4,8,1795,0.245,ok,,baseline
2026-03-03,apartments,4299,false,czds_zone,2026-03-03T03:25:10.393330+00:00,,ns_sld_exact,165,16,11112,147451,0.548,ok,,baseline
2026-03-03,app,1098106,false,czds_zone,2026-03-03T03:25:10.480140+00:00,,ns_sld_exact,92182,3141,2725890,243479566,69.698,ok,,core
2026-03-03,apple,69,false,czds_zone,2026-03-03T03:25:10.942316+00:00,,ns_sld_exact,1,9,277,4517,0.259,ok,,baseline
2026-03-03,aquarelle,49,false,czds_zone,2026-03-03T03:25:11.135754+00:00,,ns_sld_exact,1,4,226,7300,0.254,ok,,baseline
2026-03-03,arab,1,false,czds_zone,2026-03-03T03:25:11.202541+00:00,,ns_sld_exact,1,4,8,2543,0.268,ok,,baseline
2026-03-03,aramco,1,false,czds_zone,2026-03-03T03:25:11.391233+00:00,,ns_sld_exact,1,8,12,3557,0.256,ok,,baseline
2026-03-03,archi,3721,false,czds_zone,2026-03-03T03:25:11.471582+00:00,,ns_sld_exact,715,17,9309,349820,0.611,ok,,baseline
2026-03-03,army,5213,false,czds_zone,2026-03-03T03:25:11.648315+00:00,,ns_sld_exact,455,72,12811,271108,0.414,ok,,baseline
2026-03-03,art,284935,false,czds_zone,2026-03-03T03:25:12.062922+00:00,,ns_sld_exact,22232,660,723907,13971683,7.907,ok,,baseline
2026-03-03,arte,14,false,czds_zone,2026-03-03T03:25:12.083575+00:00,,ns_sld_exact,1,6,38,2414,0.26,ok,,baseline
2026-03-03,asia,522756,false,czds_zone,2026-03-03T03:25:12.344896+00:00,,ns_sld_exact,13690,4149,1487282,13645057,10.927,ok,,rolling
2026-03-03,associates,3795,false,czds_zone,2026-03-03T03:25:19.971329+00:00,,ns_sld_exact,303,43,10050,195846,0.517,ok,,baseline
2026-03-03,athleta,1,false,czds_zone,2026-03-03T03:25:20.490084+00:00,,ns_sld_exact,1,12,12,3619,0.276,ok,,baseline
2026-03-03,attorney,4601,false,czds_zone,2026-03-03T03:25:20.767040+00:00,,ns_sld_exact,190,34,11640,160071,0.611,ok,,baseline
2026-03-03,auction,9736,false,czds_zone,2026-03-03T03:25:21.379447+00:00,,ns_sld_exact,335,45,22582,282884,0.74,ok,,baseline
2026-03-03,audi,1669,false,czds_zone,2026-03-03T03:25:22.120524+00:00,,ns_sld_exact,1,4,3375,21441,0.299,ok,,baseline
2026-03-03,audio,5128,false,czds_zone,2026-03-03T03:25:22.421021+00:00,,ns_sld_exact,379,31,13882,587485,0.664,ok,,baseline
2026-03-03,auspost,116,false,czds_zone,2026-03-03T03:25:23.086289+00:00,,ns_sld_exact,1,16,328,6232,0.277,ok,,baseline
2026-03-03,auto,513,false,czds_zone,2026-03-03T03:25:23.273221+00:00,,ns_sld_exact,10,7,1514,55833,0.268,ok,,baseline
2026-03-03,autos,240393,false,czds_zone,2026-03-03T03:25:23.364951+00:00,,ns_sld_exact,5292,75,501777,4921378,3.337,ok,,baseline
2026-03-03,axa,71,false,czds_zone,2026-03-03T03:25:23.542008+00:00,,ns_sld_exact,1,12,327,5262,0.272,ok,,baseline
2026-03-03,azure,83,false,czds_zone,2026-03-03T03:25:23.815180+00:00,,ns_sld_exact,1,9,728,8356,0.274,ok,,baseline
2026-03-03,baby,47715,false,czds_zone,2026-03-03T03:25:24.090815+00:00,,ns_sld_exact,2679,275,100828,1743586,1.805,ok,,rolling
2026-03-03,baidu,1,false,czds_zone,2026-03-03T03:25:25.897204+00:00,,ns_sld_exact,0,0,12,1975,0.273,ok,,baseline
2026-03-03,banamex,1,false,czds_zone,2026-03-03T03:25:26.171961+00:00,,ns_sld_exact,1,12,12,3617,0.282,ok,,baseline
2026-03-03,band,19128,false,czds_zone,2026-03-03T03:25:26.455632+00:00,,ns_sld_exact,1525,145,53802,991078,0.815,ok,,baseline
2026-03-03,bar,37868,false,czds_zone,2026-03-03T03:25:26.703798+00:00,,ns_sld_exact,1299,123,91395,988493,1.094,ok,,baseline
2026-03-03,barcelona,4594,false,czds_zone,2026-03-03T03:25:27.271882+00:00,,ns_sld_exact,377,27,13498,1214688,1.19,ok,,baseline
2026-03-03,barclaycard,28,false,czds_zone,2026-03-03T03:25:27.799124+00:00,,ns_sld_exact,6,4,144,5205,0.255,ok,,baseline
2026-03-03,barclays,139,false,czds_zone,2026-03-03T03:25:28.055340+00:00,,ns_sld_exact,27,4,740,17515,0.285,ok,,baseline
2026-03-03,barefoot,1,false,czds_zone,2026-03-03T03:25:28.341173+00:00,,ns_sld_exact,1,4,8,2210,0.266,ok,,rolling
2026-03-03,bargains,1841,false,czds_zone,2026-03-03T03:25:28.462754+00:00,,ns_sld_exact,65,16,5162,63649,0.291,ok,,baseline
2026-03-03,baseball,1,false,czds_zone,2026-03-03T03:25:28.609040+00:00,,ns_sld_exact,1,12,12,3624,0.263,ok,,baseline
2026-03-03,basketball,655,false,czds_zone,2026-03-03T03:25:28.755492+00:00,,ns_sld_exact,10,23,2091,29172,0.27,ok,,baseline
2026-03-03,bauhaus,39,false,czds_zone,2026-03-03T03:25:28.873216+00:00,,ns_sld_exact,1,0,138,11509,0.271,ok,,baseline
2026-03-03,bayern,28047,false,czds_zone,2026-03-03T03:25:29.026590+00:00,,ns_sld_exact,386,34,89684,6868572,2.097,ok,,baseline
2026-03-03,bbc,6,false,czds_zone,2026-03-03T03:25:29.145396+00:00,,ns_sld_exact,1,9,30,4846,0.272,ok,,baseline
2026-03-03,bbt,1,false,czds_zone,2026-03-03T03:25:29.418800+00:00,,ns_sld_exact,0,4,8,1791,0.257,ok,,baseline
2026-03-03,bbva,13,false,czds_zone,2026-03-03T03:25:29.677640+00:00,,ns_sld_exact,1,9,94,5173,0.284,ok,,baseline
2026-03-03,bcg,2,false,czds_zone,2026-03-03T03:25:29.962905+00:00,,ns_sld_exact,1,4,10,2211,0.276,ok,,baseline
2026-03-03,bcn,3,false,czds_zone,2026-03-03T03:25:30.242968+00:00,,ns_sld_exact,1,0,14,2811,0.272,ok,,baseline
2026-03-03,beats,3,false,czds_zone,2026-03-03T03:25:30.515868+00:00,,ns_sld_exact,1,4,16,1444,0.265,ok,,rolling
2026-03-03,beauty,75734,false,czds_zone,2026-03-03T03:25:30.782556+00:00,,ns_sld_exact,2179,68,160522,2085224,1.927,ok,,baseline
2026-03-03,beer,105153,false,czds_zone,2026-03-03T03:25:31.124159+00:00,,ns_sld_exact,9348,53,217592,5781265,3.185,ok,,baseline
2026-03-03,berlin,43298,false,czds_zone,2026-03-03T03:25:32.711157+00:00,,ns_sld_exact,534,58,122085,1003610,1.513,ok,,baseline
2026-03-03,best,34086,false,czds_zone,2026-03-03T03:25:34.225534+00:00,,ns_sld_exact,3185,310,77262,1852346,1.2,ok,,baseline
2026-03-03,bestbuy,1,false,czds_zone,2026-03-03T03:25:34.310442+00:00,,ns_sld_exact,1,4,8,2201,0.282,ok,,baseline
2026-03-03,bet,117527,false,czds_zone,2026-03-03T03:25:34.592988+00:00,,ns_sld_exact,1795,513,257582,2329521,2.453,ok,,baseline
2026-03-03,bharti,1,false,czds_zone,2026-03-03T03:25:35.426698+00:00,,ns_sld_exact,1,6,12,3716,0.198,ok,,baseline
2026-03-03,bible,1356,false,czds_zone,2026-03-03T03:25:35.626490+00:00,,ns_sld_exact,242,22,4071,144896,0.18,ok,,baseline
2026-03-03,bid,41232,false,czds_zone,2026-03-03T03:25:35.807127+00:00,,ns_sld_exact,355,242,88561,683670,0.892,ok,,baseline
2026-03-03,bike,15858,false,czds_zone,2026-03-03T03:25:36.704365+00:00,,ns_sld_exact,1102,174,40744,728430,0.541,ok,,baseline
2026-03-03,bing,18,false,czds_zone,2026-03-03T03:25:37.047241+00:00,,ns_sld_exact,1,9,84,5194,0.135,ok,,baseline
2026-03-03,bingo,2472,false,czds_zone,2026-03-03T03:25:37.183888+00:00,,ns_sld_exact,99,20,6278,85341,0.167,ok,,baseline
2026-03-03,bio,54057,false,czds_zone,2026-03-03T03:25:37.247970+00:00,,ns_sld_exact,2751,2324,142105,2061410,1.326,ok,,baseline
2026-03-03,biz,1208795,false,czds_zone,2026-03-03T03:25:37.351963+00:00,,ns_sld_exact,41278,7445,3047253,41641278,30.007,ok,,baseline
2026-03-03,black,6019,false,czds_zone,2026-03-03T03:25:38.575483+00:00,,ns_sld_exact,361,62,15200,252463,0.301,ok,,baseline
2026-03-03,blackfriday,855,false,czds_zone,2026-03-03T03:25:38.878165+00:00,,ns_sld_exact,44,11,2876,33479,0.155,ok,,baseline
2026-03-03,blockbuster,1,false,czds_zone,2026-03-03T03:25:39.038058+00:00,,ns_sld_exact,1,0,6,1302,0.113,ok,,baseline
2026-03-03,blog,366166,false,czds_zone,2026-03-03T03:25:39.152697+00:00,,ns_sld_exact,14741,200,933602,12256937,9.632,ok,,baseline
2026-03-03,bloomberg,77,false,czds_zone,2026-03-03T03:25:48.786661+00:00,,ns_sld_exact,1,6,543,4585,0.124,ok,,baseline
2026-03-03,blue,14806,false,czds_zone,2026-03-03T03:25:48.912400+00:00,,ns_sld_exact,1330,285,38513,806963,0.528,ok,,baseline
2026-03-03,bms,3,false,czds_zone,2026-03-03T03:25:49.442074+00:00,,ns_sld_exact,0,4,16,1859,0.111,ok,,baseline
2026-03-03,bmw,131,false,czds_zone,2026-03-03T03:25:49.554108+00:00,,ns_sld_exact,1,4,535,5605,0.109,ok,,baseline
2026-03-03,boats,57679,false,czds_zone,2026-03-03T03:25:49.668318+00:00,,ns_sld_exact,1647,31,118586,1369310,1.374,ok,,baseline
2026-03-03,boehringer,1,false,czds_zone,2026-03-03T03:25:51.043979+00:00,,ns_sld_exact,1,4,8,2201,0.122,ok,,baseline
2026-03-03,bofa,1,false,czds_zone,2026-03-03T03:25:51.168573+00:00,,ns_sld_exact,1,6,12,2245,0.131,ok,,rolling
2026-03-03,bom,1,false,czds_zone,2026-03-03T03:25:51.301047+00:00,,ns_sld_exact,1,0,8,1161,0.118,ok,,baseline
2026-03-03,bond,1133782,false,czds_zone,2026-03-03T03:25:51.428304+00:00,,ns_sld_exact,5577,37,2335315,13515514,17.347,ok,,baseline
2026-03-03,boo,3255,false,czds_zone,2026-03-03T03:26:07.360329+00:00,,ns_sld_exact,486,9,8462,781764,0.398,ok,,baseline
2026-03-03,booking,1,false,czds_zone,2026-03-03T03:26:07.759551+00:00,,ns_sld_exact,1,12,12,3622,0.11,ok,,baseline
2026-03-03,bosch,1,false,czds_zone,2026-03-03T03:26:07.870898+00:00,,ns_sld_exact,0,4,8,1792,0.111,ok,,baseline
2026-03-03,bostik,38,false,czds_zone,2026-03-03T03:26:07.983360+00:00,,ns_sld_exact,2,0,80,2083,0.113,ok,,baseline
2026-03-03,boston,4604,false,czds_zone,2026-03-03T03:26:08.098323+00:00,,ns_sld_exact,153,16,10609,151707,0.26,ok,,baseline
2026-03-03,boutique,16623,false,czds_zone,2026-03-03T03:26:08.360163+00:00,,ns_sld_exact,1232,101,39421,774536,0.667,ok,,baseline
2026-03-03,box,2811,false,czds_zone,2026-03-03T03:26:08.777546+00:00,,ns_sld_exact,2,8,6130,28197,0.781,ok,,baseline
2026-03-03,bradesco,219,false,czds_zone,2026-03-03T03:26:09.028020+00:00,,ns_sld_exact,1,4,750,6154,0.105,ok,,baseline
2026-03-03,bridgestone,68,false,czds_zone,2026-03-03T03:26:09.134176+00:00,,ns_sld_exact,1,0,254,18762,0.11,ok,,baseline
2026-03-03,broadway,340,false,czds_zone,2026-03-03T03:26:09.244789+00:00,,ns_sld_exact,1,9,1102,10672,0.107,ok,,baseline
2026-03-03,broker,2945,false,czds_zone,2026-03-03T03:26:09.352927+00:00,,ns_sld_exact,170,84,7454,120188,0.175,ok,,baseline
2026-03-03,brother,9,false,czds_zone,2026-03-03T03:26:09.529030+00:00,,ns_sld_exact,0,0,34,4158,0.11,ok,,baseline
2026-03-03,brussels,7956,false,czds_zone,2026-03-03T03:26:09.562032+00:00,,ns_sld_exact,2091,22,19381,718254,0.442,ok,,baseline
2026-03-03,build,8840,false,czds_zone,2026-03-03T03:26:09.640477+00:00,,ns_sld_exact,285,20,21088,284409,0.306,ok,,baseline
2026-03-03,builders,6169,false,czds_zone,2026-03-03T03:26:09.948183+00:00,,ns_sld_exact,437,42,15869,286251,0.263,ok,,baseline
2026-03-03,business,33903,false,czds_zone,2026-03-03T03:26:10.007121+00:00,,ns_sld_exact,2659,720,88091,1705184,1.136,ok,,baseline
2026-03-03,buzz,161883,false,czds_zone,2026-03-03T03:26:10.214184+00:00,,ns_sld_exact,5699,306,350019,5011091,3.47,ok,,baseline
2026-03-03,cab,3693,false,czds_zone,2026-03-03T03:26:11.144260+00:00,,ns_sld_exact,219,60,8946,155092,0.216,ok,,baseline
2026-03-03,cafe,23138,false,czds_zone,2026-03-03T03:26:11.361355+00:00,,ns_sld_exact,1522,269,57874,1018886,0.724,ok,,baseline
2026-03-03,cal,1,false,czds_zone,2026-03-03T03:26:12.087356+00:00,,ns_sld_exact,0,0,9,1818,0.103,ok,,baseline
2026-03-03,cam,41849,false,czds_zone,2026-03-03T03:26:12.191847+00:00,,ns_sld_exact,4901,278,90511,2596053,1.317,ok,,baseline
2026-03-03,camera,3181,false,czds_zone,2026-03-03T03:26:13.510413+00:00,,ns_sld_exact,179,49,8914,135812,0.226,ok,,baseline
2026-03-03,camp,8121,false,czds_zone,2026-03-03T03:26:13.687123+00:00,,ns_sld_exact,646,78,22097,414283,0.33,ok,,baseline
2026-03-03,capital,32673,false,czds_zone,2026-03-03T03:26:13.739810+00:00,,ns_sld_exact,2307,239,80797,1466478,0.98,ok,,baseline
2026-03-03,capitalone,1,false,czds_zone,2026-03-03T03:26:14.018471+00:00,,ns_sld_exact,1,7,12,3760,0.111,ok,,baseline
2026-03-03,car,293,false,czds_zone,2026-03-03T03:26:14.131065+00:00,,ns_sld_exact,8,8,907,32994,0.129,ok,,baseline
2026-03-03,caravan,2,false,czds_zone,2026-03-03T03:26:14.261278+00:00,,ns_sld_exact,1,12,15,3642,0.11,ok,,baseline
2026-03-03,cards,12072,false,czds_zone,2026-03-03T03:26:14.372122+00:00,,ns_sld_exact,730,78,32311,512479,0.43,ok,,baseline
2026-03-03,care,44783,false,czds_zone,2026-03-03T03:26:14.722339+00:00,,ns_sld_exact,3499,448,112354,2174902,1.246,ok,,baseline
2026-03-03,career,1338,false,czds_zone,2026-03-03T03:26:14.803465+00:00,,ns_sld_exact,52,9,4302,68677,0.167,ok,,rolling
2026-03-03,careers,9369,false,czds_zone,2026-03-03T03:26:14.972319+00:00,,ns_sld_exact,594,89,25733,427451,0.408,ok,,baseline
2026-03-03,cars,283,false,czds_zone,2026-03-03T03:26:15.385341+00:00,,ns_sld_exact,6,4,839,31141,0.124,ok,,baseline
2026-03-03,casa,59055,false,czds_zone,2026-03-03T03:26:15.511286+00:00,,ns_sld_exact,3435,213,126582,2584567,1.256,ok,,baseline
2026-03-03,case,44,false,czds_zone,2026-03-03T03:26:15.969845+00:00,,ns_sld_exact,1,4,164,2191,0.11,ok,,baseline
2026-03-03,cash,18683,false,czds_zone,2026-03-03T03:26:16.080865+00:00,,ns_sld_exact,1070,189,43910,728900,0.512,ok,,baseline
2026-03-03,casino,62027,false,czds_zone,2026-03-03T03:26:16.613420+00:00,,ns_sld_exact,6272,1030,134892,3293527,1.277,ok,,baseline
2026-03-03,cat,114649,false,czds_zone,2026-03-03T03:26:16.768809+00:00,,ns_sld_exact,12039,1107,336303,30460202,9.067,ok,,baseline
2026-03-03,catering,3007,false,czds_zone,2026-03-03T03:26:17.891502+00:00,,ns_sld_exact,196,25,8113,140773,0.185,ok,,rolling
2026-03-03,catholic,22,false,czds_zone,2026-03-03T03:26:18.077307+00:00,,ns_sld_exact,5,16,86,6124,0.124,ok,,baseline
2026-03-03,cba,83,false,czds_zone,2026-03-03T03:26:18.202697+00:00,,ns_sld_exact,1,12,309,6190,0.104,ok,,baseline
2026-03-03,cbn,5,false,czds_zone,2026-03-03T03:26:18.307435+00:00,,ns_sld_exact,1,12,36,3751,0.346,ok,,baseline
2026-03-03,cbre,1,false,czds_zone,2026-03-03T03:26:18.654643+00:00,,ns_sld_exact,1,12,12,3608,0.114,ok,,baseline
2026-03-03,center,43598,false,czds_zone,2026-03-03T03:26:18.770376+00:00,,ns_sld_exact,1610,703,105250,1417079,1.253,ok,,baseline
2026-03-03,cern,95,false,czds_zone,2026-03-03T03:26:20.024621+00:00,,ns_sld_exact,1,4,196,3204,0.157,ok,,baseline
2026-03-03,cfa,7,false,czds_zone,2026-03-03T03:26:20.179530+00:00,,ns_sld_exact,1,6,24,2343,0.103,ok,,rolling
2026-03-03,cfd,478856,false,czds_zone,2026-03-03T03:26:20.183415+00:00,,ns_sld_exact,19572,572,1187903,16038478,11.062,ok,,rolling
2026-03-03,chanel,5,false,czds_zone,2026-03-03T03:26:20.283422+00:00,,ns_sld_exact,0,4,16,1856,0.101,ok,,baseline
2026-03-03,channel,3412,false,czds_zone,2026-03-03T03:26:20.385562+00:00,,ns_sld_exact,151,4,8669,744493,0.328,ok,,baseline
2026-03-03,charity,4731,false,czds_zone,2026-03-03T03:26:20.714712+00:00,,ns_sld_exact,324,24,12780,220903,0.277,ok,,baseline
2026-03-03,chase,95,false,czds_zone,2026-03-03T03:26:20.993193+00:00,,ns_sld_exact,1,8,434,5655,0.108,ok,,baseline
2026-03-03,chat,51019,false,czds_zone,2026-03-03T03:26:21.102397+00:00,,ns_sld_exact,2639,481,119153,1893067,1.27,ok,,baseline
2026-03-03,cheap,7104,false,czds_zone,2026-03-03T03:26:22.376814+00:00,,ns_sld_exact,161,47,15668,179165,0.295,ok,,baseline
2026-03-03,chintai,7,false,czds_zone,2026-03-03T03:26:22.673133+00:00,,ns_sld_exact,1,12,30,3844,0.13,ok,,baseline
2026-03-03,christmas,10132,false,czds_zone,2026-03-03T03:26:22.805090+00:00,,ns_sld_exact,2515,18,21420,1395028,0.668,ok,,baseline
2026-03-03,chrome,2,false,czds_zone,2026-03-03T03:26:23.474232+00:00,,ns_sld_exact,0,0,13,2037,0.111,ok,,baseline
2026-03-03,church,33518,false,czds_zone,2026-03-03T03:26:23.587520+00:00,,ns_sld_exact,1750,356,85376,1283859,0.978,ok,,baseline
2026-03-03,cipriani,1,false,czds_zone,2026-03-03T03:26:24.568234+00:00,,ns_sld_exact,1,4,8,2204,0.101,ok,,baseline
2026-03-03,cisco,40,false,czds_zone,2026-03-03T03:26:24.671196+00:00,,ns_sld_exact,18,12,149,12744,0.124,ok,,baseline
2026-03-03,citadel,1,false,czds_zone,2026-03-03T03:26:24.796951+00:00,,ns_sld_exact,1,4,8,2199,0.119,ok,,baseline
2026-03-03,citi,4,false,czds_zone,2026-03-03T03:26:24.917034+00:00,,ns_sld_exact,1,12,30,3713,0.174,ok,,baseline
2026-03-03,citic,157,false,czds_zone,2026-03-03T03:26:25.092864+00:00,,ns_sld_exact,0,7,514,34631,0.119,ok,,baseline
2026-03-03,city,30505,false,czds_zone,2026-03-03T03:26:25.214516+00:00,,ns_sld_exact,1773,565,74533,1241153,0.94,ok,,baseline
2026-03-03,claims,5664,false,czds_zone,2026-03-03T03:26:25.837172+00:00,,ns_sld_exact,266,17,13601,198310,0.306,ok,,baseline
2026-03-03,cleaning,2536,false,czds_zone,2026-03-03T03:26:26.144651+00:00,,ns_sld_exact,223,38,6863,140955,0.238,ok,,baseline
2026-03-03,click,687998,false,czds_zone,2026-03-03T03:26:26.155719+00:00,,ns_sld_exact,16973,5621,1512902,15086160,17.067,ok,,baseline
2026-03-03,clinic,17349,false,czds_zone,2026-03-03T03:26:26.384522+00:00,,ns_sld_exact,765,174,44790,621443,0.641,ok,,baseline
2026-03-03,clinique,1,false,czds_zone,2026-03-03T03:26:27.026373+00:00,,ns_sld_exact,1,4,8,2205,0.116,ok,,baseline
2026-03-03,clothing,9741,false,czds_zone,2026-03-03T03:26:27.143817+00:00,,ns_sld_exact,637,49,26790,442003,0.477,ok,,baseline
2026-03-03,cloud,462156,false,czds_zone,2026-03-03T03:26:27.622276+00:00,,ns_sld_exact,34336,4891,1198845,18370870,14.882,ok,,rolling
2026-03-03,club,524498,false,czds_zone,2026-03-03T03:26:31.249875+00:00,,ns_sld_exact,14836,1766,1232100,15674306,13.124,ok,,baseline
2026-03-03,clubmed,32,false,czds_zone,2026-03-03T03:26:42.508024+00:00,,ns_sld_exact,1,6,84,2786,0.308,ok,,baseline
2026-03-03,coach,25237,false,czds_zone,2026-03-03T03:26:42.818300+00:00,,ns_sld_exact,1549,98,64688,1075748,1.053,ok,,baseline
2026-03-03,codes,16916,false,czds_zone,2026-03-03T03:26:43.224267+00:00,,ns_sld_exact,1555,283,44532,932863,0.92,ok,,baseline
2026-03-03,coffee,26958,false,czds_zone,2026-03-03T03:26:43.873021+00:00,,ns_sld_exact,1972,242,69387,1260717,0.955,ok,,rolling
2026-03-03,college,7045,false,czds_zone,2026-03-03T03:26:44.145277+00:00,,ns_sld_exact,198,17,16535,201158,0.485,ok,,baseline
2026-03-03,cologne,3954,false,czds_zone,2026-03-03T03:26:44.375823+00:00,,ns_sld_exact,96,11,12360,117664,0.439,ok,,baseline
2026-03-03,commbank,8,false,czds_zone,2026-03-03T03:26:44.632224+00:00,,ns_sld_exact,1,12,40,3949,0.253,ok,,baseline
2026-03-03,community,24117,false,czds_zone,2026-03-03T03:26:44.816946+00:00,,ns_sld_exact,2979,154,70057,1682123,1.157,ok,,baseline
2026-03-03,company,77972,false,czds_zone,2026-03-03T03:26:44.829628+00:00,,ns_sld_exact,6846,1031,207285,4177997,2.109,ok,,baseline
2026-03-03,compare,911,false,czds_zone,2026-03-03T03:26:44.886209+00:00,,ns_sld_exact,39,14,2557,39487,0.256,ok,,baseline
2026-03-03,computer,8816,false,czds_zone,2026-03-03T03:26:45.143010+00:00,,ns_sld_exact,872,173,23475,512955,0.673,ok,,baseline
2026-03-03,condos,1437,false,czds_zone,2026-03-03T03:26:45.818397+00:00,,ns_sld_exact,57,8,3492,49645,0.293,ok,,baseline
2026-03-03,construction,9382,false,czds_zone,2026-03-03T03:26:45.975977+00:00,,ns_sld_exact,963,50,24921,557966,0.669,ok,,baseline
2026-03-03,consulting,39160,false,czds_zone,2026-03-03T03:26:46.113285+00:00,,ns_sld_exact,4212,328,107713,2443721,1.356,ok,,baseline
2026-03-03,contact,11335,false,czds_zone,2026-03-03T03:26:46.645889+00:00,,ns_sld_exact,2078,114,30598,1040793,0.847,ok,,baseline
2026-03-03,contractors,3425,false,czds_zone,2026-03-03T03:26:46.939749+00:00,,ns_sld_exact,220,47,9014,154900,0.431,ok,,baseline
2026-03-03,cooking,2243,false,czds_zone,2026-03-03T03:26:47.371839+00:00,,ns_sld_exact,110,20,6008,100120,0.339,ok,,baseline
2026-03-03,cool,21864,false,czds_zone,2026-03-03T03:26:47.471987+00:00,,ns_sld_exact,1424,251,53132,942184,0.704,ok,,baseline
2026-03-03,coop,8254,false,czds_zone,2026-03-03T03:26:47.494024+00:00,,ns_sld_exact,218,187,21016,217070,0.424,ok,,baseline
2026-03-03,corsica,2308,false,czds_zone,2026-03-03T03:26:47.711594+00:00,,ns_sld_exact,722,23,5412,236519,0.426,ok,,baseline
2026-03-03,country,3071,false,czds_zone,2026-03-03T03:26:47.919231+00:00,,ns_sld_exact,25,5,6894,41349,0.286,ok,,baseline
2026-03-03,coupons,7034,false,czds_zone,2026-03-03T03:26:48.139400+00:00,,ns_sld_exact,2313,39,15540,1036297,0.766,ok,,baseline
2026-03-03,courses,11543,false,czds_zone,2026-03-03T03:26:48.177662+00:00,,ns_sld_exact,364,24,26490,367701,0.489,ok,,baseline
2026-03-03,cpa,6423,false,czds_zone,2026-03-03T03:26:48.206309+00:00,,ns_sld_exact,41,17,13415,92225,0.367,ok,,baseline
2026-03-03,credit,5665,false,czds_zone,2026-03-03T03:26:48.575225+00:00,,ns_sld_exact,255,42,14208,202208,0.404,ok,,baseline
2026-03-03,creditcard,1489,false,czds_zone,2026-03-03T03:26:48.670176+00:00,,ns_sld_exact,54,12,3983,50056,0.277,ok,,baseline
2026-03-03,creditunion,414,false,czds_zone,2026-03-03T03:26:48.906959+00:00,,ns_sld_exact,20,1,1217,13521,0.246,ok,,baseline
2026-03-03,cricket,962,false,czds_zone,2026-03-03T03:26:48.947879+00:00,,ns_sld_exact,64,22,2435,52018,0.258,ok,,baseline
2026-03-03,crown,3,false,czds_zone,2026-03-03T03:26:48.980370+00:00,,ns_sld_exact,1,4,16,2650,0.229,ok,,baseline
2026-03-03,crs,562,false,czds_zone,2026-03-03T03:26:49.153901+00:00,,ns_sld_exact,538,4,1130,211512,0.364,ok,,baseline
2026-03-03,cruise,1,false,czds_zone,2026-03-03T03:26:49.206943+00:00,,ns_sld_exact,1,4,8,2199,0.261,ok,,baseline
2026-03-03,cruises,2204,false,czds_zone,2026-03-03T03:26:49.210351+00:00,,ns_sld_exact,80,14,5946,74675,0.351,ok,,baseline
2026-03-03,cuisinella,14,false,czds_zone,2026-03-03T03:26:49.468754+00:00,,ns_sld_exact,1,12,38,3801,0.262,ok,,baseline
2026-03-03,cymru,8353,false,czds_zone,2026-03-03T03:26:49.518878+00:00,,ns_sld_exact,157,31,21472,268704,0.491,ok,,baseline
2026-03-03,cyou,426797,false,czds_zone,2026-03-03T03:26:49.563048+00:00,,ns_sld_exact,7972,666,894670,7592472,4.689,ok,,baseline
2026-03-03,dad,3394,false,czds_zone,2026-03-03T03:26:49.731794+00:00,,ns_sld_exact,514,16,8924,819712,0.815,ok,,baseline
2026-03-03,dance,8320,false,czds_zone,2026-03-03T03:26:50.011192+00:00,,ns_sld_exact,681,34,22098,429781,0.807,ok,,rolling
2026-03-03,data,1,false,czds_zone,2026-03-03T03:26:50.547991+00:00,,ns_sld_exact,1,0,6,1283,0.258,ok,,baseline
2026-03-03,date,9047,false,czds_zone,2026-03-03T03:26:50.807801+00:00,,ns_sld_exact,381,46,21511,332257,0.638,ok,,baseline
2026-03-03,dating,3933,false,czds_zone,2026-03-03T03:26:50.819553+00:00,,ns_sld_exact,286,88,10111,189106,0.527,ok,,baseline
2026-03-03,day,11916,false,czds_zone,2026-03-03T03:26:51.356440+00:00,,ns_sld_exact,1879,23,31486,2869235,1.585,ok,,baseline
2026-03-03,dclk,1,false,czds_zone,2026-03-03T03:26:51.449459+00:00,,ns_sld_exact,0,0,9,1819,0.269,ok,,baseline
2026-03-03,dds,1,false,czds_zone,2026-03-03T03:26:51.720359+00:00,,ns_sld_exact,1,12,12,3589,0.275,ok,,baseline
2026-03-03,dealer,172,false,czds_zone,2026-03-03T03:26:51.996973+00:00,,ns_sld_exact,4,4,509,6854,0.28,ok,,baseline
2026-03-03,deals,8948,false,czds_zone,2026-03-03T03:26:52.278737+00:00,,ns_sld_exact,447,113,23017,342568,0.755,ok,,baseline
2026-03-03,degree,1023,false,czds_zone,2026-03-03T03:26:52.943431+00:00,,ns_sld_exact,54,15,2683,42679,0.298,ok,,baseline
2026-03-03,delivery,8904,false,czds_zone,2026-03-03T03:26:53.037502+00:00,,ns_sld_exact,621,140,22023,409680,0.756,ok,,baseline
2026-03-03,dell,24,false,czds_zone,2026-03-03T03:26:53.242535+00:00,,ns_sld_exact,1,12,87,4037,0.256,ok,,baseline
2026-03-03,deloitte,86,false,czds_zone,2026-03-03T03:26:53.500234+00:00,,ns_sld_exact,55,4,482,21043,0.28,ok,,baseline
2026-03-03,delta,1,false,czds_zone,2026-03-03T03:26:53.781877+00:00,,ns_sld_exact,1,4,8,2194,0.474,ok,,baseline
2026-03-03,democrat,989,false,czds_zone,2026-03-03T03:26:53.795303+00:00,,ns_sld_exact,77,9,2875,53224,0.285,ok,,baseline
2026-03-03,dental,8692,false,czds_zone,2026-03-03T03:26:54.081035+00:00,,ns_sld_exact,490,43,23085,358835,0.601,ok,,baseline
2026-03-03,dentist,2623,false,czds_zone,2026-03-03T03:26:54.253496+00:00,,ns_sld_exact,112,17,6504,93513,0.364,ok,,baseline
2026-03-03,desi,1851,false,czds_zone,2026-03-03T03:26:54.256705+00:00,,ns_sld_exact,19,7,6152,49229,0.337,ok,,baseline
2026-03-03,design,113611,false,czds_zone,2026-03-03T03:26:54.595379+00:00,,ns_sld_exact,8112,146,297618,5842253,2.826,ok,,baseline
2026-03-03,dev,601152,false,czds_zone,2026-03-03T03:26:54.619274+00:00,,ns_sld_exact,100137,2712,1593648,144621861,26.739,ok,,core
2026-03-03,dhl,93,false,czds_zone,2026-03-03T03:26:54.683819+00:00,,ns_sld_exact,66,4,215,23072,0.242,ok,,baseline
2026-03-03,diamonds,2032,false,czds_zone,2026-03-03T03:26:54.926915+00:00,,ns_sld_exact,109,21,5376,83926,0.319,ok,,baseline
2026-03-03,diet,983,false,czds_zone,2026-03-03T03:26:55.246845+00:00,,ns_sld_exact,29,8,2516,106625,0.428,ok,,baseline
2026-03-03,digital,276308,false,czds_zone,2026-03-03T03:26:55.675986+00:00,,ns_sld_exact,10133,3007,620471,8548288,4.939,ok,,baseline
2026-03-03,direct,12843,false,czds_zone,2026-03-03T03:26:57.427128+00:00,,ns_sld_exact,692,141,32528,504215,0.888,ok,,baseline
2026-03-03,directory,16101,false,czds_zone,2026-03-03T03:26:58.320560+00:00,,ns_sld_exact,709,209,38624,561593,0.722,ok,,baseline
2026-03-03,discount,3061,false,czds_zone,2026-03-03T03:26:59.043538+00:00,,ns_sld_exact,139,33,8549,115987,0.486,ok,,baseline
2026-03-03,discover,101,false,czds_zone,2026-03-03T03:26:59.530198+00:00,,ns_sld_exact,1,6,216,3278,0.274,ok,,baseline
2026-03-03,dish,2,false,czds_zone,2026-03-03T03:26:59.805646+00:00,,ns_sld_exact,1,0,8,1315,0.265,ok,,baseline
2026-03-03,diy,8531,false,czds_zone,2026-03-03T03:27:00.071836+00:00,,ns_sld_exact,185,12,18425,172403,0.49,ok,,baseline
2026-03-03,docs,2,false,czds_zone,2026-03-03T03:27:00.562925+00:00,,ns_sld_exact,0,0,13,2033,0.256,ok,,baseline
2026-03-03,doctor,7634,false,czds_zone,2026-03-03T03:27:00.615993+00:00,,ns_sld_exact,349,32,17816,261198,0.502,ok,,baseline
2026-03-03,dog,16769,false,czds_zone,2026-03-03T03:27:00.819872+00:00,,ns_sld_exact,1290,116,43369,815753,0.816,ok,,rolling
2026-03-03,domains,7356,false,czds_zone,2026-03-03T03:27:01.118837+00:00,,ns_sld_exact,543,636,19967,367760,0.712,ok,,baseline
2026-03-03,dot,1,false,czds_zone,2026-03-03T03:27:01.636576+00:00,,ns_sld_exact,1,0,6,1285,0.277,ok,,baseline
2026-03-03,download,9374,false,czds_zone,2026-03-03T03:27:01.831930+00:00,,ns_sld_exact,495,69,22816,415016,0.561,ok,,rolling
2026-03-03,drive,1,false,czds_zone,2026-03-03T03:27:01.914307+00:00,,ns_sld_exact,0,0,9,1815,0.259,ok,,baseline
2026-03-03,dtv,1,false,czds_zone,2026-03-03T03:27:02.174973+00:00,,ns_sld_exact,1,0,6,1287,0.293,ok,,baseline
2026-03-03,dupont,7,false,czds_zone,2026-03-03T03:27:02.394393+00:00,,ns_sld_exact,1,8,36,3706,0.265,ok,,baseline
2026-03-03,dvag,9057,false,czds_zone,2026-03-03T03:27:02.469279+00:00,,ns_sld_exact,1,4,34048,163649,0.606,ok,,baseline
2026-03-03,dvr,1,false,czds_zone,2026-03-03T03:27:02.660841+00:00,,ns_sld_exact,1,0,6,1287,0.255,ok,,baseline
2026-03-03,earth,40048,false,czds_zone,2026-03-03T03:27:02.918095+00:00,,ns_sld_exact,2672,83,99772,1916014,1.356,ok,,baseline
2026-03-03,eat,3,false,czds_zone,2026-03-03T03:27:03.076939+00:00,,ns_sld_exact,0,0,17,2245,0.277,ok,,baseline
2026-03-03,eco,6804,false,czds_zone,2026-03-03T03:27:03.355735+00:00,,ns_sld_exact,935,8,18603,528629,0.751,ok,,baseline
2026-03-03,edeka,114,false,czds_zone,2026-03-03T03:27:04.108255+00:00,,ns_sld_exact,1,4,368,4486,0.274,ok,,baseline
2026-03-03,education,29823,false,czds_zone,2026-03-03T03:27:04.275471+00:00,,ns_sld_exact,2633,428,81061,1643794,1.285,ok,,baseline
2026-03-03,email,120990,false,czds_zone,2026-03-03T03:27:04.383592+00:00,,ns_sld_exact,9708,2383,304689,6077680,2.997,ok,,baseline
2026-03-03,emerck,10,false,czds_zone,2026-03-03T03:27:05.561552+00:00,,ns_sld_exact,1,4,53,2458,0.47,ok,,baseline
2026-03-03,energy,25799,false,czds_zone,2026-03-03T03:27:06.033051+00:00,,ns_sld_exact,1863,193,64742,1197799,1.186,ok,,baseline
2026-03-03,engineer,7282,false,czds_zone,2026-03-03T03:27:07.219913+00:00,,ns_sld_exact,727,104,20974,437975,0.643,ok,,baseline
2026-03-03,engineering,10630,false,czds_zone,2026-03-03T03:27:07.381621+00:00,,ns_sld_exact,1021,114,29343,626842,0.721,ok,,baseline
2026-03-03,enterprises,9009,false,czds_zone,2026-03-03T03:27:07.864587+00:00,,ns_sld_exact,766,121,23481,475773,0.621,ok,,baseline
2026-03-03,epson,2,false,czds_zone,2026-03-03T03:27:08.104162+00:00,,ns_sld_exact,0,0,12,2529,0.262,ok,,baseline
2026-03-03,equipment,5099,false,czds_zone,2026-03-03T03:27:08.367902+00:00,,ns_sld_exact,284,34,12996,208696,0.433,ok,,rolling
2026-03-03,ericsson,5,false,czds_zone,2026-03-03T03:27:08.486487+00:00,,ns_sld_exact,1,4,20,2278,0.27,ok,,baseline
2026-03-03,esq,2220,false,czds_zone,2026-03-03T03:27:08.757794+00:00,,ns_sld_exact,626,0,6202,593425,0.679,ok,,baseline
2026-03-03,estate,11234,false,czds_zone,2026-03-03T03:27:08.801874+00:00,,ns_sld_exact,663,153,28078,468641,0.641,ok,,baseline
2026-03-03,eurovision,4,false,czds_zone,2026-03-03T03:27:09.438355+00:00,,ns_sld_exact,1,0,15,2990,0.277,ok,,baseline
2026-03-03,eus,15542,false,czds_zone,2026-03-03T03:27:09.444346+00:00,,ns_sld_exact,1395,266,46157,4114218,1.74,ok,,baseline
2026-03-03,events,33606,false,czds_zone,2026-03-03T03:27:09.717109+00:00,,ns_sld_exact,2458,300,89032,1626386,1.378,ok,,rolling
2026-03-03,exchange,17783,false,czds_zone,2026-03-03T03:27:11.096882+00:00,,ns_sld_exact,896,195,42690,653189,0.833,ok,,baseline
2026-03-03,expert,27132,false,czds_zone,2026-03-03T03:27:11.188396+00:00,,ns_sld_exact,1550,299,68619,1108876,0.99,ok,,baseline
2026-03-03,exposed,3003,false,czds_zone,2026-03-03T03:27:11.931493+00:00,,ns_sld_exact,256,29,8452,164277,0.397,ok,,baseline
2026-03-03,express,8638,false,czds_zone,2026-03-03T03:27:12.179478+00:00,,ns_sld_exact,577,169,21932,387060,0.595,ok,,baseline
2026-03-03,extraspace,18,false,czds_zone,2026-03-03T03:27:12.330208+00:00,,ns_sld_exact,1,4,72,2860,0.259,ok,,baseline
2026-03-03,fage,62,false,czds_zone,2026-03-03T03:27:12.590036+00:00,,ns_sld_exact,1,4,130,2762,0.188,ok,,baseline
2026-03-03,fail,4204,false,czds_zone,2026-03-03T03:27:12.775923+00:00,,ns_sld_exact,388,82,11781,242580,0.187,ok,,baseline
2026-03-03,fairwinds,14,false,czds_zone,2026-03-03T03:27:12.779551+00:00,,ns_sld_exact,1,9,62,5063,0.386,ok,,baseline
2026-03-03,faith,5143,false,czds_zone,2026-03-03T03:27:12.964066+00:00,,ns_sld_exact,299,26,13074,241771,0.197,ok,,baseline
2026-03-03,family,34639,false,czds_zone,2026-03-03T03:27:13.162012+00:00,,ns_sld_exact,5586,488,96972,2877781,1.185,ok,,baseline
2026-03-03,fan,7948,false,czds_zone,2026-03-03T03:27:13.167097+00:00,,ns_sld_exact,543,36,20095,357753,0.258,ok,,baseline
2026-03-03,fans,8473,false,czds_zone,2026-03-03T03:27:13.425689+00:00,,ns_sld_exact,1042,100,22402,579876,0.334,ok,,baseline
2026-03-03,farm,26053,false,czds_zone,2026-03-03T03:27:13.761142+00:00,,ns_sld_exact,2094,283,65794,1293346,0.82,ok,,baseline
2026-03-03,farmers,1,false,czds_zone,2026-03-03T03:27:14.347762+00:00,,ns_sld_exact,1,12,12,3621,0.106,ok,,baseline
2026-03-03,fashion,12108,false,czds_zone,2026-03-03T03:27:14.454990+00:00,,ns_sld_exact,503,26,30035,461415,0.401,ok,,baseline
2026-03-03,fedex,1,false,czds_zone,2026-03-03T03:27:14.582288+00:00,,ns_sld_exact,1,4,8,2200,0.135,ok,,baseline
2026-03-03,feedback,14639,false,czds_zone,2026-03-03T03:27:14.720313+00:00,,ns_sld_exact,26,2,29672,116746,0.311,ok,,baseline
2026-03-03,ferrari,1,false,czds_zone,2026-03-03T03:27:14.858750+00:00,,ns_sld_exact,1,4,8,2197,0.109,ok,,baseline
2026-03-03,ferrero,6,false,czds_zone,2026-03-03T03:27:14.971385+00:00,,ns_sld_exact,1,12,22,3700,0.112,ok,,baseline
2026-03-03,fidelity,1,false,czds_zone,2026-03-03T03:27:15.032467+00:00,,ns_sld_exact,0,4,8,1806,0.094,ok,,rolling
2026-03-03,fido,1,false,czds_zone,2026-03-03T03:27:15.084660+00:00,,ns_sld_exact,1,4,8,2200,0.103,ok,,baseline
2026-03-03,film,6720,false,czds_zone,2026-03-03T03:27:15.127654+00:00,,ns_sld_exact,194,23,17059,218373,0.221,ok,,baseline
2026-03-03,final,1,false,czds_zone,2026-03-03T03:27:15.188885+00:00,,ns_sld_exact,1,0,8,1163,0.143,ok,,baseline
2026-03-03,finance,33064,false,czds_zone,2026-03-03T03:27:15.333775+00:00,,ns_sld_exact,2255,205,80565,1459965,0.944,ok,,rolling
2026-03-03,financial,7826,false,czds_zone,2026-03-03T03:27:15.349188+00:00,,ns_sld_exact,469,58,20173,330528,0.38,ok,,baseline
2026-03-03,firestone,2,false,czds_zone,2026-03-03T03:27:15.730808+00:00,,ns_sld_exact,0,0,8,2499,0.106,ok,,baseline
2026-03-03,fish,5538,false,czds_zone,2026-03-03T03:27:15.841197+00:00,,ns_sld_exact,561,97,14983,332158,0.278,ok,,baseline
2026-03-03,fishing,2529,false,czds_zone,2026-03-03T03:27:16.120808+00:00,,ns_sld_exact,41,14,6001,63936,0.177,ok,,baseline
2026-03-03,fit,62858,false,czds_zone,2026-03-03T03:27:16.279071+00:00,,ns_sld_exact,1442,129,139047,1655863,1.307,ok,,baseline
2026-03-03,fitness,12633,false,czds_zone,2026-03-03T03:27:16.298528+00:00,,ns_sld_exact,867,92,32634,575246,0.528,ok,,baseline
2026-03-03,flickr,10,false,czds_zone,2026-03-03T03:27:16.828450+00:00,,ns_sld_exact,1,12,44,3971,0.101,ok,,baseline
2026-03-03,flights,2192,false,czds_zone,2026-03-03T03:27:16.931248+00:00,,ns_sld_exact,168,23,5817,111512,0.198,ok,,baseline
2026-03-03,florist,1719,false,czds_zone,2026-03-03T03:27:17.132533+00:00,,ns_sld_exact,69,11,4427,61806,0.169,ok,,rolling
2026-03-03,flowers,979,false,czds_zone,2026-03-03T03:27:17.308771+00:00,,ns_sld_exact,49,9,2443,107906,0.182,ok,,baseline
2026-03-03,fly,4,false,czds_zone,2026-03-03T03:27:17.498653+00:00,,ns_sld_exact,0,0,21,2498,0.106,ok,,baseline
2026-03-03,foo,3936,false,czds_zone,2026-03-03T03:27:17.587297+00:00,,ns_sld_exact,645,24,10533,964377,0.396,ok,,baseline
2026-03-03,food,26039,false,czds_zone,2026-03-03T03:27:17.606261+00:00,,ns_sld_exact,382,26,59887,480282,0.667,ok,,baseline
2026-03-03,football,5922,false,czds_zone,2026-03-03T03:27:17.984903+00:00,,ns_sld_exact,353,50,15262,253173,0.3,ok,,baseline
2026-03-03,forex,1290,false,czds_zone,2026-03-03T03:27:18.274605+00:00,,ns_sld_exact,54,21,3008,43455,0.176,ok,,baseline
2026-03-03,forsale,4621,false,czds_zone,2026-03-03T03:27:18.285976+00:00,,ns_sld_exact,156,40,11531,142015,0.234,ok,,baseline
2026-03-03,forum,61811,false,czds_zone,2026-03-03T03:27:18.452479+00:00,,ns_sld_exact,8598,37,130743,3295418,1.404,ok,,baseline
2026-03-03,foundation,31274,false,czds_zone,2026-03-03T03:27:18.521313+00:00,,ns_sld_exact,1996,165,77770,1354270,0.997,ok,,rolling
2026-03-03,fox,293,false,czds_zone,2026-03-03T03:27:19.519424+00:00,,ns_sld_exact,202,12,1842,104609,0.151,ok,,baseline
2026-03-03,fresenius,44,false,czds_zone,2026-03-03T03:27:19.672188+00:00,,ns_sld_exact,1,4,217,3202,0.104,ok,,baseline
2026-03-03,frl,10063,false,czds_zone,2026-03-03T03:27:19.778183+00:00,,ns_sld_exact,3578,35,24518,1108159,0.438,ok,,baseline
2026-03-03,frogans,5,false,czds_zone,2026-03-03T03:27:19.857402+00:00,,ns_sld_exact,1,8,24,2435,0.102,ok,,baseline
2026-03-03,frontier,1,false,czds_zone,2026-03-03T03:27:19.960780+00:00,,ns_sld_exact,1,12,12,3612,0.13,ok,,baseline
2026-03-03,ftr,2,false,czds_zone,2026-03-03T03:27:20.092430+00:00,,ns_sld_exact,1,12,15,3656,0.118,ok,,baseline
2026-03-03,fujitsu,5,false,czds_zone,2026-03-03T03:27:20.211945+00:00,,ns_sld_exact,0,0,28,3253,0.12,ok,,baseline
2026-03-03,fun,387344,false,czds_zone,2026-03-03T03:27:20.216733+00:00,,ns_sld_exact,12947,847,867110,11053283,8.007,ok,,baseline
2026-03-03,fund,21382,false,czds_zone,2026-03-03T03:27:20.333357+00:00,,ns_sld_exact,1108,97,51672,793489,0.714,ok,,baseline
2026-03-03,furniture,2381,false,czds_zone,2026-03-03T03:27:21.049038+00:00,,ns_sld_exact,180,24,6351,119414,0.187,ok,,baseline
2026-03-03,futbol,2747,false,czds_zone,2026-03-03T03:27:21.238033+00:00,,ns_sld_exact,141,38,6790,107193,0.22,ok,,rolling
2026-03-03,fyi,67788,false,czds_zone,2026-03-03T03:27:21.359529+00:00,,ns_sld_exact,3209,347,226088,2632137,2.557,ok,,baseline
2026-03-03,gal,7625,false,czds_zone,2026-03-03T03:27:21.459318+00:00,,ns_sld_exact,195,97,24331,1901562,0.846,ok,,baseline
2026-03-03,gallery,17685,false,czds_zone,2026-03-03T03:27:22.306019+00:00,,ns_sld_exact,1141,155,48044,799537,0.752,ok,,baseline
2026-03-03,gallo,1,false,czds_zone,2026-03-03T03:27:23.059285+00:00,,ns_sld_exact,1,4,8,2196,0.116,ok,,baseline
2026-03-03,gallup,1,false,czds_zone,2026-03-03T03:27:23.176626+00:00,,ns_sld_exact,1,4,8,2194,0.112,ok,,baseline
2026-03-03,game,7266,false,czds_zone,2026-03-03T03:27:23.290794+00:00,,ns_sld_exact,136,21,18149,767604,0.572,ok,,baseline
2026-03-03,games,61764,false,czds_zone,2026-03-03T03:27:23.864177+00:00,,ns_sld_exact,4773,563,153782,2988926,1.906,ok,,baseline
2026-03-03,gap,1,false,czds_zone,2026-03-03T03:27:23.921162+00:00,,ns_sld_exact,1,12,12,3602,0.099,ok,,baseline
2026-03-03,garden,9111,false,czds_zone,2026-03-03T03:27:24.021740+00:00,,ns_sld_exact,2327,27,21641,1251223,0.678,ok,,baseline
2026-03-03,gay,17579,false,czds_zone,2026-03-03T03:27:24.707929+00:00,,ns_sld_exact,1340,62,44013,948045,0.757,ok,,baseline
2026-03-03,gbiz,1,false,czds_zone,2026-03-03T03:27:25.466558+00:00,,ns_sld_exact,0,0,9,1821,0.125,ok,,baseline
2026-03-03,gea,19,false,czds_zone,2026-03-03T03:27:25.592988+00:00,,ns_sld_exact,1,0,84,7686,0.125,ok,,rolling
2026-03-03,gent,3701,false,czds_zone,2026-03-03T03:27:25.719420+00:00,,ns_sld_exact,1717,20,9425,506242,0.308,ok,,baseline
2026-03-03,genting,8,false,czds_zone,2026-03-03T03:27:25.772840+00:00,,ns_sld_exact,1,6,32,2458,0.127,ok,,baseline
2026-03-03,george,1,false,czds_zone,2026-03-03T03:27:25.902328+00:00,,ns_sld_exact,1,6,12,4189,0.126,ok,,rolling
2026-03-03,gift,4944,false,czds_zone,2026-03-03T03:27:26.029488+00:00,,ns_sld_exact,137,13,13700,129946,0.26,ok,,baseline
2026-03-03,gifts,4612,false,czds_zone,2026-03-03T03:27:26.032296+00:00,,ns_sld_exact,236,35,11741,180182,0.285,ok,,baseline
2026-03-03,gives,3914,false,czds_zone,2026-03-03T03:27:26.291495+00:00,,ns_sld_exact,230,33,9782,160821,0.223,ok,,rolling
2026-03-03,giving,1911,false,czds_zone,2026-03-03T03:27:26.319396+00:00,,ns_sld_exact,63,9,4709,59232,0.19,ok,,baseline
2026-03-03,glass,3559,false,czds_zone,2026-03-03T03:27:26.515011+00:00,,ns_sld_exact,292,58,9551,185788,0.234,ok,,baseline
2026-03-03,gle,21,false,czds_zone,2026-03-03T03:27:26.517573+00:00,,ns_sld_exact,0,0,89,6059,0.105,ok,,baseline
2026-03-03,global,65873,false,czds_zone,2026-03-03T03:27:26.623467+00:00,,ns_sld_exact,2658,668,160267,2200752,1.829,ok,,baseline
2026-03-03,globo,181,false,czds_zone,2026-03-03T03:27:26.750921+00:00,,ns_sld_exact,1,0,716,4767,0.117,ok,,baseline
2026-03-03,gmail,5,false,czds_zone,2026-03-03T03:27:26.869426+00:00,,ns_sld_exact,0,0,25,2690,0.114,ok,,baseline
2026-03-03,gmbh,33037,false,czds_zone,2026-03-03T03:27:26.986304+00:00,,ns_sld_exact,875,196,95765,960223,1.149,ok,,baseline
2026-03-03,gmx,478,false,czds_zone,2026-03-03T03:27:28.137410+00:00,,ns_sld_exact,4,0,1914,117717,0.179,ok,,rolling
2026-03-03,godaddy,111,false,czds_zone,2026-03-03T03:27:28.225139+00:00,,ns_sld_exact,3,19,256,6015,0.108,ok,,rolling
2026-03-03,gold,16934,false,czds_zone,2026-03-03T03:27:28.318233+00:00,,ns_sld_exact,562,147,38441,473119,0.496,ok,,baseline
2026-03-03,golf,16645,false,czds_zone,2026-03-03T03:27:28.334652+00:00,,ns_sld_exact,781,90,40121,590172,0.491,ok,,baseline
2026-03-03,goodyear,1,false,czds_zone,2026-03-03T03:27:28.453471+00:00,,ns_sld_exact,1,4,8,2206,0.111,ok,,baseline
2026-03-03,goog,452,false,czds_zone,2026-03-03T03:27:28.568427+00:00,,ns_sld_exact,22,20,1621,105508,0.152,ok,,baseline
2026-03-03,google,264,false,czds_zone,2026-03-03T03:27:28.722353+00:00,,ns_sld_exact,26,4,1061,64060,0.123,ok,,baseline
2026-03-03,gop,981,false,czds_zone,2026-03-03T03:27:28.815763+00:00,,ns_sld_exact,5,9,2557,24231,0.116,ok,,baseline
2026-03-03,gov,15345,false,czds_zone,2026-03-03T03:27:28.826132+00:00,,ns_sld_exact,2033,938,41660,465823,0.425,ok,,baseline
2026-03-03,grainger,5,false,czds_zone,2026-03-03T03:27:28.848654+00:00,,ns_sld_exact,1,12,24,3754,0.094,ok,,baseline
2026-03-03,graphics,5468,false,czds_zone,2026-03-03T03:27:28.932455+00:00,,ns_sld_exact,439,75,15080,283517,0.313,ok,,baseline
2026-03-03,gratis,3084,false,czds_zone,2026-03-03T03:27:28.944503+00:00,,ns_sld_exact,241,58,7873,158161,0.228,ok,,baseline
2026-03-03,green,8310,false,czds_zone,2026-03-03T03:27:29.173746+00:00,,ns_sld_exact,608,53,21073,398997,0.268,ok,,baseline
2026-03-03,gripe,1206,false,czds_zone,2026-03-03T03:27:29.247033+00:00,,ns_sld_exact,79,10,3498,57213,0.123,ok,,baseline
2026-03-03,grocery,1,false,czds_zone,2026-03-03T03:27:29.251727+00:00,,ns_sld_exact,1,6,12,3560,0.101,ok,,rolling
2026-03-03,group,118051,false,czds_zone,2026-03-03T03:27:29.353999+00:00,,ns_sld_exact,7553,1151,295346,4994326,2.804,ok,,baseline
2026-03-03,gucci,15,false,czds_zone,2026-03-03T03:27:29.371635+00:00,,ns_sld_exact,2,9,71,5758,0.108,ok,,baseline
2026-03-03,guge,1,false,czds_zone,2026-03-03T03:27:29.443029+00:00,,ns_sld_exact,0,0,9,1816,0.66,ok,,baseline
2026-03-03,guide,18804,false,czds_zone,2026-03-03T03:27:29.480903+00:00,,ns_sld_exact,1171,124,48940,818827,0.503,ok,,baseline
2026-03-03,guitars,600,false,czds_zone,2026-03-03T03:27:29.985208+00:00,,ns_sld_exact,18,4,1584,64589,0.149,ok,,baseline
2026-03-03,guru,53862,false,czds_zone,2026-03-03T03:27:30.104328+00:00,,ns_sld_exact,2036,716,123475,1715786,1.527,ok,,baseline
2026-03-03,hair,48804,false,czds_zone,2026-03-03T03:27:30.135774+00:00,,ns_sld_exact,3226,20,101421,2151071,1.409,ok,,baseline
2026-03-03,hamburg,15310,false,czds_zone,2026-03-03T03:27:31.550528+00:00,,ns_sld_exact,262,15,42991,384826,0.508,ok,,baseline
2026-03-03,hangout,1,false,czds_zone,2026-03-03T03:27:31.633359+00:00,,ns_sld_exact,0,0,9,1817,0.103,ok,,baseline
2026-03-03,haus,8170,false,czds_zone,2026-03-03T03:27:31.739372+00:00,,ns_sld_exact,750,162,22369,454816,0.402,ok,,baseline
2026-03-03,hbo,4,false,czds_zone,2026-03-03T03:27:32.059682+00:00,,ns_sld_exact,1,12,24,3740,0.104,ok,,baseline
2026-03-03,hdfc,1,false,czds_zone,2026-03-03T03:27:32.142343+00:00,,ns_sld_exact,1,4,8,2182,0.099,ok,,baseline
2026-03-03,hdfcbank,2,false,czds_zone,2026-03-03T03:27:32.159488+00:00,,ns_sld_exact,1,4,12,2235,0.102,ok,,baseline
2026-03-03,health,48397,false,czds_zone,2026-03-03T03:27:32.164699+00:00,,ns_sld_exact,2532,67,115334,1981085,1.318,ok,,baseline
2026-03-03,healthcare,9203,false,czds_zone,2026-03-03T03:27:32.241958+00:00,,ns_sld_exact,483,69,25217,374326,0.387,ok,,baseline
2026-03-03,help,145617,false,czds_zone,2026-03-03T03:27:32.262551+00:00,,ns_sld_exact,1841,1408,404899,2814999,3.574,ok,,baseline
2026-03-03,here,4,false,czds_zone,2026-03-03T03:27:32.631364+00:00,,ns_sld_exact,0,0,21,2460,0.114,ok,,baseline
2026-03-03,hermes,8,false,czds_zone,2026-03-03T03:27:32.747275+00:00,,ns_sld_exact,1,4,22,2284,0.11,ok,,baseline
2026-03-03,hiphop,1182,false,czds_zone,2026-03-03T03:27:32.859328+00:00,,ns_sld_exact,30,2,2921,29404,0.142,ok,,baseline
2026-03-03,hisamitsu,29,false,czds_zone,2026-03-03T03:27:33.002852+00:00,,ns_sld_exact,0,0,62,8301,0.118,ok,,baseline
2026-03-03,hiv,181,false,czds_zone,2026-03-03T03:27:33.122716+00:00,,ns_sld_exact,6,0,721,7138,0.121,ok,,baseline
2026-03-03,hkt,1,false,czds_zone,2026-03-03T03:27:33.244770+00:00,,ns_sld_exact,1,4,8,2189,0.103,ok,,baseline
2026-03-03,hockey,1744,false,czds_zone,2026-03-03T03:27:33.348989+00:00,,ns_sld_exact,98,15,4879,75004,0.172,ok,,baseline
2026-03-03,holdings,8802,false,czds_zone,2026-03-03T03:27:33.484277+00:00,,ns_sld_exact,710,67,23559,450590,0.4,ok,,baseline
2026-03-03,holiday,3953,false,czds_zone,2026-03-03T03:27:33.521833+00:00,,ns_sld_exact,181,21,10575,150076,0.238,ok,,baseline
2026-03-03,homedepot,1,false,czds_zone,2026-03-03T03:27:33.760716+00:00,,ns_sld_exact,1,4,8,2207,0.114,ok,,baseline
2026-03-03,homegoods,1,false,czds_zone,2026-03-03T03:27:33.876806+00:00,,ns_sld_exact,1,12,12,3622,0.148,ok,,baseline
2026-03-03,homes,78405,false,czds_zone,2026-03-03T03:27:33.885339+00:00,,ns_sld_exact,4763,90,183647,3176075,2.152,ok,,baseline
2026-03-03,homesense,1,false,czds_zone,2026-03-03T03:27:34.025858+00:00,,ns_sld_exact,1,12,12,3620,0.109,ok,,baseline
2026-03-03,honda,6,false,czds_zone,2026-03-03T03:27:34.136102+00:00,,ns_sld_exact,0,0,26,3516,0.117,ok,,baseline
2026-03-03,horse,4526,false,czds_zone,2026-03-03T03:27:34.254283+00:00,,ns_sld_exact,241,102,11444,201891,0.295,ok,,baseline
2026-03-03,hospital,1954,false,czds_zone,2026-03-03T03:27:34.550329+00:00,,ns_sld_exact,111,30,4967,82952,0.222,ok,,baseline
2026-03-03,host,22322,false,czds_zone,2026-03-03T03:27:34.774144+00:00,,ns_sld_exact,739,1224,51194,682376,0.665,ok,,baseline
2026-03-03,hosting,2282,false,czds_zone,2026-03-03T03:27:35.441700+00:00,,ns_sld_exact,162,249,6507,265026,0.286,ok,,baseline
2026-03-03,hotels,1,false,czds_zone,2026-03-03T03:27:35.729354+00:00,,ns_sld_exact,1,12,12,3602,0.112,ok,,baseline
2026-03-03,hotmail,19,false,czds_zone,2026-03-03T03:27:35.837173+00:00,,ns_sld_exact,1,9,88,5208,0.098,ok,,baseline
2026-03-03,house,24364,false,czds_zone,2026-03-03T03:27:35.842991+00:00,,ns_sld_exact,1922,287,61303,1196915,0.634,ok,,baseline
2026-03-03,how,3335,false,czds_zone,2026-03-03T03:27:35.935907+00:00,,ns_sld_exact,528,2,10066,813842,0.371,ok,,baseline
2026-03-03,hsbc,11,false,czds_zone,2026-03-03T03:27:36.038518+00:00,,ns_sld_exact,1,12,52,3867,0.094,ok,,baseline
2026-03-03,hughes,2,false,czds_zone,2026-03-03T03:27:36.134049+00:00,,ns_sld_exact,1,4,14,2241,0.101,ok,,baseline
2026-03-03,hyatt,22,false,czds_zone,2026-03-03T03:27:36.236407+00:00,,ns_sld_exact,1,12,138,4275,0.097,ok,,baseline
2026-03-03,hyundai,11,false,czds_zone,2026-03-03T03:27:36.308807+00:00,,ns_sld_exact,0,0,26,4471,0.095,ok,,baseline
2026-03-03,ibm,1,false,czds_zone,2026-03-03T03:27:36.335933+00:00,,ns_sld_exact,1,12,12,3584,0.108,ok,,baseline
2026-03-03,icbc,1,false,czds_zone,2026-03-03T03:27:36.405339+00:00,,ns_sld_exact,1,0,15,2187,0.104,ok,,baseline
2026-03-03,ice,10,false,czds_zone,2026-03-03T03:27:36.445413+00:00,,ns_sld_exact,0,4,80,2123,0.099,ok,,baseline
2026-03-03,icu,483555,false,czds_zone,2026-03-03T03:27:36.480186+00:00,,ns_sld_exact,6079,1597,1053004,9084315,8.273,ok,,baseline
2026-03-03,ieee,6,false,czds_zone,2026-03-03T03:27:36.510944+00:00,,ns_sld_exact,1,9,31,4819,0.092,ok,,baseline
2026-03-03,ifm,78,false,czds_zone,2026-03-03T03:27:36.545764+00:00,,ns_sld_exact,1,0,226,20758,0.577,ok,,baseline
2026-03-03,ikano,29,false,czds_zone,2026-03-03T03:27:36.603933+00:00,,ns_sld_exact,1,0,113,3073,0.108,ok,,baseline
2026-03-03,imamat,4,false,czds_zone,2026-03-03T03:27:36.713324+00:00,,ns_sld_exact,1,4,14,2259,0.105,ok,,baseline
2026-03-03,immo,21108,false,czds_zone,2026-03-03T03:27:36.819595+00:00,,ns_sld_exact,2907,85,56373,1538243,0.838,ok,,baseline
2026-03-03,immobilien,7479,false,czds_zone,2026-03-03T03:27:37.131152+00:00,,ns_sld_exact,146,15,21369,192864,0.376,ok,,baseline
2026-03-03,inc,6899,false,czds_zone,2026-03-03T03:27:37.508683+00:00,,ns_sld_exact,195,21,17845,200456,0.517,ok,,baseline
2026-03-03,industries,6992,false,czds_zone,2026-03-03T03:27:37.659068+00:00,,ns_sld_exact,771,90,19375,447177,0.403,ok,,baseline
2026-03-03,info,5171743,false,czds_zone,2026-03-03T03:27:38.026230+00:00,,ns_sld_exact,257824,134392,12824197,189726054,117.381,ok,,baseline
2026-03-03,ing,19034,false,czds_zone,2026-03-03T03:27:38.063781+00:00,,ns_sld_exact,964,72,46910,4134804,1.588,ok,,baseline
2026-03-03,ink,102481,false,czds_zone,2026-03-03T03:27:39.653873+00:00,,ns_sld_exact,3686,850,224424,3321623,2.457,ok,,baseline
2026-03-03,institute,18254,false,czds_zone,2026-03-03T03:27:42.112051+00:00,,ns_sld_exact,1083,141,45693,760956,0.673,ok,,baseline
2026-03-03,insure,6086,false,czds_zone,2026-03-03T03:27:42.786398+00:00,,ns_sld_exact,263,72,15982,218869,0.39,ok,,baseline
2026-03-03,international,26087,false,czds_zone,2026-03-03T03:27:43.177588+00:00,,ns_sld_exact,1651,251,67311,1143902,0.97,ok,,baseline
2026-03-03,intuit,1,false,czds_zone,2026-03-03T03:27:44.148841+00:00,,ns_sld_exact,1,8,12,3547,0.118,ok,,baseline
2026-03-03,investments,7217,false,czds_zone,2026-03-03T03:27:44.268283+00:00,,ns_sld_exact,590,32,18420,368505,0.377,ok,,baseline
2026-03-03,ipiranga,38,false,czds_zone,2026-03-03T03:27:44.646049+00:00,,ns_sld_exact,1,8,112,4413,0.144,ok,,baseline
2026-03-03,irish,23293,false,czds_zone,2026-03-03T03:27:44.754399+00:00,,ns_sld_exact,270,31,48906,443407,0.514,ok,,baseline
2026-03-03,ismaili,34,false,czds_zone,2026-03-03T03:27:44.792976+00:00,,ns_sld_exact,1,4,79,2671,0.1,ok,,baseline
2026-03-03,ist,7656,false,czds_zone,2026-03-03T03:27:44.894721+00:00,,ns_sld_exact,120,159,17784,170096,0.272,ok,,baseline
2026-03-03,istanbul,4962,false,czds_zone,2026-03-03T03:27:45.170191+00:00,,ns_sld_exact,23,105,11339,87354,0.189,ok,,baseline
2026-03-03,itv,41,false,czds_zone,2026-03-03T03:27:45.269543+00:00,,ns_sld_exact,2,4,94,3307,0.287,ok,,baseline
2026-03-03,jaguar,4,false,czds_zone,2026-03-03T03:27:45.360859+00:00,,ns_sld_exact,0,4,24,1913,0.099,ok,,baseline
2026-03-03,java,8,false,czds_zone,2026-03-03T03:27:45.461880+00:00,,ns_sld_exact,1,4,40,2410,0.106,ok,,baseline
2026-03-03,jeep,1,false,czds_zone,2026-03-03T03:27:45.557650+00:00,,ns_sld_exact,1,4,8,2183,0.098,ok,,baseline
2026-03-03,jetzt,11102,false,czds_zone,2026-03-03T03:27:45.568966+00:00,,ns_sld_exact,409,55,30854,373978,0.396,ok,,baseline
2026-03-03,jewelry,3915,false,czds_zone,2026-03-03T03:27:45.656827+00:00,,ns_sld_exact,187,20,10348,148204,0.259,ok,,baseline
2026-03-03,jio,29,false,czds_zone,2026-03-03T03:27:45.917640+00:00,,ns_sld_exact,1,32,113,3091,0.111,ok,,rolling
2026-03-03,jll,11,false,czds_zone,2026-03-03T03:27:45.967214+00:00,,ns_sld_exact,1,4,56,2493,0.109,ok,,baseline
2026-03-03,jnj,130,false,czds_zone,2026-03-03T03:27:46.030377+00:00,,ns_sld_exact,1,4,1023,6780,0.115,ok,,baseline
2026-03-03,jobs,10797,false,czds_zone,2026-03-03T03:27:46.077446+00:00,,ns_sld_exact,202,23,31818,360994,0.389,ok,,baseline
2026-03-03,jpmorgan,74,false,czds_zone,2026-03-03T03:27:46.146847+00:00,,ns_sld_exact,2,8,350,5843,0.108,ok,,baseline
2026-03-03,jprs,30,false,czds_zone,2026-03-03T03:27:46.256426+00:00,,ns_sld_exact,19,84,107,10725,0.107,ok,,baseline
2026-03-03,juegos,475,false,czds_zone,2026-03-03T03:27:46.365114+00:00,,ns_sld_exact,13,23,1585,13926,0.127,ok,,baseline
2026-03-03,juniper,1,false,czds_zone,2026-03-03T03:27:46.467815+00:00,,ns_sld_exact,1,4,8,2198,0.117,ok,,baseline
2026-03-03,kaufen,4677,false,czds_zone,2026-03-03T03:27:46.495631+00:00,,ns_sld_exact,85,10,13201,122421,0.23,ok,,baseline
2026-03-03,kerryhotels,1,false,czds_zone,2026-03-03T03:27:46.586315+00:00,,ns_sld_exact,0,4,8,1817,0.106,ok,,baseline
2026-03-03,kerryproperties,1,false,czds_zone,2026-03-03T03:27:46.694146+00:00,,ns_sld_exact,0,4,8,1818,0.112,ok,,baseline
2026-03-03,kfh,94,false,czds_zone,2026-03-03T03:27:46.727048+00:00,,ns_sld_exact,1,4,468,4222,0.117,ok,,rolling
2026-03-03,kia,3,false,czds_zone,2026-03-03T03:27:46.807974+00:00,,ns_sld_exact,0,0,10,2706,0.1,ok,,baseline
2026-03-03,kids,6219,false,czds_zone,2026-03-03T03:27:46.845901+00:00,,ns_sld_exact,170,25,15592,173401,0.272,ok,,baseline
2026-03-03,kim,7954,false,czds_zone,2026-03-03T03:27:46.909596+00:00,,ns_sld_exact,346,168,18850,270045,0.304,ok,,baseline
2026-03-03,kitchen,7430,false,czds_zone,2026-03-03T03:27:47.119463+00:00,,ns_sld_exact,484,54,19313,329593,0.339,ok,,baseline
2026-03-03,koeln,17362,false,czds_zone,2026-03-03T03:27:47.214154+00:00,,ns_sld_exact,284,26,52689,439931,0.575,ok,,baseline
2026-03-03,komatsu,85,false,czds_zone,2026-03-03T03:27:47.460017+00:00,,ns_sld_exact,0,0,338,21585,0.116,ok,,baseline
2026-03-03,kosher,1,false,czds_zone,2026-03-03T03:27:47.577468+00:00,,ns_sld_exact,1,4,8,2194,0.108,ok,,baseline
2026-03-03,kpmg,17,false,czds_zone,2026-03-03T03:27:47.688770+00:00,,ns_sld_exact,1,12,65,4034,0.112,ok,,baseline
2026-03-03,krd,1753,false,czds_zone,2026-03-03T03:27:47.791168+00:00,,ns_sld_exact,26,20,3879,41870,0.151,ok,,baseline
2026-03-03,kred,1642,false,czds_zone,2026-03-03T03:27:47.802588+00:00,,ns_sld_exact,0,4,2796,24034,0.117,ok,,baseline
2026-03-03,kuokgroup,1,false,czds_zone,2026-03-03T03:27:47.920605+00:00,,ns_sld_exact,0,4,8,1796,0.11,ok,,baseline
2026-03-03,lacaixa,1,false,czds_zone,2026-03-03T03:27:47.946101+00:00,,ns_sld_exact,1,0,6,2242,0.114,ok,,baseline
2026-03-03,lamborghini,246,false,czds_zone,2026-03-03T03:27:48.032005+00:00,,ns_sld_exact,1,4,988,10580,0.107,ok,,baseline
2026-03-03,lamer,1,false,czds_zone,2026-03-03T03:27:48.061368+00:00,,ns_sld_exact,1,4,8,2198,0.105,ok,,baseline
2026-03-03,land,20830,false,czds_zone,2026-03-03T03:27:48.140315+00:00,,ns_sld_exact,1687,311,52792,1050737,0.684,ok,,baseline
2026-03-03,landrover,4,false,czds_zone,2026-03-03T03:27:48.167259+00:00,,ns_sld_exact,0,4,24,1914,0.108,ok,,baseline
2026-03-03,lanxess,24,false,czds_zone,2026-03-03T03:27:48.277376+00:00,,ns_sld_exact,1,12,60,3942,0.115,ok,,baseline
2026-03-03,lasalle,1,false,czds_zone,2026-03-03T03:27:48.393919+00:00,,ns_sld_exact,1,4,8,2200,0.112,ok,,baseline
2026-03-03,lat,125274,false,czds_zone,2026-03-03T03:27:48.507013+00:00,,ns_sld_exact,7008,532,272838,4762614,3.459,ok,,baseline
2026-03-03,latino,1,false,czds_zone,2026-03-03T03:27:48.825718+00:00,,ns_sld_exact,1,0,6,1276,0.11,ok,,baseline
2026-03-03,latrobe,27,false,czds_zone,2026-03-03T03:27:48.937078+00:00,,ns_sld_exact,1,12,64,3966,0.126,ok,,rolling
2026-03-03,law,24436,false,czds_zone,2026-03-03T03:27:49.064371+00:00,,ns_sld_exact,682,41,57606,718248,0.762,ok,,baseline
2026-03-03,lawyer,8189,false,czds_zone,2026-03-03T03:27:49.827640+00:00,,ns_sld_exact,495,43,20787,345970,0.384,ok,,baseline
2026-03-03,lds,1,false,czds_zone,2026-03-03T03:27:50.213274+00:00,,ns_sld_exact,1,4,8,2189,0.112,ok,,baseline
2026-03-03,lease,1883,false,czds_zone,2026-03-03T03:27:50.328339+00:00,,ns_sld_exact,160,12,4946,100193,0.18,ok,,rolling
2026-03-03,leclerc,1177,false,czds_zone,2026-03-03T03:27:50.510258+00:00,,ns_sld_exact,1,0,2991,15608,0.137,ok,,baseline
2026-03-03,lefrak,1,false,czds_zone,2026-03-03T03:27:50.648814+00:00,,ns_sld_exact,0,4,8,1790,0.114,ok,,baseline
2026-03-03,legal,21316,false,czds_zone,2026-03-03T03:27:50.764381+00:00,,ns_sld_exact,1547,165,56657,1013173,0.801,ok,,baseline
2026-03-03,lego,2,false,czds_zone,2026-03-03T03:27:51.566699+00:00,,ns_sld_exact,0,6,14,1878,0.114,ok,,baseline
2026-03-03,lexus,10,false,czds_zone,2026-03-03T03:27:51.682595+00:00,,ns_sld_exact,0,0,30,4352,0.106,ok,,baseline
2026-03-03,lgbt,12145,false,czds_zone,2026-03-03T03:27:51.789793+00:00,,ns_sld_exact,229,50,26247,229517,0.375,ok,,baseline
2026-03-03,lidl,126,false,czds_zone,2026-03-03T03:27:51.967095+00:00,,ns_sld_exact,1,4,383,3075,0.113,ok,,baseline
2026-03-03,life,380184,false,czds_zone,2026-03-03T03:27:52.082687+00:00,,ns_sld_exact,9574,4337,878908,9614596,9.27,ok,,baseline
2026-03-03,lifeinsurance,1,false,czds_zone,2026-03-03T03:27:52.166589+00:00,,ns_sld_exact,1,12,12,3633,0.105,ok,,rolling
2026-03-03,lifestyle,11530,false,czds_zone,2026-03-03T03:27:52.274726+00:00,,ns_sld_exact,384,4,24198,313468,0.402,ok,,baseline
2026-03-03,lighting,5461,false,czds_zone,2026-03-03T03:27:52.678951+00:00,,ns_sld_exact,343,45,14140,238523,0.294,ok,,baseline
2026-03-03,lilly,9,false,czds_zone,2026-03-03T03:27:52.974049+00:00,,ns_sld_exact,1,12,36,3906,0.104,ok,,baseline
2026-03-03,limited,6846,false,czds_zone,2026-03-03T03:27:53.080025+00:00,,ns_sld_exact,490,136,18681,334619,0.405,ok,,baseline
2026-03-03,limo,2202,false,czds_zone,2026-03-03T03:27:53.486305+00:00,,ns_sld_exact,79,24,5310,71794,0.179,ok,,baseline
2026-03-03,link,280752,false,czds_zone,2026-03-03T03:27:53.666392+00:00,,ns_sld_exact,32885,6561,745442,14405192,10.469,ok,,baseline
2026-03-03,live,548017,false,czds_zone,2026-03-03T03:28:01.358356+00:00,,ns_sld_exact,15157,7187,1320775,15155024,14.019,ok,,baseline
2026-03-03,living,5982,false,czds_zone,2026-03-03T03:28:04.136443+00:00,,ns_sld_exact,163,6,12959,137224,0.253,ok,,rolling
2026-03-03,llc,47833,false,czds_zone,2026-03-03T03:28:04.390728+00:00,,ns_sld_exact,7713,425,126114,3880342,2.351,ok,,baseline
2026-03-03,loan,71125,false,czds_zone,2026-03-03T03:28:06.743936+00:00,,ns_sld_exact,374,32,145327,856902,1.424,ok,,baseline
2026-03-03,loans,7321,false,czds_zone,2026-03-03T03:28:08.169483+00:00,,ns_sld_exact,149,24,17988,172515,0.286,ok,,baseline
2026-03-03,locker,23466,false,czds_zone,2026-03-03T03:28:08.457362+00:00,,ns_sld_exact,102,6,47394,237724,0.727,ok,,rolling
2026-03-03,locus,21,false,czds_zone,2026-03-03T03:28:09.185910+00:00,,ns_sld_exact,1,9,90,5511,0.106,ok,,baseline
2026-03-03,lol,294308,false,czds_zone,2026-03-03T03:28:09.293062+00:00,,ns_sld_exact,19531,431,630882,32262823,15.622,ok,,baseline
2026-03-03,london,34926,false,czds_zone,2026-03-03T03:28:15.378910+00:00,,ns_sld_exact,816,74,88344,942806,1.378,ok,,baseline
2026-03-03,lotto,104,false,czds_zone,2026-03-03T03:28:16.758427+00:00,,ns_sld_exact,4,4,320,5608,0.275,ok,,baseline
2026-03-03,love,67079,false,czds_zone,2026-03-03T03:28:17.033973+00:00,,ns_sld_exact,2675,52,166313,1856163,2.018,ok,,baseline
2026-03-03,ltd,111330,false,czds_zone,2026-03-03T03:28:19.052869+00:00,,ns_sld_exact,3584,1083,254976,3163559,2.698,ok,,baseline
2026-03-03,ltda,528,false,czds_zone,2026-03-03T03:28:21.755565+00:00,,ns_sld_exact,5,11,1634,13751,0.288,ok,,baseline
2026-03-03,lundbeck,272,false,czds_zone,2026-03-03T03:28:22.045078+00:00,,ns_sld_exact,0,4,550,4274,0.352,ok,,rolling
2026-03-03,luxe,8905,false,czds_zone,2026-03-03T03:28:22.398273+00:00,,ns_sld_exact,186,12,19790,230210,0.554,ok,,baseline
2026-03-03,luxury,3960,false,czds_zone,2026-03-03T03:28:22.959192+00:00,,ns_sld_exact,237,8,10216,185152,0.504,ok,,baseline
2026-03-03,madrid,3271,false,czds_zone,2026-03-03T03:28:23.478254+00:00,,ns_sld_exact,39,5,9067,808682,0.713,ok,,baseline
2026-03-03,maif,6,false,czds_zone,2026-03-03T03:28:24.192352+00:00,,ns_sld_exact,1,6,22,2341,0.285,ok,,baseline
2026-03-03,maison,1364,false,czds_zone,2026-03-03T03:28:24.479995+00:00,,ns_sld_exact,152,9,3918,90452,0.373,ok,,baseline
2026-03-03,makeup,107354,false,czds_zone,2026-03-03T03:28:24.854542+00:00,,ns_sld_exact,1146,22,218216,1563078,1.937,ok,,baseline
2026-03-03,man,204,false,czds_zone,2026-03-03T03:28:24.916344+00:00,,ns_sld_exact,1,0,623,51603,0.369,ok,,baseline
2026-03-03,management,12180,false,czds_zone,2026-03-03T03:28:25.287100+00:00,,ns_sld_exact,1153,64,33123,701569,1.029,ok,,baseline
2026-03-03,mango,50,false,czds_zone,2026-03-03T03:28:26.319691+00:00,,ns_sld_exact,1,0,202,13445,0.266,ok,,rolling
2026-03-03,map,1,false,czds_zone,2026-03-03T03:28:26.586582+00:00,,ns_sld_exact,0,0,9,1816,0.272,ok,,baseline
2026-03-03,market,18364,false,czds_zone,2026-03-03T03:28:26.792496+00:00,,ns_sld_exact,1030,278,47456,741225,0.924,ok,,baseline
2026-03-03,marketing,27264,false,czds_zone,2026-03-03T03:28:26.860170+00:00,,ns_sld_exact,1643,351,68927,1142406,1.19,ok,,baseline
2026-03-03,markets,5247,false,czds_zone,2026-03-03T03:28:27.721541+00:00,,ns_sld_exact,278,56,12551,196901,0.479,ok,,baseline
2026-03-03,marriott,54,false,czds_zone,2026-03-03T03:28:28.051546+00:00,,ns_sld_exact,1,4,203,3988,0.268,ok,,baseline
2026-03-03,marshalls,1,false,czds_zone,2026-03-03T03:28:28.202324+00:00,,ns_sld_exact,1,12,12,3623,0.268,ok,,baseline
2026-03-03,mattel,6,false,czds_zone,2026-03-03T03:28:28.320652+00:00,,ns_sld_exact,1,12,32,3756,0.321,ok,,baseline
2026-03-03,mba,4777,false,czds_zone,2026-03-03T03:28:28.471199+00:00,,ns_sld_exact,224,34,11407,170324,0.547,ok,,baseline
2026-03-03,mckinsey,1,false,czds_zone,2026-03-03T03:28:28.642740+00:00,,ns_sld_exact,1,4,8,2209,0.346,ok,,baseline
2026-03-03,med,2472,false,czds_zone,2026-03-03T03:28:28.990439+00:00,,ns_sld_exact,16,9,6678,53840,0.319,ok,,baseline
2026-03-03,media,85811,false,czds_zone,2026-03-03T03:28:29.019619+00:00,,ns_sld_exact,5420,1310,215079,3680557,2.572,ok,,baseline
2026-03-03,meet,50,false,czds_zone,2026-03-03T03:28:29.310745+00:00,,ns_sld_exact,0,0,205,12055,0.26,ok,,baseline
2026-03-03,melbourne,5046,false,czds_zone,2026-03-03T03:28:29.572492+00:00,,ns_sld_exact,32,23,12871,108810,0.539,ok,,baseline
2026-03-03,meme,6155,false,czds_zone,2026-03-03T03:28:30.112827+00:00,,ns_sld_exact,288,19,14447,1335851,1.254,ok,,baseline
2026-03-03,memorial,806,false,czds_zone,2026-03-03T03:28:31.368315+00:00,,ns_sld_exact,51,6,2203,39017,0.287,ok,,baseline
2026-03-03,men,11668,false,czds_zone,2026-03-03T03:28:31.593443+00:00,,ns_sld_exact,643,62,26588,496789,0.659,ok,,baseline
2026-03-03,menu,5290,false,czds_zone,2026-03-03T03:28:31.657144+00:00,,ns_sld_exact,134,45,14227,168621,0.527,ok,,baseline
2026-03-03,merckmsd,1,false,czds_zone,2026-03-03T03:28:32.189007+00:00,,ns_sld_exact,1,7,12,3511,0.267,ok,,baseline
2026-03-03,miami,12839,false,czds_zone,2026-03-03T03:28:32.254026+00:00,,ns_sld_exact,209,34,28864,301810,0.61,ok,,baseline
2026-03-03,microsoft,83,false,czds_zone,2026-03-03T03:28:32.457325+00:00,,ns_sld_exact,8,9,351,11513,0.265,ok,,baseline
2026-03-03,mini,79,false,czds_zone,2026-03-03T03:28:32.725158+00:00,,ns_sld_exact,1,4,389,4013,0.267,ok,,baseline
2026-03-03,mint,1,false,czds_zone,2026-03-03T03:28:32.865530+00:00,,ns_sld_exact,1,8,12,3551,0.27,ok,,baseline
2026-03-03,mit,3,false,czds_zone,2026-03-03T03:28:32.993519+00:00,,ns_sld_exact,1,4,24,2283,0.265,ok,,baseline
2026-03-03,mitsubishi,1,false,czds_zone,2026-03-03T03:28:33.136796+00:00,,ns_sld_exact,0,0,6,2265,0.262,ok,,baseline
2026-03-03,mlb,46,false,czds_zone,2026-03-03T03:28:33.259509+00:00,,ns_sld_exact,1,12,342,5228,0.259,ok,,baseline
2026-03-03,mls,1,false,czds_zone,2026-03-03T03:28:33.400060+00:00,,ns_sld_exact,1,4,8,2563,0.272,ok,,rolling
2026-03-03,mma,1612,false,czds_zone,2026-03-03T03:28:33.519662+00:00,,ns_sld_exact,1,0,6449,29899,0.314,ok,,baseline
2026-03-03,mobi,404993,false,czds_zone,2026-03-03T03:28:33.673586+00:00,,ns_sld_exact,23126,2367,938889,14933216,9.708,ok,,baseline
2026-03-03,mobile,3641,false,czds_zone,2026-03-03T03:28:33.834810+00:00,,ns_sld_exact,123,0,9739,93949,0.512,ok,,baseline
2026-03-03,moda,2265,false,czds_zone,2026-03-03T03:28:34.348320+00:00,,ns_sld_exact,113,33,6241,90350,0.456,ok,,baseline
2026-03-03,moe,16543,false,czds_zone,2026-03-03T03:28:34.805470+00:00,,ns_sld_exact,1696,217,41340,1092683,1.277,ok,,baseline
2026-03-03,mom,51254,false,czds_zone,2026-03-03T03:28:36.084191+00:00,,ns_sld_exact,3222,225,111070,5704728,3.588,ok,,baseline
2026-03-03,monash,64,false,czds_zone,2026-03-03T03:28:39.673112+00:00,,ns_sld_exact,1,12,217,4723,0.273,ok,,baseline
2026-03-03,money,20507,false,czds_zone,2026-03-03T03:28:39.947728+00:00,,ns_sld_exact,1104,174,49216,775516,1.075,ok,,baseline
2026-03-03,monster,31068,false,czds_zone,2026-03-03T03:28:41.026150+00:00,,ns_sld_exact,1281,449,72111,861534,1.258,ok,,rolling
2026-03-03,mormon,1,false,czds_zone,2026-03-03T03:28:42.289379+00:00,,ns_sld_exact,1,4,8,2190,0.273,ok,,baseline
2026-03-03,mortgage,3908,false,czds_zone,2026-03-03T03:28:42.567429+00:00,,ns_sld_exact,160,23,10266,136233,0.465,ok,,baseline
2026-03-03,moto,1,false,czds_zone,2026-03-03T03:28:43.037798+00:00,,ns_sld_exact,1,8,12,3551,0.285,ok,,baseline
2026-03-03,motorcycles,14188,false,czds_zone,2026-03-03T03:28:43.324319+00:00,,ns_sld_exact,1449,8,29185,784912,0.92,ok,,baseline
2026-03-03,mov,6105,false,czds_zone,2026-03-03T03:28:43.382589+00:00,,ns_sld_exact,460,2,15972,1371748,0.958,ok,,baseline
2026-03-03,movie,4209,false,czds_zone,2026-03-03T03:28:44.245753+00:00,,ns_sld_exact,119,24,13072,136653,0.478,ok,,baseline
2026-03-03,msd,1,false,czds_zone,2026-03-03T03:28:44.345127+00:00,,ns_sld_exact,1,6,12,3480,0.263,ok,,baseline
2026-03-03,mtn,5,false,czds_zone,2026-03-03T03:28:44.609304+00:00,,ns_sld_exact,1,9,28,4796,0.337,ok,,baseline
2026-03-03,mtr,3,false,czds_zone,2026-03-03T03:28:44.725449+00:00,,ns_sld_exact,1,6,10,2591,0.275,ok,,baseline
2026-03-03,museum,1036,false,czds_zone,2026-03-03T03:28:44.947744+00:00,,ns_sld_exact,116,4,2953,55714,0.359,ok,,baseline
2026-03-03,music,7050,false,czds_zone,2026-03-03T03:28:45.001596+00:00,,ns_sld_exact,166,3,19469,174577,0.543,ok,,baseline
2026-03-03,nab,4,false,czds_zone,2026-03-03T03:28:45.308216+00:00,,ns_sld_exact,0,4,14,1847,0.273,ok,,baseline
2026-03-03,navy,1144,false,czds_zone,2026-03-03T03:28:45.545499+00:00,,ns_sld_exact,133,24,3119,77782,0.344,ok,,baseline
2026-03-03,nba,1,false,czds_zone,2026-03-03T03:28:45.582243+00:00,,ns_sld_exact,1,12,12,3601,0.272,ok,,baseline
2026-03-03,nec,7,false,czds_zone,2026-03-03T03:28:45.855595+00:00,,ns_sld_exact,0,0,18,3577,0.267,ok,,baseline
2026-03-03,netbank,5,false,czds_zone,2026-03-03T03:28:45.891180+00:00,,ns_sld_exact,1,12,26,3794,0.259,ok,,baseline
2026-03-03,netflix,1,false,czds_zone,2026-03-03T03:28:46.124412+00:00,,ns_sld_exact,1,8,12,3565,0.263,ok,,baseline
2026-03-03,network,73258,false,czds_zone,2026-03-03T03:28:46.151806+00:00,,ns_sld_exact,6765,3184,184427,4063549,1.997,ok,,baseline
2026-03-03,neustar,677,false,czds_zone,2026-03-03T03:28:46.388799+00:00,,ns_sld_exact,3,13,4056,20375,0.279,ok,,baseline
2026-03-03,new,2124,false,czds_zone,2026-03-03T03:28:46.669114+00:00,,ns_sld_exact,218,2,6160,496046,0.796,ok,,baseline
2026-03-03,news,71726,false,czds_zone,2026-03-03T03:28:47.466661+00:00,,ns_sld_exact,3069,1190,181921,2513316,2.065,ok,,baseline
2026-03-03,next,18,false,czds_zone,2026-03-03T03:28:48.150662+00:00,,ns_sld_exact,0,4,50,2087,0.28,ok,,baseline
2026-03-03,nextdirect,2,false,czds_zone,2026-03-03T03:28:48.432541+00:00,,ns_sld_exact,0,4,10,1831,0.272,ok,,baseline
2026-03-03,nexus,3805,false,czds_zone,2026-03-03T03:28:48.706058+00:00,,ns_sld_exact,673,10,9403,930188,0.836,ok,,baseline
2026-03-03,nfl,2,false,czds_zone,2026-03-03T03:28:49.532865+00:00,,ns_sld_exact,1,8,14,3567,0.263,ok,,baseline
2026-03-03,ngo,4694,false,czds_zone,2026-03-03T03:28:49.543033+00:00,,ns_sld_exact,122,94,11943,135456,0.532,ok,,baseline
2026-03-03,nikon,1,false,czds_zone,2026-03-03T03:28:49.797571+00:00,,ns_sld_exact,0,4,8,1790,0.264,ok,,baseline
2026-03-03,ninja,25113,false,czds_zone,2026-03-03T03:28:50.063104+00:00,,ns_sld_exact,2071,815,71438,1375297,1.014,ok,,baseline
2026-03-03,nissay,1,false,czds_zone,2026-03-03T03:28:50.076512+00:00,,ns_sld_exact,1,6,12,2255,0.268,ok,,baseline
2026-03-03,nokia,4,false,czds_zone,2026-03-03T03:28:50.346041+00:00,,ns_sld_exact,1,4,26,2270,0.29,ok,,baseline
2026-03-03,norton,1,false,czds_zone,2026-03-03T03:28:50.637313+00:00,,ns_sld_exact,1,7,12,4045,0.259,ok,,rolling
2026-03-03,nowruz,10,false,czds_zone,2026-03-03T03:28:50.897478+00:00,,ns_sld_exact,1,1,39,4769,0.272,ok,,baseline
2026-03-03,nowtv,1,false,czds_zone,2026-03-03T03:28:51.078425+00:00,,ns_sld_exact,1,4,8,2187,0.281,ok,,baseline
2026-03-03,nra,129,false,czds_zone,2026-03-03T03:28:51.170527+00:00,,ns_sld_exact,1,4,395,4217,0.265,ok,,baseline
2026-03-03,nrw,17957,false,czds_zone,2026-03-03T03:28:51.360847+00:00,,ns_sld_exact,2416,29,55740,4931855,2.26,ok,,baseline
2026-03-03,ntt,16,false,czds_zone,2026-03-03T03:28:51.436706+00:00,,ns_sld_exact,4,8,59,4003,0.277,ok,,baseline
2026-03-03,nyc,58087,false,czds_zone,2026-03-03T03:28:51.714709+00:00,,ns_sld_exact,580,104,134725,1174622,1.619,ok,,baseline
2026-03-03,obi,1,false,czds_zone,2026-03-03T03:28:53.334755+00:00,,ns_sld_exact,1,4,8,2190,0.273,ok,,baseline
2026-03-03,observer,3036,false,czds_zone,2026-03-03T03:28:53.609197+00:00,,ns_sld_exact,158,35,7358,95722,0.412,ok,,baseline
2026-03-03,office,5,false,czds_zone,2026-03-03T03:28:53.622496+00:00,,ns_sld_exact,1,9,32,4909,0.258,ok,,baseline
2026-03-03,olayan,2,false,czds_zone,2026-03-03T03:28:53.881939+00:00,,ns_sld_exact,1,12,14,3605,0.283,ok,,baseline
2026-03-03,olayangroup,2,false,czds_zone,2026-03-03T03:28:54.022688+00:00,,ns_sld_exact,1,12,14,3638,0.257,ok,,baseline
2026-03-03,ollo,1,false,czds_zone,2026-03-03T03:28:54.166307+00:00,,ns_sld_exact,1,0,6,1286,0.262,ok,,baseline
2026-03-03,omega,3,false,czds_zone,2026-03-03T03:28:54.280720+00:00,,ns_sld_exact,1,9,24,4785,0.273,ok,,baseline
2026-03-03,one,224503,false,czds_zone,2026-03-03T03:28:54.430237+00:00,,ns_sld_exact,39803,1153,532162,22408501,9.55,ok,,rolling
2026-03-03,ong,2168,false,czds_zone,2026-03-03T03:28:54.555530+00:00,,ns_sld_exact,45,37,5877,60907,0.461,ok,,baseline
2026-03-03,online,3243899,false,czds_zone,2026-03-03T03:28:55.018581+00:00,,ns_sld_exact,108899,10390,7548653,99338631,77.301,ok,,baseline
2026-03-03,ooo,13772,false,czds_zone,2026-03-03T03:29:03.981349+00:00,,ns_sld_exact,2191,85,38090,1124769,1.162,ok,,baseline
2026-03-03,open,1,false,czds_zone,2026-03-03T03:29:05.144808+00:00,,ns_sld_exact,1,12,12,3613,0.261,ok,,baseline
2026-03-03,oracle,3,false,czds_zone,2026-03-03T03:29:05.409542+00:00,,ns_sld_exact,1,4,20,2278,0.261,ok,,baseline
2026-03-03,orange,12,false,czds_zone,2026-03-03T03:29:05.676090+00:00,,ns_sld_exact,5,8,47,4085,0.445,ok,,baseline
2026-03-03,org,11669381,false,czds_zone,2026-03-03T03:29:06.122773+00:00,,ns_sld_exact,592563,387595,29470557,448409603,301.317,ok,,baseline
2026-03-03,organic,1529,false,czds_zone,2026-03-03T03:29:35.408474+00:00,,ns_sld_exact,86,5,4159,65216,0.406,ok,,baseline
2026-03-03,origins,1,false,czds_zone,2026-03-03T03:29:35.816036+00:00,,ns_sld_exact,1,4,8,2184,0.267,ok,,baseline
2026-03-03,osaka,999,false,czds_zone,2026-03-03T03:29:36.085576+00:00,,ns_sld_exact,10,20,3161,26948,0.297,ok,,baseline
2026-03-03,ott,1,false,czds_zone,2026-03-03T03:29:36.386015+00:00,,ns_sld_exact,1,0,6,1281,0.284,ok,,baseline
2026-03-03,ovh,83876,false,czds_zone,2026-03-03T03:29:36.672264+00:00,,ns_sld_exact,32197,1001,170118,10098554,5.397,ok,,baseline
2026-03-03,page,35369,false,czds_zone,2026-03-03T03:29:42.071878+00:00,,ns_sld_exact,12629,153,113301,10020256,4.34,ok,,baseline
2026-03-03,panasonic,3,false,czds_zone,2026-03-03T03:29:46.413711+00:00,,ns_sld_exact,0,0,16,2793,0.261,ok,,baseline
2026-03-03,paris,18398,false,czds_zone,2026-03-03T03:29:46.676820+00:00,,ns_sld_exact,3955,30,47570,1442150,1.239,ok,,baseline
2026-03-03,pars,1,false,czds_zone,2026-03-03T03:29:47.917800+00:00,,ns_sld_exact,1,1,16,4503,0.275,ok,,baseline
2026-03-03,partners,16329,false,czds_zone,2026-03-03T03:29:48.194105+00:00,,ns_sld_exact,1144,116,42519,758906,0.88,ok,,baseline
2026-03-03,parts,7246,false,czds_zone,2026-03-03T03:29:49.075737+00:00,,ns_sld_exact,434,74,18560,307656,0.609,ok,,baseline
2026-03-03,party,20203,false,czds_zone,2026-03-03T03:29:49.686557+00:00,,ns_sld_exact,1654,105,49942,1171120,1.207,ok,,baseline
2026-03-03,pccw,1,false,czds_zone,2026-03-03T03:29:50.894766+00:00,,ns_sld_exact,1,4,8,2186,0.268,ok,,baseline
2026-03-03,pet,24276,false,czds_zone,2026-03-03T03:29:51.164017+00:00,,ns_sld_exact,616,168,55193,596984,1.007,ok,,baseline
2026-03-03,pfizer,92,false,czds_zone,2026-03-03T03:29:52.173425+00:00,,ns_sld_exact,1,12,324,5447,0.295,ok,,baseline
2026-03-03,pharmacy,1080,false,czds_zone,2026-03-03T03:29:52.469472+00:00,,ns_sld_exact,14,9,2506,30035,0.402,ok,,baseline
2026-03-03,phd,2282,false,czds_zone,2026-03-03T03:29:52.873018+00:00,,ns_sld_exact,545,6,6494,592965,0.732,ok,,baseline
2026-03-03,philips,59,false,czds_zone,2026-03-03T03:29:53.607005+00:00,,ns_sld_exact,2,12,172,5158,0.261,ok,,baseline
2026-03-03,phone,1,false,czds_zone,2026-03-03T03:29:53.869995+00:00,,ns_sld_exact,1,0,6,1291,0.266,ok,,baseline
2026-03-03,photo,15948,false,czds_zone,2026-03-03T03:29:54.138121+00:00,,ns_sld_exact,1156,58,41141,625553,0.877,ok,,baseline
2026-03-03,photography,34409,false,czds_zone,2026-03-03T03:29:55.016217+00:00,,ns_sld_exact,2084,289,100639,1519328,1.766,ok,,baseline
2026-03-03,photos,19334,false,czds_zone,2026-03-03T03:29:56.783664+00:00,,ns_sld_exact,1490,160,52153,957791,1.108,ok,,baseline
2026-03-03,physio,945,false,czds_zone,2026-03-03T03:29:57.893694+00:00,,ns_sld_exact,23,12,3055,34518,0.326,ok,,rolling
2026-03-03,pics,83040,false,czds_zone,2026-03-03T03:29:58.220849+00:00,,ns_sld_exact,2871,242,179746,8876667,5.268,ok,,baseline
2026-03-03,pictet,42,false,czds_zone,2026-03-03T03:30:03.490567+00:00,,ns_sld_exact,1,10,164,3173,0.277,ok,,baseline
2026-03-03,pictures,10545,false,czds_zone,2026-03-03T03:30:03.769039+00:00,,ns_sld_exact,795,165,27082,502358,0.791,ok,,baseline
2026-03-03,pid,1,false,czds_zone,2026-03-03T03:30:04.562255+00:00,,ns_sld_exact,1,0,6,1288,0.26,ok,,baseline
2026-03-03,ping,3,false,czds_zone,2026-03-03T03:30:04.823556+00:00,,ns_sld_exact,2,12,21,4160,0.274,ok,,baseline
2026-03-03,pink,8851,false,czds_zone,2026-03-03T03:30:05.098367+00:00,,ns_sld_exact,292,100,20636,254729,0.551,ok,,baseline
2026-03-03,pioneer,26,false,czds_zone,2026-03-03T03:30:05.650861+00:00,,ns_sld_exact,1,9,115,5798,0.348,ok,,baseline
2026-03-03,pizza,12640,false,czds_zone,2026-03-03T03:30:06.000283+00:00,,ns_sld_exact,614,156,29586,436254,0.739,ok,,baseline
2026-03-03,place,9920,false,czds_zone,2026-03-03T03:30:06.740829+00:00,,ns_sld_exact,1277,137,26103,690834,0.749,ok,,baseline
2026-03-03,play,5,false,czds_zone,2026-03-03T03:30:07.491124+00:00,,ns_sld_exact,0,0,25,2674,0.278,ok,,baseline
2026-03-03,playstation,1,false,czds_zone,2026-03-03T03:30:07.770598+00:00,,ns_sld_exact,0,0,6,2279,0.279,ok,,baseline
2026-03-03,plumbing,2521,false,czds_zone,2026-03-03T03:30:08.050559+00:00,,ns_sld_exact,153,9,6585,109517,0.561,ok,,rolling
2026-03-03,plus,32029,false,czds_zone,2026-03-03T03:30:08.616901+00:00,,ns_sld_exact,1689,426,76229,1206483,1.471,ok,,baseline
2026-03-03,pnc,1,false,czds_zone,2026-03-03T03:30:10.089314+00:00,,ns_sld_exact,1,4,8,2190,0.271,ok,,baseline
2026-03-03,pohl,3,false,czds_zone,2026-03-03T03:30:10.362162+00:00,,ns_sld_exact,1,4,12,2219,0.272,ok,,baseline
2026-03-03,poker,8372,false,czds_zone,2026-03-03T03:30:10.634796+00:00,,ns_sld_exact,160,26,18957,183023,0.564,ok,,baseline
2026-03-03,porn,7591,false,czds_zone,2026-03-03T03:30:11.201292+00:00,,ns_sld_exact,188,29,21681,242109,0.651,ok,,baseline
2026-03-03,praxi,19,false,czds_zone,2026-03-03T03:30:11.853698+00:00,,ns_sld_exact,1,12,84,4186,0.465,ok,,baseline
2026-03-03,press,17599,false,czds_zone,2026-03-03T03:30:12.320646+00:00,,ns_sld_exact,467,104,42034,483382,0.909,ok,,baseline
2026-03-03,pro,1038260,false,czds_zone,2026-03-03T03:30:12.323061+00:00,,ns_sld_exact,44715,11748,2372398,33814193,21.792,ok,,baseline
2026-03-03,prod,2,false,czds_zone,2026-03-03T03:30:13.232182+00:00,,ns_sld_exact,0,0,13,2036,0.334,ok,,baseline
2026-03-03,productions,10698,false,czds_zone,2026-03-03T03:30:13.567616+00:00,,ns_sld_exact,926,84,29282,574730,0.899,ok,,rolling
2026-03-03,prof,840,false,czds_zone,2026-03-03T03:30:14.468187+00:00,,ns_sld_exact,160,0,2442,211946,0.472,ok,,baseline
2026-03-03,progressive,1,false,czds_zone,2026-03-03T03:30:14.942411+00:00,,ns_sld_exact,1,4,8,2203,0.272,ok,,baseline
2026-03-03,promo,6851,false,czds_zone,2026-03-03T03:30:15.215689+00:00,,ns_sld_exact,343,78,17534,261948,0.565,ok,,baseline
2026-03-03,properties,13301,false,czds_zone,2026-03-03T03:30:15.782117+00:00,,ns_sld_exact,700,110,32396,508525,0.974,ok,,baseline
2026-03-03,property,5042,false,czds_zone,2026-03-03T03:30:16.757794+00:00,,ns_sld_exact,66,4,11369,97373,0.504,ok,,baseline
2026-03-03,protection,99,false,czds_zone,2026-03-03T03:30:17.262995+00:00,,ns_sld_exact,0,6,358,4128,0.286,ok,,baseline
2026-03-03,pru,75,false,czds_zone,2026-03-03T03:30:17.552644+00:00,,ns_sld_exact,1,12,241,4908,0.276,ok,,baseline
2026-03-03,prudential,65,false,czds_zone,2026-03-03T03:30:17.829610+00:00,,ns_sld_exact,1,12,204,4681,0.271,ok,,baseline
2026-03-03,pub,18632,false,czds_zone,2026-03-03T03:30:18.102292+00:00,,ns_sld_exact,873,242,45478,660497,1.045,ok,,rolling
2026-03-03,pwc,3,false,czds_zone,2026-03-03T03:30:19.148564+00:00,,ns_sld_exact,1,4,12,2233,0.269,ok,,baseline
2026-03-03,qpon,62657,false,czds_zone,2026-03-03T03:30:19.422029+00:00,,ns_sld_exact,216,17,129922,844675,1.692,ok,,baseline
2026-03-03,quebec,7238,false,czds_zone,2026-03-03T03:30:21.119772+00:00,,ns_sld_exact,200,25,18145,1806344,1.633,ok,,baseline
2026-03-03,quest,48376,false,czds_zone,2026-03-03T03:30:22.754555+00:00,,ns_sld_exact,2525,86,109567,1940872,1.851,ok,,baseline
2026-03-03,racing,4320,false,czds_zone,2026-03-03T03:30:24.607578+00:00,,ns_sld_exact,375,23,11147,268042,0.56,ok,,baseline
2026-03-03,radio,2886,false,czds_zone,2026-03-03T03:30:25.169005+00:00,,ns_sld_exact,426,5,8733,805977,0.815,ok,,baseline
2026-03-03,realestate,14663,false,czds_zone,2026-03-03T03:30:25.985212+00:00,,ns_sld_exact,16,31,49300,274722,0.947,ok,,baseline
2026-03-03,realtor,27415,false,czds_zone,2026-03-03T03:30:26.934031+00:00,,ns_sld_exact,2,9,108686,489210,1.623,ok,,baseline
2026-03-03,realty,3773,false,czds_zone,2026-03-03T03:30:28.558304+00:00,,ns_sld_exact,100,11,12942,95724,0.512,ok,,baseline
2026-03-03,recipes,3954,false,czds_zone,2026-03-03T03:30:29.073607+00:00,,ns_sld_exact,243,36,9986,170877,0.454,ok,,baseline
2026-03-03,red,19221,false,czds_zone,2026-03-03T03:30:29.528952+00:00,,ns_sld_exact,1277,577,48411,852620,0.953,ok,,baseline
2026-03-03,redumbrella,2,false,czds_zone,2026-03-03T03:30:30.483080+00:00,,ns_sld_exact,1,4,10,2233,0.264,ok,,baseline
2026-03-03,rehab,2124,false,czds_zone,2026-03-03T03:30:30.749498+00:00,,ns_sld_exact,149,26,5451,100112,0.418,ok,,baseline
2026-03-03,reise,887,false,czds_zone,2026-03-03T03:30:31.168125+00:00,,ns_sld_exact,20,8,2654,27741,0.282,ok,,baseline
2026-03-03,reisen,4062,false,czds_zone,2026-03-03T03:30:31.453118+00:00,,ns_sld_exact,182,43,11516,153135,0.525,ok,,baseline
2026-03-03,reit,80,false,czds_zone,2026-03-03T03:30:31.980041+00:00,,ns_sld_exact,0,4,341,3638,0.295,ok,,baseline
2026-03-03,reliance,1,false,czds_zone,2026-03-03T03:30:32.276655+00:00,,ns_sld_exact,1,4,8,2199,0.283,ok,,baseline
2026-03-03,ren,12718,false,czds_zone,2026-03-03T03:30:32.561315+00:00,,ns_sld_exact,42,39,26537,2644551,1.618,ok,,baseline
2026-03-03,rent,9804,false,czds_zone,2026-03-03T03:30:34.116798+00:00,,ns_sld_exact,435,32,22899,338679,0.753,ok,,rolling
2026-03-03,rentals,12612,false,czds_zone,2026-03-03T03:30:34.181299+00:00,,ns_sld_exact,673,80,30905,488703,0.809,ok,,baseline
2026-03-03,repair,8471,false,czds_zone,2026-03-03T03:30:34.871300+00:00,,ns_sld_exact,420,100,20815,319964,0.678,ok,,rolling
2026-03-03,report,10535,false,czds_zone,2026-03-03T03:30:34.991927+00:00,,ns_sld_exact,922,120,27786,567549,0.724,ok,,baseline
2026-03-03,republican,1112,false,czds_zone,2026-03-03T03:30:35.550361+00:00,,ns_sld_exact,109,11,3225,68201,0.508,ok,,baseline
2026-03-03,rest,77448,false,czds_zone,2026-03-03T03:30:35.717161+00:00,,ns_sld_exact,1680,128,165018,1589102,2.011,ok,,rolling
2026-03-03,restaurant,8193,false,czds_zone,2026-03-03T03:30:36.059916+00:00,,ns_sld_exact,515,92,21267,365435,0.423,ok,,baseline
2026-03-03,review,7326,false,czds_zone,2026-03-03T03:30:36.487441+00:00,,ns_sld_exact,327,50,18707,300527,0.368,ok,,rolling
2026-03-03,reviews,12770,false,czds_zone,2026-03-03T03:30:36.858326+00:00,,ns_sld_exact,483,107,35777,436425,0.527,ok,,baseline
2026-03-03,rexroth,5,false,czds_zone,2026-03-03T03:30:37.386957+00:00,,ns_sld_exact,0,4,16,1851,0.103,ok,,baseline
2026-03-03,rich,315,false,czds_zone,2026-03-03T03:30:37.492067+00:00,,ns_sld_exact,3,4,927,8417,0.112,ok,,baseline
2026-03-03,richardli,1,false,czds_zone,2026-03-03T03:30:37.605838+00:00,,ns_sld_exact,1,4,8,2203,0.111,ok,,baseline
2026-03-03,ricoh,52,false,czds_zone,2026-03-03T03:30:37.718612+00:00,,ns_sld_exact,0,0,181,14160,0.127,ok,,baseline
2026-03-03,ril,1,false,czds_zone,2026-03-03T03:30:37.729736+00:00,,ns_sld_exact,1,4,8,2183,0.102,ok,,baseline
2026-03-03,rio,632,false,czds_zone,2026-03-03T03:30:37.833558+00:00,,ns_sld_exact,72,0,2094,33742,0.135,ok,,baseline
2026-03-03,rip,11904,false,czds_zone,2026-03-03T03:30:37.847170+00:00,,ns_sld_exact,970,138,29848,582813,0.433,ok,,baseline
2026-03-03,rocks,63075,false,czds_zone,2026-03-03T03:30:37.969332+00:00,,ns_sld_exact,3443,1080,162255,2552245,1.699,ok,,baseline
2026-03-03,rodeo,2967,false,czds_zone,2026-03-03T03:30:38.280855+00:00,,ns_sld_exact,169,140,7500,138422,0.233,ok,,baseline
2026-03-03,rogers,4,false,czds_zone,2026-03-03T03:30:38.519790+00:00,,ns_sld_exact,1,4,17,2266,0.113,ok,,baseline
2026-03-03,rsvp,2531,false,czds_zone,2026-03-03T03:30:38.634466+00:00,,ns_sld_exact,425,4,6961,619860,0.372,ok,,baseline
2026-03-03,rugby,490,false,czds_zone,2026-03-03T03:30:39.008061+00:00,,ns_sld_exact,5,16,1723,15454,0.132,ok,,baseline
2026-03-03,ruhr,4340,false,czds_zone,2026-03-03T03:30:39.143241+00:00,,ns_sld_exact,232,17,12737,935814,0.655,ok,,baseline
2026-03-03,run,129290,false,czds_zone,2026-03-03T03:30:39.672882+00:00,,ns_sld_exact,2803,402,276289,2811471,2.604,ok,,baseline
2026-03-03,rwe,2,false,czds_zone,2026-03-03T03:30:39.799977+00:00,,ns_sld_exact,0,6,16,1884,0.112,ok,,baseline
2026-03-03,saarland,3670,false,czds_zone,2026-03-03T03:30:39.912950+00:00,,ns_sld_exact,73,17,10829,102517,0.245,ok,,baseline
2026-03-03,safety,1,false,czds_zone,2026-03-03T03:30:40.159953+00:00,,ns_sld_exact,1,12,12,3613,0.119,ok,,rolling
2026-03-03,sakura,2,false,czds_zone,2026-03-03T03:30:40.281027+00:00,,ns_sld_exact,2,8,12,2691,0.109,ok,,baseline
2026-03-03,sale,13226,false,czds_zone,2026-03-03T03:30:40.391972+00:00,,ns_sld_exact,558,95,33759,464737,0.458,ok,,baseline
2026-03-03,salon,4000,false,czds_zone,2026-03-03T03:30:40.851680+00:00,,ns_sld_exact,316,38,11456,205034,0.313,ok,,baseline
2026-03-03,samsclub,1,false,czds_zone,2026-03-03T03:30:41.167275+00:00,,ns_sld_exact,1,6,12,3563,0.104,ok,,baseline
2026-03-03,samsung,3,false,czds_zone,2026-03-03T03:30:41.272386+00:00,,ns_sld_exact,0,2,12,258,0.109,ok,,baseline
2026-03-03,sandvik,40,false,czds_zone,2026-03-03T03:30:41.383978+00:00,,ns_sld_exact,1,12,168,4456,0.113,ok,,baseline
2026-03-03,sandvikcoromant,29,false,czds_zone,2026-03-03T03:30:41.499056+00:00,,ns_sld_exact,1,12,124,4231,0.12,ok,,baseline
2026-03-03,sanofi,19,false,czds_zone,2026-03-03T03:30:41.622452+00:00,,ns_sld_exact,1,4,80,2601,0.105,ok,,baseline
2026-03-03,sap,32,false,czds_zone,2026-03-03T03:30:41.728436+00:00,,ns_sld_exact,2,0,131,10133,0.111,ok,,baseline
2026-03-03,sarl,1417,false,czds_zone,2026-03-03T03:30:41.840858+00:00,,ns_sld_exact,255,30,3584,130701,0.202,ok,,baseline
2026-03-03,saxo,94,false,czds_zone,2026-03-03T03:30:42.044783+00:00,,ns_sld_exact,1,6,562,4675,0.132,ok,,baseline
2026-03-03,sbi,119,false,czds_zone,2026-03-03T03:30:42.178476+00:00,,ns_sld_exact,111,6,711,48567,0.134,ok,,baseline
2026-03-03,sbs,1350295,false,czds_zone,2026-03-03T03:30:42.278602+00:00,,ns_sld_exact,31912,580,2879129,32405458,29.185,ok,,baseline
2026-03-03,scb,35,false,czds_zone,2026-03-03T03:30:42.315905+00:00,,ns_sld_exact,27,14,135,16164,0.113,ok,,baseline
2026-03-03,schaeffler,30,false,czds_zone,2026-03-03T03:30:42.430749+00:00,,ns_sld_exact,1,0,141,10152,0.117,ok,,baseline
2026-03-03,schmidt,35,false,czds_zone,2026-03-03T03:30:42.548732+00:00,,ns_sld_exact,1,12,80,4044,0.121,ok,,baseline
2026-03-03,scholarships,1,false,czds_zone,2026-03-03T03:30:42.671739+00:00,,ns_sld_exact,1,4,8,2214,0.114,ok,,rolling
2026-03-03,school,23353,false,czds_zone,2026-03-03T03:30:42.787115+00:00,,ns_sld_exact,1464,259,60597,1017979,0.875,ok,,baseline
2026-03-03,schule,4630,false,czds_zone,2026-03-03T03:30:43.663621+00:00,,ns_sld_exact,142,35,13396,147841,0.272,ok,,baseline
2026-03-03,schwarz,742,false,czds_zone,2026-03-03T03:30:43.937273+00:00,,ns_sld_exact,2,6,2222,11069,0.129,ok,,baseline
2026-03-03,science,11350,false,czds_zone,2026-03-03T03:30:44.067699+00:00,,ns_sld_exact,1028,53,30420,723952,0.579,ok,,baseline
2026-03-03,search,1,false,czds_zone,2026-03-03T03:30:44.648438+00:00,,ns_sld_exact,0,0,9,1818,0.106,ok,,rolling
2026-03-03,seat,790,false,czds_zone,2026-03-03T03:30:44.757657+00:00,,ns_sld_exact,1,0,4495,200974,0.22,ok,,baseline
2026-03-03,security,838,false,czds_zone,2026-03-03T03:30:44.979993+00:00,,ns_sld_exact,69,6,2415,48388,0.131,ok,,baseline
2026-03-03,seek,8,false,czds_zone,2026-03-03T03:30:45.112736+00:00,,ns_sld_exact,1,12,40,3898,0.103,ok,,baseline
2026-03-03,select,741,false,czds_zone,2026-03-03T03:30:45.216359+00:00,,ns_sld_exact,68,12,2176,50840,0.149,ok,,baseline
2026-03-03,sener,34,false,czds_zone,2026-03-03T03:30:45.369318+00:00,,ns_sld_exact,0,7,81,2397,0.153,ok,,baseline
2026-03-03,services,88525,false,czds_zone,2026-03-03T03:30:45.523766+00:00,,ns_sld_exact,4658,1167,212053,3392805,2.967,ok,,baseline
2026-03-03,seven,11,false,czds_zone,2026-03-03T03:30:48.494503+00:00,,ns_sld_exact,1,12,34,3767,0.114,ok,,baseline
2026-03-03,sex,6305,false,czds_zone,2026-03-03T03:30:48.610052+00:00,,ns_sld_exact,157,45,17395,197650,0.278,ok,,baseline
2026-03-03,sexy,3019,false,czds_zone,2026-03-03T03:30:48.889244+00:00,,ns_sld_exact,113,18,8510,90990,0.2,ok,,baseline
2026-03-03,sfr,14,false,czds_zone,2026-03-03T03:30:49.091902+00:00,,ns_sld_exact,1,4,34,1480,0.112,ok,,baseline
2026-03-03,shangrila,1,false,czds_zone,2026-03-03T03:30:49.205524+00:00,,ns_sld_exact,0,4,8,1800,0.117,ok,,baseline
2026-03-03,sharp,20,false,czds_zone,2026-03-03T03:30:49.324026+00:00,,ns_sld_exact,0,2,45,6392,0.105,ok,,baseline
2026-03-03,shell,55,false,czds_zone,2026-03-03T03:30:49.432496+00:00,,ns_sld_exact,33,9,190,28197,0.122,ok,,baseline
2026-03-03,shia,1,false,czds_zone,2026-03-03T03:30:49.555972+00:00,,ns_sld_exact,1,1,16,4509,0.124,ok,,baseline
2026-03-03,shiksha,615,false,czds_zone,2026-03-03T03:30:49.681743+00:00,,ns_sld_exact,41,16,1491,29115,0.118,ok,,baseline
2026-03-03,shoes,3858,false,czds_zone,2026-03-03T03:30:49.801349+00:00,,ns_sld_exact,191,38,10608,151596,0.244,ok,,baseline
2026-03-03,shopping,7687,false,czds_zone,2026-03-03T03:30:50.047027+00:00,,ns_sld_exact,354,78,20792,288636,0.417,ok,,baseline
2026-03-03,shouji,1,false,czds_zone,2026-03-03T03:30:50.465398+00:00,,ns_sld_exact,1,2,6,3609,0.11,ok,,baseline
2026-03-03,show,17632,false,czds_zone,2026-03-03T03:30:50.578859+00:00,,ns_sld_exact,841,75,43799,644860,0.681,ok,,baseline
2026-03-03,sina,1,false,czds_zone,2026-03-03T03:30:51.261432+00:00,,ns_sld_exact,1,4,8,2190,0.11,ok,,baseline
2026-03-03,singles,2590,false,czds_zone,2026-03-03T03:30:51.372846+00:00,,ns_sld_exact,146,12,6401,106176,0.204,ok,,baseline
2026-03-03,site,1721000,false,czds_zone,2026-03-03T03:30:51.578994+00:00,,ns_sld_exact,37321,6159,3887705,42071100,39.579,ok,,baseline
2026-03-03,ski,6182,false,czds_zone,2026-03-03T03:31:11.465281+00:00,,ns_sld_exact,728,67,16642,413594,0.679,ok,,baseline
2026-03-03,skin,160356,false,czds_zone,2026-03-03T03:31:12.146067+00:00,,ns_sld_exact,2433,67,325584,2905240,3.673,ok,,baseline
2026-03-03,sky,144,false,czds_zone,2026-03-03T03:31:15.823875+00:00,,ns_sld_exact,1,9,812,8936,0.28,ok,,baseline
2026-03-03,skype,6,false,czds_zone,2026-03-03T03:31:16.105585+00:00,,ns_sld_exact,1,9,36,4948,0.271,ok,,baseline
2026-03-03,sling,1,false,czds_zone,2026-03-03T03:31:16.378422+00:00,,ns_sld_exact,1,0,6,1287,0.26,ok,,baseline
2026-03-03,smart,48,false,czds_zone,2026-03-03T03:31:16.640251+00:00,,ns_sld_exact,0,4,173,2452,0.27,ok,,rolling
2026-03-03,sncf,64,false,czds_zone,2026-03-03T03:31:16.912005+00:00,,ns_sld_exact,1,0,312,2987,0.313,ok,,baseline
2026-03-03,soccer,3518,false,czds_zone,2026-03-03T03:31:17.226924+00:00,,ns_sld_exact,232,26,9331,158971,0.528,ok,,baseline
2026-03-03,social,46047,false,czds_zone,2026-03-03T03:31:17.756913+00:00,,ns_sld_exact,3210,452,122390,2133996,2.149,ok,,baseline
2026-03-03,softbank,5,false,czds_zone,2026-03-03T03:31:19.906876+00:00,,ns_sld_exact,0,0,18,3235,0.267,ok,,baseline
2026-03-03,software,24824,false,czds_zone,2026-03-03T03:31:20.175088+00:00,,ns_sld_exact,1958,396,67097,1264923,1.299,ok,,baseline
2026-03-03,sohu,7,false,czds_zone,2026-03-03T03:31:21.475617+00:00,,ns_sld_exact,0,5,50,3295,0.292,ok,,baseline
2026-03-03,solar,9663,false,czds_zone,2026-03-03T03:31:21.769129+00:00,,ns_sld_exact,754,74,25404,479298,0.943,ok,,baseline
2026-03-03,solutions,102403,false,czds_zone,2026-03-03T03:31:22.714106+00:00,,ns_sld_exact,5106,1680,248553,3797705,3.63,ok,,rolling
2026-03-03,sony,10,false,czds_zone,2026-03-03T03:31:26.345761+00:00,,ns_sld_exact,0,0,51,4461,0.269,ok,,baseline
2026-03-03,soy,1902,false,czds_zone,2026-03-03T03:31:26.616093+00:00,,ns_sld_exact,293,13,5689,465597,0.65,ok,,baseline
2026-03-03,space,515391,false,czds_zone,2026-03-03T03:31:27.269701+00:00,,ns_sld_exact,15857,2443,1191474,14702428,12.73,ok,,rolling
2026-03-03,srl,10515,false,czds_zone,2026-03-03T03:31:31.162520+00:00,,ns_sld_exact,174,86,33078,266760,0.728,ok,,baseline
2026-03-03,stada,125,false,czds_zone,2026-03-03T03:31:31.895530+00:00,,ns_sld_exact,1,4,380,3808,0.29,ok,,baseline
2026-03-03,staples,1,false,czds_zone,2026-03-03T03:31:32.186809+00:00,,ns_sld_exact,1,12,12,3614,0.266,ok,,baseline
2026-03-03,star,2,false,czds_zone,2026-03-03T03:31:32.460864+00:00,,ns_sld_exact,1,4,12,2241,0.267,ok,,baseline
2026-03-03,statebank,39,false,czds_zone,2026-03-03T03:31:32.729103+00:00,,ns_sld_exact,38,4,234,17792,0.295,ok,,baseline
2026-03-03,statefarm,39,false,czds_zone,2026-03-03T03:31:33.026159+00:00,,ns_sld_exact,1,14,209,5069,0.266,ok,,baseline
2026-03-03,stc,10,false,czds_zone,2026-03-03T03:31:33.295742+00:00,,ns_sld_exact,0,4,43,2093,0.257,ok,,baseline
2026-03-03,stcgroup,1,false,czds_zone,2026-03-03T03:31:33.560046+00:00,,ns_sld_exact,0,4,8,1721,0.272,ok,,baseline
2026-03-03,stockholm,198,false,czds_zone,2026-03-03T03:31:33.833510+00:00,,ns_sld_exact,1,4,432,4849,0.282,ok,,baseline
2026-03-03,storage,614,false,czds_zone,2026-03-03T03:31:34.116999+00:00,,ns_sld_exact,25,4,1738,19398,0.294,ok,,baseline
2026-03-03,store,2081176,false,czds_zone,2026-03-03T03:31:34.412795+00:00,,ns_sld_exact,48072,2554,5059952,53113959,50.591,ok,,baseline
2026-03-03,stream,14065,false,czds_zone,2026-03-03T03:31:40.001859+00:00,,ns_sld_exact,1271,120,34262,871479,1.211,ok,,baseline
2026-03-03,studio,165503,false,czds_zone,2026-03-03T03:31:41.214356+00:00,,ns_sld_exact,14603,1244,452870,8791563,6.89,ok,,baseline
2026-03-03,study,8443,false,czds_zone,2026-03-03T03:31:48.106344+00:00,,ns_sld_exact,479,30,25274,375106,0.736,ok,,rolling
2026-03-03,style,11327,false,czds_zone,2026-03-03T03:31:48.843534+00:00,,ns_sld_exact,560,123,30561,432299,0.739,ok,,baseline
2026-03-03,supplies,2903,false,czds_zone,2026-03-03T03:31:49.585420+00:00,,ns_sld_exact,213,17,7784,143436,0.447,ok,,baseline
2026-03-03,supply,7602,false,czds_zone,2026-03-03T03:31:50.034415+00:00,,ns_sld_exact,710,65,20404,424804,0.709,ok,,baseline
2026-03-03,support,39801,false,czds_zone,2026-03-03T03:31:50.744705+00:00,,ns_sld_exact,2955,512,101998,1933749,1.849,ok,,baseline
2026-03-03,surf,8315,false,czds_zone,2026-03-03T03:31:52.595173+00:00,,ns_sld_exact,1450,33,19338,828831,0.757,ok,,baseline
2026-03-03,surgery,1658,false,czds_zone,2026-03-03T03:31:53.353646+00:00,,ns_sld_exact,104,14,4418,75779,0.4,ok,,baseline
2026-03-03,swatch,8,false,czds_zone,2026-03-03T03:31:53.755138+00:00,,ns_sld_exact,1,9,44,4940,0.263,ok,,baseline
2026-03-03,swiss,22755,false,czds_zone,2026-03-03T03:31:54.018900+00:00,,ns_sld_exact,4372,79,58695,6500001,2.963,ok,,rolling
2026-03-03,sydney,5847,false,czds_zone,2026-03-03T03:31:56.983449+00:00,,ns_sld_exact,46,16,14735,125422,0.498,ok,,baseline
2026-03-03,systems,40515,false,czds_zone,2026-03-03T03:31:57.489222+00:00,,ns_sld_exact,3360,1576,109360,2158904,1.916,ok,,baseline
2026-03-03,tab,2,false,czds_zone,2026-03-03T03:31:59.405824+00:00,,ns_sld_exact,1,12,18,3628,0.281,ok,,baseline
2026-03-03,taobao,1,false,czds_zone,2026-03-03T03:31:59.688822+00:00,,ns_sld_exact,1,4,8,2196,0.269,ok,,baseline
2026-03-03,target,147,false,czds_zone,2026-03-03T03:31:59.959183+00:00,,ns_sld_exact,1,12,308,5302,0.282,ok,,baseline
2026-03-03,tatamotors,25,false,czds_zone,2026-03-03T03:32:00.243879+00:00,,ns_sld_exact,0,4,112,2740,0.264,ok,,baseline
2026-03-03,tatar,1190,false,czds_zone,2026-03-03T03:32:00.509146+00:00,,ns_sld_exact,5,13,2791,19307,0.302,ok,,baseline
2026-03-03,tattoo,7365,false,czds_zone,2026-03-03T03:32:00.812995+00:00,,ns_sld_exact,1966,36,16449,658892,0.821,ok,,baseline
2026-03-03,tax,16268,false,czds_zone,2026-03-03T03:32:01.635557+00:00,,ns_sld_exact,876,90,39212,613322,0.864,ok,,baseline
2026-03-03,taxi,6564,false,czds_zone,2026-03-03T03:32:02.501340+00:00,,ns_sld_exact,487,100,16561,317911,0.651,ok,,baseline
2026-03-03,tci,1,false,czds_zone,2026-03-03T03:32:03.154198+00:00,,ns_sld_exact,1,1,16,4505,0.261,ok,,baseline
2026-03-03,tdk,1,false,czds_zone,2026-03-03T03:32:03.416659+00:00,,ns_sld_exact,1,12,12,3601,0.264,ok,,baseline
2026-03-03,team,54987,false,czds_zone,2026-03-03T03:32:03.682019+00:00,,ns_sld_exact,3218,660,139985,2271976,2.174,ok,,baseline
2026-03-03,tech,478184,false,czds_zone,2026-03-03T03:32:05.858112+00:00,,ns_sld_exact,28638,2184,1189244,19746191,15.549,ok,,baseline
2026-03-03,technology,32722,false,czds_zone,2026-03-03T03:32:21.411457+00:00,,ns_sld_exact,2261,531,85702,1524731,1.308,ok,,baseline
2026-03-03,tel,37337,false,czds_zone,2026-03-03T03:32:22.720848+00:00,,ns_sld_exact,436,157,139163,9196927,3.89,ok,,baseline
2026-03-03,temasek,10,false,czds_zone,2026-03-03T03:32:25.011532+00:00,,ns_sld_exact,1,5,39,2483,0.104,ok,,baseline
2026-03-03,tennis,1855,false,czds_zone,2026-03-03T03:32:25.116976+00:00,,ns_sld_exact,145,17,4978,95898,0.457,ok,,baseline
2026-03-03,teva,94,false,czds_zone,2026-03-03T03:32:25.577011+00:00,,ns_sld_exact,1,12,291,4890,0.113,ok,,baseline
2026-03-03,thd,1,false,czds_zone,2026-03-03T03:32:25.692466+00:00,,ns_sld_exact,1,4,8,2183,0.131,ok,,baseline
2026-03-03,theater,1370,false,czds_zone,2026-03-03T03:32:25.824662+00:00,,ns_sld_exact,92,16,3821,66383,0.166,ok,,baseline
2026-03-03,theatre,153,false,czds_zone,2026-03-03T03:32:25.992045+00:00,,ns_sld_exact,6,4,456,7445,0.108,ok,,baseline
2026-03-03,tiaa,1,false,czds_zone,2026-03-03T03:32:26.101654+00:00,,ns_sld_exact,1,6,12,2247,0.12,ok,,baseline
2026-03-03,tickets,1082,false,czds_zone,2026-03-03T03:32:26.222646+00:00,,ns_sld_exact,27,6,3831,36180,0.14,ok,,baseline
2026-03-03,tienda,2299,false,czds_zone,2026-03-03T03:32:26.363950+00:00,,ns_sld_exact,73,56,5816,72863,0.186,ok,,baseline
2026-03-03,tips,20525,false,czds_zone,2026-03-03T03:32:26.550967+00:00,,ns_sld_exact,1082,160,51657,803748,0.695,ok,,baseline
2026-03-03,tires,1242,false,czds_zone,2026-03-03T03:32:26.611440+00:00,,ns_sld_exact,54,12,3015,43782,0.131,ok,,baseline
2026-03-03,tirol,8001,false,czds_zone,2026-03-03T03:32:26.744109+00:00,,ns_sld_exact,207,6,23253,232224,0.358,ok,,baseline
2026-03-03,tjmaxx,1,false,czds_zone,2026-03-03T03:32:27.103938+00:00,,ns_sld_exact,1,12,12,3617,0.125,ok,,baseline
2026-03-03,tjx,1,false,czds_zone,2026-03-03T03:32:27.230808+00:00,,ns_sld_exact,1,12,12,3600,0.122,ok,,baseline
2026-03-03,tkmaxx,1,false,czds_zone,2026-03-03T03:32:27.247105+00:00,,ns_sld_exact,1,12,12,3613,0.13,ok,,baseline
2026-03-03,tmall,1,false,czds_zone,2026-03-03T03:32:27.354778+00:00,,ns_sld_exact,1,4,8,2182,0.107,ok,,baseline
2026-03-03,today,199222,false,czds_zone,2026-03-03T03:32:27.378458+00:00,,ns_sld_exact,3035,1044,431599,4099383,4.595,ok,,baseline
2026-03-03,tools,26378,false,czds_zone,2026-03-03T03:32:27.462962+00:00,,ns_sld_exact,2134,387,69083,1351425,1.142,ok,,baseline
2026-03-03,top,5903565,false,czds_zone,2026-03-03T03:32:28.606957+00:00,,ns_sld_exact,122430,51037,15788667,1222359904,247.424,ok,,baseline
2026-03-03,toray,86,false,czds_zone,2026-03-03T03:32:31.975069+00:00,,ns_sld_exact,75,0,488,37805,0.119,ok,,baseline
2026-03-03,tours,12334,false,czds_zone,2026-03-03T03:32:32.095102+00:00,,ns_sld_exact,482,147,30886,414241,0.4,ok,,baseline
2026-03-03,town,35475,false,czds_zone,2026-03-03T03:32:32.500654+00:00,,ns_sld_exact,607,127,79543,660388,0.743,ok,,baseline
2026-03-03,toyota,244,false,czds_zone,2026-03-03T03:32:33.244751+00:00,,ns_sld_exact,0,3,924,59670,0.127,ok,,baseline
2026-03-03,toys,5553,false,czds_zone,2026-03-03T03:32:33.374011+00:00,,ns_sld_exact,322,35,14243,225571,0.245,ok,,baseline
2026-03-03,trade,23275,false,czds_zone,2026-03-03T03:32:33.620047+00:00,,ns_sld_exact,1212,108,54237,979893,0.689,ok,,baseline
2026-03-03,trading,5197,false,czds_zone,2026-03-03T03:32:34.310354+00:00,,ns_sld_exact,290,62,12895,206683,0.275,ok,,baseline
2026-03-03,training,22351,false,czds_zone,2026-03-03T03:32:34.586343+00:00,,ns_sld_exact,1335,121,57499,958048,0.698,ok,,baseline
2026-03-03,travel,26502,false,czds_zone,2026-03-03T03:32:35.286544+00:00,,ns_sld_exact,599,363,66942,704866,0.725,ok,,baseline
2026-03-03,travelers,3,false,czds_zone,2026-03-03T03:32:36.012603+00:00,,ns_sld_exact,1,4,12,2230,0.1,ok,,baseline
2026-03-03,travelersinsurance,2,false,czds_zone,2026-03-03T03:32:36.118246+00:00,,ns_sld_exact,1,4,10,2250,0.112,ok,,baseline
2026-03-03,trust,51,false,czds_zone,2026-03-03T03:32:36.230694+00:00,,ns_sld_exact,13,96,110,5689,0.108,ok,,baseline
2026-03-03,trv,2,false,czds_zone,2026-03-03T03:32:36.340252+00:00,,ns_sld_exact,1,4,10,2215,0.109,ok,,baseline
2026-03-03,tube,5302,false,czds_zone,2026-03-03T03:32:36.453019+00:00,,ns_sld_exact,208,93,13019,1327245,0.485,ok,,baseline
2026-03-03,tui,98,false,czds_zone,2026-03-03T03:32:36.939387+00:00,,ns_sld_exact,1,4,323,4850,0.129,ok,,baseline
2026-03-03,tvs,4,false,czds_zone,2026-03-03T03:32:37.069716+00:00,,ns_sld_exact,1,4,17,2260,0.112,ok,,baseline
2026-03-03,ubank,1,false,czds_zone,2026-03-03T03:32:37.188713+00:00,,ns_sld_exact,0,4,8,1794,0.116,ok,,baseline
2026-03-03,ubs,2,false,czds_zone,2026-03-03T03:32:37.305807+00:00,,ns_sld_exact,0,4,10,1816,0.104,ok,,baseline
2026-03-03,unicom,3,false,czds_zone,2026-03-03T03:32:37.411729+00:00,,ns_sld_exact,0,0,18,2227,0.115,ok,,baseline
2026-03-03,university,8062,false,czds_zone,2026-03-03T03:32:37.528378+00:00,,ns_sld_exact,507,143,21319,360323,0.331,ok,,rolling
2026-03-03,uno,35955,false,czds_zone,2026-03-03T03:32:37.860785+00:00,,ns_sld_exact,781,92,78159,841518,0.781,ok,,baseline
2026-03-03,uol,55,false,czds_zone,2026-03-03T03:32:38.643237+00:00,,ns_sld_exact,1,3,173,2118,0.107,ok,,baseline
2026-03-03,ups,2,false,czds_zone,2026-03-03T03:32:38.751945+00:00,,ns_sld_exact,1,4,10,2209,0.104,ok,,baseline
2026-03-03,vacations,4893,false,czds_zone,2026-03-03T03:32:38.857208+00:00,,ns_sld_exact,174,23,12039,150816,0.26,ok,,baseline
2026-03-03,vana,46,false,czds_zone,2026-03-03T03:32:39.118852+00:00,,ns_sld_exact,13,0,140,5902,0.123,ok,,baseline
2026-03-03,vanguard,18,false,czds_zone,2026-03-03T03:32:39.245534+00:00,,ns_sld_exact,0,4,110,2315,0.136,ok,,baseline
2026-03-03,vegas,11373,false,czds_zone,2026-03-03T03:32:39.382728+00:00,,ns_sld_exact,165,32,26549,240268,0.392,ok,,baseline
2026-03-03,ventures,23077,false,czds_zone,2026-03-03T03:32:39.775979+00:00,,ns_sld_exact,1674,109,57728,1054974,0.778,ok,,baseline
2026-03-03,versicherung,1230,false,czds_zone,2026-03-03T03:32:40.556007+00:00,,ns_sld_exact,31,0,3845,39447,0.15,ok,,baseline
2026-03-03,vet,10977,false,czds_zone,2026-03-03T03:32:40.707716+00:00,,ns_sld_exact,866,88,29392,553397,0.412,ok,,baseline
2026-03-03,viajes,691,false,czds_zone,2026-03-03T03:32:41.120225+00:00,,ns_sld_exact,30,23,1872,28198,0.128,ok,,baseline
2026-03-03,video,24401,false,czds_zone,2026-03-03T03:32:41.249442+00:00,,ns_sld_exact,1765,265,62621,1151767,0.755,ok,,baseline
2026-03-03,vig,39,false,czds_zone,2026-03-03T03:32:42.005980+00:00,,ns_sld_exact,1,4,120,2990,0.103,ok,,baseline
2026-03-03,viking,1,false,czds_zone,2026-03-03T03:32:42.110209+00:00,,ns_sld_exact,1,4,8,2192,0.106,ok,,baseline
2026-03-03,villas,7437,false,czds_zone,2026-03-03T03:32:42.217804+00:00,,ns_sld_exact,91,38,15944,120137,0.253,ok,,baseline
2026-03-03,vin,10106,false,czds_zone,2026-03-03T03:32:42.472461+00:00,,ns_sld_exact,668,46,24059,431732,0.908,ok,,baseline
2026-03-03,vip,1567775,false,czds_zone,2026-03-03T03:32:43.382360+00:00,,ns_sld_exact,13201,1600,3546625,25564065,27.342,ok,,baseline
2026-03-03,virgin,1,false,czds_zone,2026-03-03T03:33:10.727740+00:00,,ns_sld_exact,1,9,16,4694,0.362,ok,,baseline
2026-03-03,visa,1,false,czds_zone,2026-03-03T03:33:11.090880+00:00,,ns_sld_exact,1,6,12,2247,0.121,ok,,baseline
2026-03-03,vision,11278,false,czds_zone,2026-03-03T03:33:11.215583+00:00,,ns_sld_exact,881,102,30420,568287,0.477,ok,,baseline
2026-03-03,viva,1,false,czds_zone,2026-03-03T03:33:11.694183+00:00,,ns_sld_exact,0,4,8,1707,0.106,ok,,rolling
2026-03-03,vlaanderen,5162,false,czds_zone,2026-03-03T03:33:11.800926+00:00,,ns_sld_exact,1468,43,15193,519018,0.379,ok,,baseline
2026-03-03,vodka,1767,false,czds_zone,2026-03-03T03:33:12.181413+00:00,,ns_sld_exact,77,12,4471,72318,0.17,ok,,baseline
2026-03-03,volvo,4,false,czds_zone,2026-03-03T03:33:12.352548+00:00,,ns_sld_exact,0,4,20,1869,0.107,ok,,baseline
2026-03-03,vote,6021,false,czds_zone,2026-03-03T03:33:12.460641+00:00,,ns_sld_exact,321,32,14421,229633,0.271,ok,,baseline
2026-03-03,voto,743,false,czds_zone,2026-03-03T03:33:12.732612+00:00,,ns_sld_exact,30,14,1723,25594,0.117,ok,,baseline
2026-03-03,voyage,3562,false,czds_zone,2026-03-03T03:33:12.859067+00:00,,ns_sld_exact,194,17,9418,142546,0.229,ok,,baseline
2026-03-03,wales,12911,false,czds_zone,2026-03-03T03:33:13.090731+00:00,,ns_sld_exact,272,66,33880,432634,0.475,ok,,baseline
2026-03-03,walmart,1,false,czds_zone,2026-03-03T03:33:13.567383+00:00,,ns_sld_exact,1,6,12,3554,0.109,ok,,baseline
2026-03-03,walter,26,false,czds_zone,2026-03-03T03:33:13.676903+00:00,,ns_sld_exact,1,12,111,4159,0.108,ok,,baseline
2026-03-03,wang,40811,false,czds_zone,2026-03-03T03:33:13.786838+00:00,,ns_sld_exact,149,147,93240,8333716,2.315,ok,,baseline
2026-03-03,watch,20433,false,czds_zone,2026-03-03T03:33:16.103367+00:00,,ns_sld_exact,929,114,46715,712499,0.515,ok,,baseline
2026-03-03,watches,334,false,czds_zone,2026-03-03T03:33:16.623963+00:00,,ns_sld_exact,19,5,1049,16247,0.123,ok,,baseline
2026-03-03,webcam,2070,false,czds_zone,2026-03-03T03:33:16.748522+00:00,,ns_sld_exact,88,38,5766,88013,0.161,ok,,baseline
2026-03-03,website,220639,false,czds_zone,2026-03-03T03:33:16.911096+00:00,,ns_sld_exact,8927,1314,516264,7303503,5.256,ok,,baseline
2026-03-03,wed,21,false,czds_zone,2026-03-03T03:33:22.172513+00:00,,ns_sld_exact,1,0,72,4343,0.106,ok,,baseline
2026-03-03,wedding,11705,false,czds_zone,2026-03-03T03:33:22.280467+00:00,,ns_sld_exact,416,26,35775,477889,0.506,ok,,baseline
2026-03-03,weibo,1,false,czds_zone,2026-03-03T03:33:22.787599+00:00,,ns_sld_exact,1,4,8,2194,0.114,ok,,baseline
2026-03-03,weir,191,false,czds_zone,2026-03-03T03:33:22.905119+00:00,,ns_sld_exact,0,4,410,4024,0.106,ok,,baseline
2026-03-03,whoswho,909,false,czds_zone,2026-03-03T03:33:23.011960+00:00,,ns_sld_exact,44,5,2756,227236,0.183,ok,,baseline
2026-03-03,wien,14991,false,czds_zone,2026-03-03T03:33:23.197590+00:00,,ns_sld_exact,361,27,43862,412671,0.516,ok,,rolling
2026-03-03,wiki,77717,false,czds_zone,2026-03-03T03:33:23.715199+00:00,,ns_sld_exact,3512,422,172612,2846262,1.733,ok,,rolling
2026-03-03,win,107070,false,czds_zone,2026-03-03T03:33:25.449895+00:00,,ns_sld_exact,5737,320,234979,4363049,2.221,ok,,baseline
2026-03-03,windows,22,false,czds_zone,2026-03-03T03:33:27.680899+00:00,,ns_sld_exact,1,9,100,5323,0.112,ok,,baseline
2026-03-03,wine,17373,false,czds_zone,2026-03-03T03:33:27.794485+00:00,,ns_sld_exact,1154,125,44557,777567,0.522,ok,,baseline
2026-03-03,winners,1,false,czds_zone,2026-03-03T03:33:28.317783+00:00,,ns_sld_exact,1,12,12,3604,0.349,ok,,baseline
2026-03-03,wme,7,false,czds_zone,2026-03-03T03:33:28.667401+00:00,,ns_sld_exact,0,4,32,1849,0.115,ok,,baseline
2026-03-03,woodside,22,false,czds_zone,2026-03-03T03:33:28.783353+00:00,,ns_sld_exact,1,12,95,4521,0.106,ok,,baseline
2026-03-03,work,336779,false,czds_zone,2026-03-03T03:33:28.894102+00:00,,ns_sld_exact,7861,970,790788,10109248,7.431,ok,,baseline
2026-03-03,works,33775,false,czds_zone,2026-03-03T03:33:36.326683+00:00,,ns_sld_exact,2755,514,92180,1741441,1.112,ok,,baseline
2026-03-03,world,388109,false,czds_zone,2026-03-03T03:33:37.439394+00:00,,ns_sld_exact,13386,2723,937620,11813153,8.886,ok,,baseline
2026-03-03,wtc,1,false,czds_zone,2026-03-03T03:33:46.327039+00:00,,ns_sld_exact,1,12,12,3580,0.306,ok,,baseline
2026-03-03,wtf,36953,false,czds_zone,2026-03-03T03:33:46.635198+00:00,,ns_sld_exact,3463,86421,90735,2473671,2.112,ok,,baseline
2026-03-03,xbox,24,false,czds_zone,2026-03-03T03:33:48.748169+00:00,,ns_sld_exact,1,9,108,5417,0.275,ok,,rolling
2026-03-03,xerox,1,false,czds_zone,2026-03-03T03:33:49.024510+00:00,,ns_sld_exact,1,12,12,3815,0.27,ok,,baseline
2026-03-03,xihuan,1,false,czds_zone,2026-03-03T03:33:49.295500+00:00,,ns_sld_exact,1,2,6,3075,0.278,ok,,baseline
2026-03-03,xin,61788,false,czds_zone,2026-03-03T03:33:49.580720+00:00,,ns_sld_exact,57,127,125573,726752,1.231,ok,,baseline
2026-03-03,xn--30rr7y,1,false,czds_zone,2026-03-03T03:33:50.813223+00:00,,ns_sld_exact,0,0,12,1983,0.277,ok,,baseline
2026-03-03,xn--45q11c,39,false,czds_zone,2026-03-03T03:33:51.096240+00:00,,ns_sld_exact,0,0,158,10218,0.286,ok,,baseline
2026-03-03,xn--4gbrim,77,false,czds_zone,2026-03-03T03:33:51.383084+00:00,,ns_sld_exact,2,4,260,4482,0.277,ok,,baseline
2026-03-03,xn--55qw42g,1,false,czds_zone,2026-03-03T03:33:51.663535+00:00,,ns_sld_exact,1,0,10,3058,0.262,ok,,baseline
2026-03-03,xn--55qx5d,21160,false,czds_zone,2026-03-03T03:33:51.927885+00:00,,ns_sld_exact,2,0,47043,351595,0.841,ok,,baseline
2026-03-03,xn--5su34j936bgsg,1,false,czds_zone,2026-03-03T03:33:52.770029+00:00,,ns_sld_exact,1,6,12,2274,0.285,ok,,baseline
2026-03-03,xn--5tzm5g,2514,false,czds_zone,2026-03-03T03:33:53.056548+00:00,,ns_sld_exact,11,4,5738,54184,0.404,ok,,baseline
2026-03-03,xn--6frz82g,2518,false,czds_zone,2026-03-03T03:33:53.461745+00:00,,ns_sld_exact,17,27,5748,52144,0.374,ok,,baseline
2026-03-03,xn--80aqecdr1a,1,false,czds_zone,2026-03-03T03:33:53.836595+00:00,,ns_sld_exact,1,12,12,3609,0.276,ok,,baseline
2026-03-03,xn--80asehdb,1985,false,czds_zone,2026-03-03T03:33:54.113635+00:00,,ns_sld_exact,4,10,5086,429195,0.713,ok,,rolling
2026-03-03,xn--80aswg,1642,false,czds_zone,2026-03-03T03:33:54.827829+00:00,,ns_sld_exact,5,2,4219,393325,0.755,ok,,baseline
2026-03-03,xn--8y0a063a,3,false,czds_zone,2026-03-03T03:33:55.584085+00:00,,ns_sld_exact,0,0,18,2241,0.275,ok,,rolling
2026-03-03,xn--9et52u,1,false,czds_zone,2026-03-03T03:33:55.866398+00:00,,ns_sld_exact,0,0,12,1982,0.263,ok,,baseline
2026-03-03,xn--9krt00a,1,false,czds_zone,2026-03-03T03:33:56.130646+00:00,,ns_sld_exact,1,4,8,2209,0.269,ok,,baseline
2026-03-03,xn--b4w605ferd,1,false,czds_zone,2026-03-03T03:33:56.400950+00:00,,ns_sld_exact,1,4,8,2214,0.269,ok,,baseline
2026-03-03,xn--c1avg,773,false,czds_zone,2026-03-03T03:33:56.671450+00:00,,ns_sld_exact,4,11,2023,17524,0.291,ok,,baseline
2026-03-03,xn--cg4bki,1,false,czds_zone,2026-03-03T03:33:56.963619+00:00,,ns_sld_exact,0,0,9,163,0.266,ok,,baseline
2026-03-03,xn--czrs0t,1225,false,czds_zone,2026-03-03T03:33:57.231438+00:00,,ns_sld_exact,2,6,3173,22807,0.299,ok,,baseline
2026-03-03,xn--fiq64b,170,false,czds_zone,2026-03-03T03:33:57.536556+00:00,,ns_sld_exact,0,0,556,37339,0.353,ok,,baseline
2026-03-03,xn--fjq720a,221,false,czds_zone,2026-03-03T03:33:57.890752+00:00,,ns_sld_exact,1,6,632,6831,0.273,ok,,baseline
2026-03-03,xn--flw351e,1,false,czds_zone,2026-03-03T03:33:58.164565+00:00,,ns_sld_exact,0,0,9,1826,0.26,ok,,baseline
2026-03-03,xn--fzys8d69uvgm,1,false,czds_zone,2026-03-03T03:33:58.425467+00:00,,ns_sld_exact,1,4,8,2215,0.29,ok,,baseline
2026-03-03,xn--i1b6b1a6a2e,423,false,czds_zone,2026-03-03T03:33:58.716353+00:00,,ns_sld_exact,4,4,929,10122,0.284,ok,,baseline
2026-03-03,xn--imr513n,147,false,czds_zone,2026-03-03T03:33:59.002078+00:00,,ns_sld_exact,0,0,365,32242,0.361,ok,,baseline
2026-03-03,xn--io0a7i,15362,false,czds_zone,2026-03-03T03:33:59.363864+00:00,,ns_sld_exact,1,0,34668,258876,0.908,ok,,baseline
2026-03-03,xn--kcrx77d1x4a,10,false,czds_zone,2026-03-03T03:34:00.273433+00:00,,ns_sld_exact,1,12,39,3820,0.259,ok,,baseline
2026-03-03,xn--mgba3a3ejt,1,false,czds_zone,2026-03-03T03:34:00.533689+00:00,,ns_sld_exact,1,8,12,3568,0.275,ok,,baseline
2026-03-03,xn--mgba7c0bbn0a,2,false,czds_zone,2026-03-03T03:34:00.810014+00:00,,ns_sld_exact,1,12,14,3876,0.26,ok,,rolling
2026-03-03,xn--mgbab2bd,591,false,czds_zone,2026-03-03T03:34:01.071641+00:00,,ns_sld_exact,8,0,1307,145018,0.5,ok,,baseline
2026-03-03,xn--mgbca7dzdo,55,false,czds_zone,2026-03-03T03:34:01.572476+00:00,,ns_sld_exact,1,4,158,16673,0.259,ok,,baseline
2026-03-03,xn--mgbi4ecexp,1,false,czds_zone,2026-03-03T03:34:01.833832+00:00,,ns_sld_exact,1,12,12,3841,0.285,ok,,baseline
2026-03-03,xn--mgbt3dhd,1,false,czds_zone,2026-03-03T03:34:02.120175+00:00,,ns_sld_exact,1,1,16,4522,0.265,ok,,baseline
2026-03-03,xn--ngbc5azd,413,false,czds_zone,2026-03-03T03:34:02.385958+00:00,,ns_sld_exact,3,10,1240,13782,0.286,ok,,baseline
2026-03-03,xn--ngbe9e0a,26,false,czds_zone,2026-03-03T03:34:02.673256+00:00,,ns_sld_exact,0,4,131,2864,0.277,ok,,baseline
2026-03-03,xn--ngbrx,1,false,czds_zone,2026-03-03T03:34:02.976383+00:00,,ns_sld_exact,1,5,8,4323,0.278,ok,,baseline
2026-03-03,xn--nqv7f,404,false,czds_zone,2026-03-03T03:34:03.255623+00:00,,ns_sld_exact,6,7,1004,13040,0.284,ok,,baseline
2026-03-03,xn--nqv7fs00ema,1,false,czds_zone,2026-03-03T03:34:03.540685+00:00,,ns_sld_exact,1,4,8,2209,0.28,ok,,baseline
2026-03-03,xn--nyqy26a,17,false,czds_zone,2026-03-03T03:34:03.822386+00:00,,ns_sld_exact,1,2,56,4033,0.274,ok,,baseline
2026-03-03,xn--otu796d,65,false,czds_zone,2026-03-03T03:34:04.097357+00:00,,ns_sld_exact,0,0,201,15438,0.273,ok,,baseline
2026-03-03,xn--q9jyb4c,1691,false,czds_zone,2026-03-03T03:34:04.373623+00:00,,ns_sld_exact,37,1,4715,364492,0.788,ok,,baseline
2026-03-03,xn--qcka1pmc,1,false,czds_zone,2026-03-03T03:34:05.162470+00:00,,ns_sld_exact,0,0,9,1831,0.277,ok,,baseline
2026-03-03,xn--rhqv96g,401,false,czds_zone,2026-03-03T03:34:05.441336+00:00,,ns_sld_exact,3,2,1137,13190,0.285,ok,,baseline
2026-03-03,xn--tiq49xqyj,1,false,czds_zone,2026-03-03T03:34:05.727323+00:00,,ns_sld_exact,1,12,12,3845,0.264,ok,,baseline
2026-03-03,xn--unup4y,265,false,czds_zone,2026-03-03T03:34:05.992514+00:00,,ns_sld_exact,1,6,839,7992,0.285,ok,,baseline
2026-03-03,xn--vermgensberater-ctb,2,false,czds_zone,2026-03-03T03:34:06.282507+00:00,,ns_sld_exact,1,4,7,2199,0.289,ok,,baseline
2026-03-03,xn--vermgensberatung-pwb,3,false,czds_zone,2026-03-03T03:34:06.572787+00:00,,ns_sld_exact,1,4,11,2250,1.016,ok,,baseline
2026-03-03,xn--vhquv,2734,false,czds_zone,2026-03-03T03:34:07.440835+00:00,,ns_sld_exact,0,6,6388,42079,0.346,ok,,baseline
2026-03-03,xn--w4r85el8fhu5dnra,1,false,czds_zone,2026-03-03T03:34:07.589558+00:00,,ns_sld_exact,1,6,12,2281,0.259,ok,,baseline
2026-03-03,xn--w4rs40l,1,false,czds_zone,2026-03-03T03:34:07.788208+00:00,,ns_sld_exact,1,6,12,2266,0.257,ok,,baseline
2026-03-03,xn--zfr164b,1,false,czds_zone,2026-03-03T03:34:07.849630+00:00,,ns_sld_exact,1,0,10,3065,0.255,ok,,baseline
2026-03-03,xxx,34855,false,czds_zone,2026-03-03T03:34:08.046411+00:00,,ns_sld_exact,972,87,87768,1068313,1.459,ok,,baseline
2026-03-03,xyz,8125671,false,czds_zone,2026-03-03T03:34:08.105518+00:00,,ns_sld_exact,110120,8315,20337095,148559120,109.392,ok,,core
2026-03-03,yachts,87027,false,czds_zone,2026-03-03T03:34:09.507440+00:00,,ns_sld_exact,1635,17,177917,1609984,1.859,ok,,baseline
2026-03-03,yahoo,5,false,czds_zone,2026-03-03T03:34:11.368051+00:00,,ns_sld_exact,1,12,32,2447,0.274,ok,,baseline
2026-03-03,yandex,112,false,czds_zone,2026-03-03T03:34:11.644580+00:00,,ns_sld_exact,1,0,235,2455,0.393,ok,,baseline
2026-03-03,yoga,34619,false,czds_zone,2026-03-03T03:34:12.038884+00:00,,ns_sld_exact,700,28,77251,884941,1.08,ok,,baseline
2026-03-03,youtube,25,false,czds_zone,2026-03-03T03:34:13.120660+00:00,,ns_sld_exact,1,0,105,7199,0.294,ok,,baseline
2026-03-03,yun,1793,false,czds_zone,2026-03-03T03:34:13.421524+00:00,,ns_sld_exact,1,2,3656,19511,0.303,ok,,baseline
2026-03-03,zara,4,false,czds_zone,2026-03-03T03:34:13.726784+00:00,,ns_sld_exact,1,4,27,2313,0.275,ok,,rolling
2026-03-03,zip,13869,false,czds_zone,2026-03-03T03:34:14.003214+00:00,,ns_sld_exact,3455,90,39791,3621989,1.715,ok,,baseline
2026-03-03,zone,58927,false,czds_zone,2026-03-03T03:34:15.719487+00:00,,ns_sld_exact,2069,1098,200691,2066910,2.533,ok,,baseline
2026-03-03,zuerich,1275,false,czds_zone,2026-03-03T03:34:18.255591+00:00,,ns_sld_exact,133,4,3574,77967,0.177,ok,,baseline
