date_utc,tld,count,is_estimate,source,fetched_at_utc,notes,count_mode,count_ds_sld,count_glue_hosts,count_ns_rr,bytes_downloaded,fetch_seconds,status,error,cadence
2026-03-02,aaa,3,false,czds_zone,2026-03-02T03:22:17.093893+00:00,,ns_sld_exact,1,12,23,4109,0.276,ok,,baseline
2026-03-02,aarp,4,false,czds_zone,2026-03-02T03:22:17.094956+00:00,,ns_sld_exact,1,7,24,3596,0.299,ok,,baseline
2026-03-02,abb,33,false,czds_zone,2026-03-02T03:22:17.096132+00:00,,ns_sld_exact,1,4,92,2848,0.301,ok,,baseline
2026-03-02,abbvie,37,false,czds_zone,2026-03-02T03:22:17.370344+00:00,,ns_sld_exact,1,9,160,5487,0.24,ok,,baseline
2026-03-02,abc,21,false,czds_zone,2026-03-02T03:22:17.394862+00:00,,ns_sld_exact,0,6,64,2272,0.26,ok,,baseline
2026-03-02,able,4,false,czds_zone,2026-03-02T03:22:17.398371+00:00,,ns_sld_exact,1,12,24,3755,0.254,ok,,baseline
2026-03-02,abogado,702,false,czds_zone,2026-03-02T03:22:17.611145+00:00,,ns_sld_exact,47,18,2000,38790,0.315,ok,,rolling
2026-03-02,abudhabi,916,false,czds_zone,2026-03-02T03:22:17.652758+00:00,,ns_sld_exact,1,6,2738,233906,0.594,ok,,baseline
2026-03-02,academy,69616,false,czds_zone,2026-03-02T03:22:17.655464+00:00,,ns_sld_exact,4506,799,170852,3018654,1.889,ok,,baseline
2026-03-02,accenture,1,false,czds_zone,2026-03-02T03:22:17.926975+00:00,,ns_sld_exact,1,6,12,2273,0.255,ok,,baseline
2026-03-02,accountant,1301,false,czds_zone,2026-03-02T03:22:18.183378+00:00,,ns_sld_exact,116,12,3516,86195,0.371,ok,,baseline
2026-03-02,accountants,1712,false,czds_zone,2026-03-02T03:22:18.247152+00:00,,ns_sld_exact,113,14,4379,78198,0.427,ok,,baseline
2026-03-02,aco,368,false,czds_zone,2026-03-02T03:22:18.554837+00:00,,ns_sld_exact,1,0,1815,81510,0.404,ok,,baseline
2026-03-02,actor,3144,false,czds_zone,2026-03-02T03:22:18.675945+00:00,,ns_sld_exact,224,22,7960,148632,0.529,ok,,baseline
2026-03-02,ads,2,false,czds_zone,2026-03-02T03:22:18.959972+00:00,,ns_sld_exact,0,0,13,2028,0.284,ok,,baseline
2026-03-02,adult,6285,false,czds_zone,2026-03-02T03:22:19.206102+00:00,,ns_sld_exact,145,12,18433,196846,0.554,ok,,baseline
2026-03-02,aeg,6,false,czds_zone,2026-03-02T03:22:19.244952+00:00,,ns_sld_exact,1,6,34,2370,0.279,ok,,baseline
2026-03-02,aero,13142,false,czds_zone,2026-03-02T03:22:19.524344+00:00,,ns_sld_exact,200,641,35300,320185,0.661,ok,,baseline
2026-03-02,aetna,7,false,czds_zone,2026-03-02T03:22:19.545754+00:00,,ns_sld_exact,1,12,48,3805,0.25,ok,,baseline
2026-03-02,afl,148,false,czds_zone,2026-03-02T03:22:19.760745+00:00,,ns_sld_exact,1,12,444,7178,0.252,ok,,baseline
2026-03-02,agakhan,1,false,czds_zone,2026-03-02T03:22:19.796095+00:00,,ns_sld_exact,1,4,8,2206,0.253,ok,,baseline
2026-03-02,agency,121911,false,czds_zone,2026-03-02T03:22:20.014121+00:00,,ns_sld_exact,7461,1605,288859,4950266,2.057,ok,,baseline
2026-03-02,aig,51,false,czds_zone,2026-03-02T03:22:20.050066+00:00,,ns_sld_exact,1,12,135,4354,0.265,ok,,rolling
2026-03-02,airbus,48,false,czds_zone,2026-03-02T03:22:20.185880+00:00,,ns_sld_exact,1,6,106,2769,0.242,ok,,baseline
2026-03-02,airforce,781,false,czds_zone,2026-03-02T03:22:20.316101+00:00,,ns_sld_exact,94,20,2101,55410,0.324,ok,,baseline
2026-03-02,akdn,3,false,czds_zone,2026-03-02T03:22:20.428574+00:00,,ns_sld_exact,1,4,12,2222,0.234,ok,,baseline
2026-03-02,alibaba,10,false,czds_zone,2026-03-02T03:22:20.640476+00:00,,ns_sld_exact,1,4,26,2330,0.267,ok,,baseline
2026-03-02,alipay,1,false,czds_zone,2026-03-02T03:22:20.663201+00:00,,ns_sld_exact,1,4,8,2191,0.274,ok,,baseline
2026-03-02,allfinanz,1766,false,czds_zone,2026-03-02T03:22:20.907705+00:00,,ns_sld_exact,1,4,6055,34301,0.387,ok,,baseline
2026-03-02,allstate,21,false,czds_zone,2026-03-02T03:22:20.938381+00:00,,ns_sld_exact,1,4,48,2453,0.264,ok,,baseline
2026-03-02,ally,24,false,czds_zone,2026-03-02T03:22:21.203824+00:00,,ns_sld_exact,1,12,64,4111,0.274,ok,,baseline
2026-03-02,alsace,2332,false,czds_zone,2026-03-02T03:22:21.295737+00:00,,ns_sld_exact,602,6,5723,212632,0.57,ok,,baseline
2026-03-02,americanexpress,4,false,czds_zone,2026-03-02T03:22:21.478754+00:00,,ns_sld_exact,1,12,18,3678,0.26,ok,,baseline
2026-03-02,americanfamily,1,false,czds_zone,2026-03-02T03:22:21.740142+00:00,,ns_sld_exact,1,7,12,3535,0.274,ok,,baseline
2026-03-02,amex,9,false,czds_zone,2026-03-02T03:22:21.867207+00:00,,ns_sld_exact,1,12,52,3840,0.273,ok,,baseline
2026-03-02,amfam,9,false,czds_zone,2026-03-02T03:22:22.015524+00:00,,ns_sld_exact,1,7,44,3714,0.34,ok,,baseline
2026-03-02,amsterdam,18233,false,czds_zone,2026-03-02T03:22:22.071581+00:00,,ns_sld_exact,2644,6,42608,3016752,1.48,ok,,baseline
2026-03-02,android,4,false,czds_zone,2026-03-02T03:22:22.141242+00:00,,ns_sld_exact,0,0,21,2489,0.243,ok,,baseline
2026-03-02,anquan,2,false,czds_zone,2026-03-02T03:22:22.357059+00:00,,ns_sld_exact,1,2,8,3636,0.249,ok,,baseline
2026-03-02,anz,41,false,czds_zone,2026-03-02T03:22:22.385371+00:00,,ns_sld_exact,4,12,150,5848,0.238,ok,,baseline
2026-03-02,aol,1,false,czds_zone,2026-03-02T03:22:22.606231+00:00,,ns_sld_exact,0,4,8,1794,0.242,ok,,baseline
2026-03-02,apartments,4298,false,czds_zone,2026-03-02T03:22:22.624204+00:00,,ns_sld_exact,165,16,11108,147455,0.512,ok,,baseline
2026-03-02,app,1096831,false,czds_zone,2026-03-02T03:22:22.848901+00:00,,ns_sld_exact,92135,3137,2722778,243206502,66.983,ok,,core
2026-03-02,apple,69,false,czds_zone,2026-03-02T03:22:23.136766+00:00,,ns_sld_exact,1,9,277,4519,0.255,ok,,baseline
2026-03-02,aquarelle,49,false,czds_zone,2026-03-02T03:22:23.391832+00:00,,ns_sld_exact,1,4,226,7300,0.266,ok,,baseline
2026-03-02,arab,1,false,czds_zone,2026-03-02T03:22:23.552241+00:00,,ns_sld_exact,1,4,8,2543,0.235,ok,,rolling
2026-03-02,aramco,1,false,czds_zone,2026-03-02T03:22:23.658834+00:00,,ns_sld_exact,1,8,12,3555,0.243,ok,,baseline
2026-03-02,archi,3719,false,czds_zone,2026-03-02T03:22:23.787645+00:00,,ns_sld_exact,713,17,9306,348818,0.527,ok,,baseline
2026-03-02,army,5133,false,czds_zone,2026-03-02T03:22:23.902451+00:00,,ns_sld_exact,454,72,12639,269752,0.528,ok,,baseline
2026-03-02,art,284941,false,czds_zone,2026-03-02T03:22:24.315119+00:00,,ns_sld_exact,22205,676,723925,13959426,8.299,ok,,baseline
2026-03-02,arte,14,false,czds_zone,2026-03-02T03:22:24.431421+00:00,,ns_sld_exact,1,6,38,2407,0.253,ok,,baseline
2026-03-02,asia,519925,false,czds_zone,2026-03-02T03:22:24.685208+00:00,,ns_sld_exact,13681,4153,1477571,13604877,11.239,ok,,baseline
2026-03-02,associates,3795,false,czds_zone,2026-03-02T03:22:32.616439+00:00,,ns_sld_exact,303,43,10053,195859,0.613,ok,,baseline
2026-03-02,athleta,1,false,czds_zone,2026-03-02T03:22:33.231158+00:00,,ns_sld_exact,1,12,12,3613,0.274,ok,,baseline
2026-03-02,attorney,4601,false,czds_zone,2026-03-02T03:22:33.506405+00:00,,ns_sld_exact,190,34,11640,160070,0.512,ok,,baseline
2026-03-02,auction,9743,false,czds_zone,2026-03-02T03:22:34.019131+00:00,,ns_sld_exact,335,45,22595,282883,0.655,ok,,baseline
2026-03-02,audi,1669,false,czds_zone,2026-03-02T03:22:34.676286+00:00,,ns_sld_exact,1,4,3375,21440,0.303,ok,,rolling
2026-03-02,audio,5126,false,czds_zone,2026-03-02T03:22:34.981057+00:00,,ns_sld_exact,377,31,13878,586872,0.661,ok,,rolling
2026-03-02,auspost,116,false,czds_zone,2026-03-02T03:22:35.643119+00:00,,ns_sld_exact,1,16,328,6233,0.287,ok,,baseline
2026-03-02,auto,512,false,czds_zone,2026-03-02T03:22:35.926350+00:00,,ns_sld_exact,10,7,1512,55715,0.38,ok,,baseline
2026-03-02,autos,239962,false,czds_zone,2026-03-02T03:22:35.930988+00:00,,ns_sld_exact,5308,77,500446,4919733,3.276,ok,,baseline
2026-03-02,axa,71,false,czds_zone,2026-03-02T03:22:36.307025+00:00,,ns_sld_exact,1,12,327,5257,0.273,ok,,baseline
2026-03-02,azure,83,false,czds_zone,2026-03-02T03:22:36.580579+00:00,,ns_sld_exact,1,9,728,8356,0.262,ok,,baseline
2026-03-02,baby,47695,false,czds_zone,2026-03-02T03:22:36.843728+00:00,,ns_sld_exact,2662,284,100792,1736617,1.586,ok,,baseline
2026-03-02,baidu,1,false,czds_zone,2026-03-02T03:22:38.430595+00:00,,ns_sld_exact,0,0,12,1975,0.269,ok,,baseline
2026-03-02,banamex,1,false,czds_zone,2026-03-02T03:22:38.701198+00:00,,ns_sld_exact,1,12,12,3622,0.272,ok,,baseline
2026-03-02,band,19110,false,czds_zone,2026-03-02T03:22:38.973830+00:00,,ns_sld_exact,1523,145,53757,990090,1.079,ok,,baseline
2026-03-02,bar,37842,false,czds_zone,2026-03-02T03:22:39.208228+00:00,,ns_sld_exact,1284,123,91342,983663,1.121,ok,,baseline
2026-03-02,barcelona,4596,false,czds_zone,2026-03-02T03:22:40.054104+00:00,,ns_sld_exact,378,27,13508,1215020,0.917,ok,,baseline
2026-03-02,barclaycard,28,false,czds_zone,2026-03-02T03:22:40.330923+00:00,,ns_sld_exact,6,4,144,5204,0.269,ok,,rolling
2026-03-02,barclays,139,false,czds_zone,2026-03-02T03:22:40.605343+00:00,,ns_sld_exact,27,4,740,17516,0.296,ok,,rolling
2026-03-02,barefoot,1,false,czds_zone,2026-03-02T03:22:40.902204+00:00,,ns_sld_exact,1,4,8,2207,0.272,ok,,baseline
2026-03-02,bargains,1841,false,czds_zone,2026-03-02T03:22:40.972216+00:00,,ns_sld_exact,65,16,5162,63666,0.356,ok,,baseline
2026-03-02,baseball,1,false,czds_zone,2026-03-02T03:22:41.175788+00:00,,ns_sld_exact,1,12,12,3627,0.272,ok,,baseline
2026-03-02,basketball,655,false,czds_zone,2026-03-02T03:22:41.329858+00:00,,ns_sld_exact,10,23,2091,29171,0.274,ok,,baseline
2026-03-02,bauhaus,39,false,czds_zone,2026-03-02T03:22:41.448800+00:00,,ns_sld_exact,1,0,138,11509,0.267,ok,,baseline
2026-03-02,bayern,28045,false,czds_zone,2026-03-02T03:22:41.605609+00:00,,ns_sld_exact,386,34,89677,6868128,2.009,ok,,baseline
2026-03-02,bbc,6,false,czds_zone,2026-03-02T03:22:41.716438+00:00,,ns_sld_exact,1,9,30,4846,0.263,ok,,baseline
2026-03-02,bbt,1,false,czds_zone,2026-03-02T03:22:41.980455+00:00,,ns_sld_exact,0,4,8,1793,0.264,ok,,baseline
2026-03-02,bbva,13,false,czds_zone,2026-03-02T03:22:42.245535+00:00,,ns_sld_exact,1,9,94,5173,0.259,ok,,baseline
2026-03-02,bcg,2,false,czds_zone,2026-03-02T03:22:42.505828+00:00,,ns_sld_exact,1,4,10,2208,0.267,ok,,baseline
2026-03-02,bcn,3,false,czds_zone,2026-03-02T03:22:42.778697+00:00,,ns_sld_exact,1,0,14,2814,0.273,ok,,baseline
2026-03-02,beats,3,false,czds_zone,2026-03-02T03:22:43.052295+00:00,,ns_sld_exact,1,4,16,1437,0.29,ok,,baseline
2026-03-02,beauty,75872,false,czds_zone,2026-03-02T03:22:43.342968+00:00,,ns_sld_exact,2207,68,160795,2100662,2.018,ok,,baseline
2026-03-02,beer,104613,false,czds_zone,2026-03-02T03:22:43.615826+00:00,,ns_sld_exact,9335,53,216503,5764231,2.782,ok,,baseline
2026-03-02,berlin,43291,false,czds_zone,2026-03-02T03:22:45.362162+00:00,,ns_sld_exact,533,58,122078,1008766,1.456,ok,,baseline
2026-03-02,best,34051,false,czds_zone,2026-03-02T03:22:46.402285+00:00,,ns_sld_exact,3161,310,77171,1841260,1.047,ok,,baseline
2026-03-02,bestbuy,1,false,czds_zone,2026-03-02T03:22:46.820453+00:00,,ns_sld_exact,1,4,8,2202,0.267,ok,,baseline
2026-03-02,bet,117437,false,czds_zone,2026-03-02T03:22:47.088282+00:00,,ns_sld_exact,1804,515,257374,2331581,2.005,ok,,baseline
2026-03-02,bharti,1,false,czds_zone,2026-03-02T03:22:47.450015+00:00,,ns_sld_exact,1,6,12,3720,0.302,ok,,baseline
2026-03-02,bible,1354,false,czds_zone,2026-03-02T03:22:47.752514+00:00,,ns_sld_exact,242,22,4065,144792,0.39,ok,,baseline
2026-03-02,bid,41313,false,czds_zone,2026-03-02T03:22:48.144551+00:00,,ns_sld_exact,355,242,88792,684413,1.146,ok,,baseline
2026-03-02,bike,15858,false,czds_zone,2026-03-02T03:22:49.096666+00:00,,ns_sld_exact,1101,174,40746,727919,0.715,ok,,baseline
2026-03-02,bing,18,false,czds_zone,2026-03-02T03:22:49.291691+00:00,,ns_sld_exact,1,9,84,5194,0.268,ok,,baseline
2026-03-02,bingo,2471,false,czds_zone,2026-03-02T03:22:49.559913+00:00,,ns_sld_exact,99,20,6276,85330,0.395,ok,,baseline
2026-03-02,bio,54044,false,czds_zone,2026-03-02T03:22:49.813179+00:00,,ns_sld_exact,2751,2324,142083,2060696,1.734,ok,,baseline
2026-03-02,biz,1208675,false,czds_zone,2026-03-02T03:22:49.955569+00:00,,ns_sld_exact,41182,7452,3047324,41590927,27.81,ok,,baseline
2026-03-02,black,6020,false,czds_zone,2026-03-02T03:22:51.548415+00:00,,ns_sld_exact,361,62,15199,252435,0.56,ok,,baseline
2026-03-02,blackfriday,855,false,czds_zone,2026-03-02T03:22:52.109769+00:00,,ns_sld_exact,44,11,2876,33470,0.311,ok,,baseline
2026-03-02,blockbuster,1,false,czds_zone,2026-03-02T03:22:52.423693+00:00,,ns_sld_exact,1,0,6,1300,0.29,ok,,baseline
2026-03-02,blog,366085,false,czds_zone,2026-03-02T03:22:52.714190+00:00,,ns_sld_exact,14732,199,933476,12246179,10.083,ok,,rolling
2026-03-02,bloomberg,77,false,czds_zone,2026-03-02T03:23:02.798941+00:00,,ns_sld_exact,1,6,543,4587,0.311,ok,,baseline
2026-03-02,blue,14811,false,czds_zone,2026-03-02T03:23:03.113403+00:00,,ns_sld_exact,1333,285,38535,808240,0.926,ok,,baseline
2026-03-02,bms,3,false,czds_zone,2026-03-02T03:23:04.040833+00:00,,ns_sld_exact,0,4,16,1858,0.283,ok,,baseline
2026-03-02,bmw,131,false,czds_zone,2026-03-02T03:23:04.324994+00:00,,ns_sld_exact,1,4,535,5605,0.293,ok,,rolling
2026-03-02,boats,57691,false,czds_zone,2026-03-02T03:23:04.619012+00:00,,ns_sld_exact,1644,31,118656,1368383,1.589,ok,,baseline
2026-03-02,boehringer,1,false,czds_zone,2026-03-02T03:23:06.209051+00:00,,ns_sld_exact,1,4,8,2203,0.273,ok,,baseline
2026-03-02,bofa,1,false,czds_zone,2026-03-02T03:23:06.483107+00:00,,ns_sld_exact,1,6,12,2247,0.289,ok,,baseline
2026-03-02,bom,1,false,czds_zone,2026-03-02T03:23:06.774242+00:00,,ns_sld_exact,1,0,8,1165,0.278,ok,,baseline
2026-03-02,bond,1133917,false,czds_zone,2026-03-02T03:23:07.052914+00:00,,ns_sld_exact,5558,37,2335588,13507565,16.201,ok,,baseline
2026-03-02,boo,3255,false,czds_zone,2026-03-02T03:23:17.766588+00:00,,ns_sld_exact,486,9,8462,781764,1.043,ok,,baseline
2026-03-02,booking,1,false,czds_zone,2026-03-02T03:23:18.811019+00:00,,ns_sld_exact,1,12,12,3621,0.283,ok,,baseline
2026-03-02,bosch,1,false,czds_zone,2026-03-02T03:23:19.094734+00:00,,ns_sld_exact,0,4,8,1792,0.279,ok,,rolling
2026-03-02,bostik,38,false,czds_zone,2026-03-02T03:23:19.376996+00:00,,ns_sld_exact,2,0,80,2082,0.287,ok,,baseline
2026-03-02,boston,4610,false,czds_zone,2026-03-02T03:23:19.664598+00:00,,ns_sld_exact,151,16,10622,150693,0.546,ok,,baseline
2026-03-02,boutique,16352,false,czds_zone,2026-03-02T03:23:20.212082+00:00,,ns_sld_exact,1231,100,38877,770685,1.024,ok,,baseline
2026-03-02,box,2818,false,czds_zone,2026-03-02T03:23:21.236998+00:00,,ns_sld_exact,2,8,6151,28232,0.42,ok,,baseline
2026-03-02,bradesco,219,false,czds_zone,2026-03-02T03:23:21.658679+00:00,,ns_sld_exact,1,4,750,6154,0.29,ok,,baseline
2026-03-02,bridgestone,68,false,czds_zone,2026-03-02T03:23:21.949622+00:00,,ns_sld_exact,1,0,254,18740,0.284,ok,,baseline
2026-03-02,broadway,340,false,czds_zone,2026-03-02T03:23:22.236448+00:00,,ns_sld_exact,1,9,1102,10672,0.279,ok,,baseline
2026-03-02,broker,2947,false,czds_zone,2026-03-02T03:23:22.517768+00:00,,ns_sld_exact,170,84,7460,120264,0.503,ok,,rolling
2026-03-02,brother,9,false,czds_zone,2026-03-02T03:23:23.023689+00:00,,ns_sld_exact,0,0,34,4159,0.32,ok,,baseline
2026-03-02,brussels,7957,false,czds_zone,2026-03-02T03:23:23.257567+00:00,,ns_sld_exact,2091,22,19382,718191,0.806,ok,,baseline
2026-03-02,build,8836,false,czds_zone,2026-03-02T03:23:23.345315+00:00,,ns_sld_exact,283,20,21083,283429,0.707,ok,,baseline
2026-03-02,builders,6172,false,czds_zone,2026-03-02T03:23:24.054780+00:00,,ns_sld_exact,436,42,15883,285844,0.63,ok,,baseline
2026-03-02,business,33883,false,czds_zone,2026-03-02T03:23:24.065409+00:00,,ns_sld_exact,2659,720,88038,1704358,1.545,ok,,baseline
2026-03-02,buzz,161988,false,czds_zone,2026-03-02T03:23:24.685920+00:00,,ns_sld_exact,5674,308,350342,5000294,2.961,ok,,baseline
2026-03-02,cab,3689,false,czds_zone,2026-03-02T03:23:25.612156+00:00,,ns_sld_exact,219,60,8936,155023,0.429,ok,,rolling
2026-03-02,cafe,23117,false,czds_zone,2026-03-02T03:23:26.042327+00:00,,ns_sld_exact,1521,269,57832,1018011,0.913,ok,,baseline
2026-03-02,cal,1,false,czds_zone,2026-03-02T03:23:26.959942+00:00,,ns_sld_exact,0,0,9,1818,0.27,ok,,baseline
2026-03-02,cam,41745,false,czds_zone,2026-03-02T03:23:27.231868+00:00,,ns_sld_exact,4831,278,90315,2565343,1.314,ok,,baseline
2026-03-02,camera,3182,false,czds_zone,2026-03-02T03:23:27.650022+00:00,,ns_sld_exact,179,49,8922,135891,0.449,ok,,baseline
2026-03-02,camp,8115,false,czds_zone,2026-03-02T03:23:28.103615+00:00,,ns_sld_exact,645,78,22078,413737,0.596,ok,,baseline
2026-03-02,capital,32646,false,czds_zone,2026-03-02T03:23:28.546859+00:00,,ns_sld_exact,2307,239,80776,1465670,1.208,ok,,baseline
2026-03-02,capitalone,1,false,czds_zone,2026-03-02T03:23:28.700578+00:00,,ns_sld_exact,1,7,12,3760,0.271,ok,,baseline
2026-03-02,car,293,false,czds_zone,2026-03-02T03:23:28.973479+00:00,,ns_sld_exact,8,8,907,32991,0.289,ok,,baseline
2026-03-02,caravan,2,false,czds_zone,2026-03-02T03:23:29.263657+00:00,,ns_sld_exact,1,12,15,3649,0.276,ok,,baseline
2026-03-02,cards,12062,false,czds_zone,2026-03-02T03:23:29.540891+00:00,,ns_sld_exact,730,78,32285,512324,0.722,ok,,baseline
2026-03-02,care,44754,false,czds_zone,2026-03-02T03:23:29.756387+00:00,,ns_sld_exact,3494,448,112285,2172779,1.241,ok,,baseline
2026-03-02,career,1338,false,czds_zone,2026-03-02T03:23:29.832911+00:00,,ns_sld_exact,52,9,4302,68676,0.252,ok,,baseline
2026-03-02,careers,9374,false,czds_zone,2026-03-02T03:23:30.085547+00:00,,ns_sld_exact,593,89,25750,427090,0.562,ok,,baseline
2026-03-02,cars,283,false,czds_zone,2026-03-02T03:23:30.264852+00:00,,ns_sld_exact,6,4,839,31139,0.255,ok,,baseline
2026-03-02,casa,59007,false,czds_zone,2026-03-02T03:23:30.521400+00:00,,ns_sld_exact,3430,211,126484,2581588,1.428,ok,,baseline
2026-03-02,case,44,false,czds_zone,2026-03-02T03:23:30.648920+00:00,,ns_sld_exact,1,4,164,2190,0.25,ok,,baseline
2026-03-02,cash,18688,false,czds_zone,2026-03-02T03:23:30.899979+00:00,,ns_sld_exact,1072,189,43927,729661,1.015,ok,,baseline
2026-03-02,casino,61752,false,czds_zone,2026-03-02T03:23:30.998468+00:00,,ns_sld_exact,6241,996,134319,3275764,1.454,ok,,baseline
2026-03-02,cat,114675,false,czds_zone,2026-03-02T03:23:31.916733+00:00,,ns_sld_exact,12038,1107,336348,30463529,8.154,ok,,baseline
2026-03-02,catering,3008,false,czds_zone,2026-03-02T03:23:31.951242+00:00,,ns_sld_exact,196,25,8117,140786,0.45,ok,,baseline
2026-03-02,catholic,22,false,czds_zone,2026-03-02T03:23:32.402937+00:00,,ns_sld_exact,5,16,86,6122,0.25,ok,,baseline
2026-03-02,cba,83,false,czds_zone,2026-03-02T03:23:32.453628+00:00,,ns_sld_exact,1,12,309,6190,0.253,ok,,baseline
2026-03-02,cbn,5,false,czds_zone,2026-03-02T03:23:32.653371+00:00,,ns_sld_exact,1,12,36,3755,0.243,ok,,rolling
2026-03-02,cbre,1,false,czds_zone,2026-03-02T03:23:32.707532+00:00,,ns_sld_exact,1,12,12,3608,0.244,ok,,baseline
2026-03-02,center,43290,false,czds_zone,2026-03-02T03:23:32.897299+00:00,,ns_sld_exact,1611,702,104649,1412320,1.074,ok,,baseline
2026-03-02,cern,95,false,czds_zone,2026-03-02T03:23:32.952296+00:00,,ns_sld_exact,1,4,196,3205,0.255,ok,,baseline
2026-03-02,cfa,7,false,czds_zone,2026-03-02T03:23:33.208310+00:00,,ns_sld_exact,1,6,24,2342,0.26,ok,,baseline
2026-03-02,cfd,479050,false,czds_zone,2026-03-02T03:23:33.468781+00:00,,ns_sld_exact,19580,572,1188490,16044468,8.43,ok,,baseline
2026-03-02,chanel,5,false,czds_zone,2026-03-02T03:23:33.972439+00:00,,ns_sld_exact,0,4,16,1855,0.272,ok,,baseline
2026-03-02,channel,3408,false,czds_zone,2026-03-02T03:23:34.245646+00:00,,ns_sld_exact,151,4,8661,743683,0.76,ok,,baseline
2026-03-02,charity,4732,false,czds_zone,2026-03-02T03:23:35.006622+00:00,,ns_sld_exact,322,24,12784,220014,0.622,ok,,baseline
2026-03-02,chase,95,false,czds_zone,2026-03-02T03:23:35.630808+00:00,,ns_sld_exact,1,8,434,5658,0.276,ok,,baseline
2026-03-02,chat,50950,false,czds_zone,2026-03-02T03:23:35.909562+00:00,,ns_sld_exact,2639,481,118990,1891418,1.762,ok,,baseline
2026-03-02,cheap,7101,false,czds_zone,2026-03-02T03:23:37.673517+00:00,,ns_sld_exact,162,47,15660,179560,0.655,ok,,baseline
2026-03-02,chintai,7,false,czds_zone,2026-03-02T03:23:38.330802+00:00,,ns_sld_exact,1,12,30,3842,0.278,ok,,baseline
2026-03-02,christmas,10126,false,czds_zone,2026-03-02T03:23:38.610159+00:00,,ns_sld_exact,2464,18,21410,1387474,1.133,ok,,baseline
2026-03-02,chrome,2,false,czds_zone,2026-03-02T03:23:39.744633+00:00,,ns_sld_exact,0,0,13,2040,0.277,ok,,baseline
2026-03-02,church,33518,false,czds_zone,2026-03-02T03:23:40.023220+00:00,,ns_sld_exact,1748,360,85365,1282637,1.183,ok,,baseline
2026-03-02,cipriani,1,false,czds_zone,2026-03-02T03:23:40.072646+00:00,,ns_sld_exact,1,4,8,2204,0.275,ok,,baseline
2026-03-02,cisco,40,false,czds_zone,2026-03-02T03:23:40.349671+00:00,,ns_sld_exact,18,12,149,12753,0.282,ok,,baseline
2026-03-02,citadel,1,false,czds_zone,2026-03-02T03:23:40.633485+00:00,,ns_sld_exact,1,4,8,2201,0.271,ok,,baseline
2026-03-02,citi,4,false,czds_zone,2026-03-02T03:23:40.906690+00:00,,ns_sld_exact,1,12,30,3711,0.274,ok,,baseline
2026-03-02,citic,157,false,czds_zone,2026-03-02T03:23:41.182329+00:00,,ns_sld_exact,0,7,514,34631,0.28,ok,,baseline
2026-03-02,city,30518,false,czds_zone,2026-03-02T03:23:41.207142+00:00,,ns_sld_exact,1772,565,74566,1240983,1.102,ok,,baseline
2026-03-02,claims,5668,false,czds_zone,2026-03-02T03:23:41.463689+00:00,,ns_sld_exact,264,17,13609,197533,0.572,ok,,baseline
2026-03-02,cleaning,2533,false,czds_zone,2026-03-02T03:23:41.900220+00:00,,ns_sld_exact,223,38,6855,140883,0.392,ok,,baseline
2026-03-02,click,687290,false,czds_zone,2026-03-02T03:23:42.036971+00:00,,ns_sld_exact,16951,5623,1511489,15063335,16.629,ok,,rolling
2026-03-02,clinic,17345,false,czds_zone,2026-03-02T03:23:42.293610+00:00,,ns_sld_exact,764,174,44776,620939,0.708,ok,,baseline
2026-03-02,clinique,1,false,czds_zone,2026-03-02T03:23:42.309491+00:00,,ns_sld_exact,1,4,8,2206,0.264,ok,,rolling
2026-03-02,clothing,9748,false,czds_zone,2026-03-02T03:23:42.574155+00:00,,ns_sld_exact,638,49,26797,442418,0.668,ok,,baseline
2026-03-02,cloud,461608,false,czds_zone,2026-03-02T03:23:43.003090+00:00,,ns_sld_exact,34297,4876,1197622,18351223,15.24,ok,,baseline
2026-03-02,club,524877,false,czds_zone,2026-03-02T03:23:43.243073+00:00,,ns_sld_exact,14825,1782,1233498,15673439,14.259,ok,,baseline
2026-03-02,clubmed,32,false,czds_zone,2026-03-02T03:23:57.503890+00:00,,ns_sld_exact,1,6,84,2784,0.144,ok,,rolling
2026-03-02,coach,25234,false,czds_zone,2026-03-02T03:23:57.650014+00:00,,ns_sld_exact,1547,98,64661,1074631,1.031,ok,,baseline
2026-03-02,codes,16902,false,czds_zone,2026-03-02T03:23:58.248558+00:00,,ns_sld_exact,1553,283,44498,931769,0.759,ok,,baseline
2026-03-02,coffee,26968,false,czds_zone,2026-03-02T03:23:58.667494+00:00,,ns_sld_exact,1974,242,69417,1261934,0.75,ok,,baseline
2026-03-02,college,7052,false,czds_zone,2026-03-02T03:23:58.682556+00:00,,ns_sld_exact,199,15,16545,201610,0.317,ok,,baseline
2026-03-02,cologne,3956,false,czds_zone,2026-03-02T03:23:59.001327+00:00,,ns_sld_exact,96,11,12366,117715,0.233,ok,,baseline
2026-03-02,commbank,8,false,czds_zone,2026-03-02T03:23:59.009401+00:00,,ns_sld_exact,1,12,40,3951,0.105,ok,,baseline
2026-03-02,community,24117,false,czds_zone,2026-03-02T03:23:59.115395+00:00,,ns_sld_exact,2979,154,70042,1681818,0.974,ok,,baseline
2026-03-02,company,77895,false,czds_zone,2026-03-02T03:23:59.235873+00:00,,ns_sld_exact,6878,1031,207105,4189382,2.415,ok,,baseline
2026-03-02,compare,911,false,czds_zone,2026-03-02T03:23:59.418589+00:00,,ns_sld_exact,39,14,2557,39479,0.138,ok,,baseline
2026-03-02,computer,8807,false,czds_zone,2026-03-02T03:23:59.558173+00:00,,ns_sld_exact,871,173,23459,512518,0.445,ok,,baseline
2026-03-02,condos,1437,false,czds_zone,2026-03-02T03:24:00.004444+00:00,,ns_sld_exact,57,8,3494,49682,0.148,ok,,baseline
2026-03-02,construction,9383,false,czds_zone,2026-03-02T03:24:00.090908+00:00,,ns_sld_exact,963,50,24923,557954,0.402,ok,,baseline
2026-03-02,consulting,39152,false,czds_zone,2026-03-02T03:24:00.153635+00:00,,ns_sld_exact,4209,328,107702,2441919,1.43,ok,,baseline
2026-03-02,contact,11338,false,czds_zone,2026-03-02T03:24:00.495431+00:00,,ns_sld_exact,2076,114,30607,1039910,0.613,ok,,baseline
2026-03-02,contractors,3409,false,czds_zone,2026-03-02T03:24:01.110275+00:00,,ns_sld_exact,220,47,8982,154701,0.231,ok,,baseline
2026-03-02,cooking,2246,false,czds_zone,2026-03-02T03:24:01.344456+00:00,,ns_sld_exact,110,20,6019,100148,0.182,ok,,baseline
2026-03-02,cool,21872,false,czds_zone,2026-03-02T03:24:01.527488+00:00,,ns_sld_exact,1425,251,53142,942414,0.577,ok,,baseline
2026-03-02,coop,8257,false,czds_zone,2026-03-02T03:24:01.586955+00:00,,ns_sld_exact,218,187,21021,217123,0.25,ok,,baseline
2026-03-02,corsica,2309,false,czds_zone,2026-03-02T03:24:01.652164+00:00,,ns_sld_exact,723,23,5415,235935,0.249,ok,,rolling
2026-03-02,country,3074,false,czds_zone,2026-03-02T03:24:01.838496+00:00,,ns_sld_exact,25,5,6902,41395,0.153,ok,,baseline
2026-03-02,coupons,7035,false,czds_zone,2026-03-02T03:24:01.902079+00:00,,ns_sld_exact,2310,39,15538,1035117,0.438,ok,,baseline
2026-03-02,courses,11535,false,czds_zone,2026-03-02T03:24:01.992385+00:00,,ns_sld_exact,359,24,26473,365292,0.366,ok,,baseline
2026-03-02,cpa,6425,false,czds_zone,2026-03-02T03:24:02.105137+00:00,,ns_sld_exact,41,17,13416,92219,0.249,ok,,baseline
2026-03-02,credit,5667,false,czds_zone,2026-03-02T03:24:02.341375+00:00,,ns_sld_exact,254,42,14212,201683,0.223,ok,,baseline
2026-03-02,creditcard,1490,false,czds_zone,2026-03-02T03:24:02.355617+00:00,,ns_sld_exact,54,12,3985,50076,0.164,ok,,baseline
2026-03-02,creditunion,414,false,czds_zone,2026-03-02T03:24:02.359685+00:00,,ns_sld_exact,20,1,1217,13523,0.101,ok,,rolling
2026-03-02,cricket,962,false,czds_zone,2026-03-02T03:24:02.461943+00:00,,ns_sld_exact,64,22,2437,52019,0.131,ok,,baseline
2026-03-02,crs,562,false,czds_zone,2026-03-02T03:24:02.520209+00:00,,ns_sld_exact,538,4,1130,211508,0.128,ok,,baseline
2026-03-02,cruise,1,false,czds_zone,2026-03-02T03:24:02.565059+00:00,,ns_sld_exact,1,4,8,2200,0.091,ok,,baseline
2026-03-02,cruises,2203,false,czds_zone,2026-03-02T03:24:02.594091+00:00,,ns_sld_exact,80,14,5944,74668,0.126,ok,,baseline
2026-03-02,cuisinella,14,false,czds_zone,2026-03-02T03:24:02.648426+00:00,,ns_sld_exact,1,12,38,3799,0.088,ok,,baseline
2026-03-02,cymru,8378,false,czds_zone,2026-03-02T03:24:02.656397+00:00,,ns_sld_exact,156,31,21640,268749,0.23,ok,,baseline
2026-03-02,cyou,426187,false,czds_zone,2026-03-02T03:24:02.721318+00:00,,ns_sld_exact,7842,664,893407,7545259,6.575,ok,,baseline
2026-03-02,dad,3385,false,czds_zone,2026-03-02T03:24:02.736837+00:00,,ns_sld_exact,515,16,8904,818152,0.362,ok,,baseline
2026-03-02,dance,8320,false,czds_zone,2026-03-02T03:24:02.888624+00:00,,ns_sld_exact,681,34,22102,429816,0.375,ok,,baseline
2026-03-02,data,1,false,czds_zone,2026-03-02T03:24:03.099663+00:00,,ns_sld_exact,1,0,6,1282,0.099,ok,,baseline
2026-03-02,date,9045,false,czds_zone,2026-03-02T03:24:03.199223+00:00,,ns_sld_exact,380,46,21529,331842,0.367,ok,,baseline
2026-03-02,dating,3935,false,czds_zone,2026-03-02T03:24:03.264972+00:00,,ns_sld_exact,286,88,10122,189181,0.251,ok,,baseline
2026-03-02,day,11913,false,czds_zone,2026-03-02T03:24:03.517819+00:00,,ns_sld_exact,1882,23,31480,2869229,0.993,ok,,baseline
2026-03-02,dclk,1,false,czds_zone,2026-03-02T03:24:03.567285+00:00,,ns_sld_exact,0,0,9,1819,0.106,ok,,baseline
2026-03-02,dds,1,false,czds_zone,2026-03-02T03:24:03.674233+00:00,,ns_sld_exact,1,12,12,3584,0.113,ok,,baseline
2026-03-02,dealer,172,false,czds_zone,2026-03-02T03:24:03.787852+00:00,,ns_sld_exact,4,4,509,6851,0.123,ok,,baseline
2026-03-02,deals,8944,false,czds_zone,2026-03-02T03:24:03.911608+00:00,,ns_sld_exact,447,115,23009,342465,0.386,ok,,baseline
2026-03-02,degree,1021,false,czds_zone,2026-03-02T03:24:04.298558+00:00,,ns_sld_exact,54,15,2679,42662,0.142,ok,,rolling
2026-03-02,delivery,8898,false,czds_zone,2026-03-02T03:24:04.441558+00:00,,ns_sld_exact,620,140,22006,408869,0.401,ok,,baseline
2026-03-02,dell,24,false,czds_zone,2026-03-02T03:24:04.512450+00:00,,ns_sld_exact,1,12,87,4036,0.108,ok,,baseline
2026-03-02,deloitte,86,false,czds_zone,2026-03-02T03:24:04.621967+00:00,,ns_sld_exact,55,4,482,21022,0.122,ok,,baseline
2026-03-02,delta,1,false,czds_zone,2026-03-02T03:24:04.744559+00:00,,ns_sld_exact,1,4,8,2193,0.103,ok,,rolling
2026-03-02,democrat,989,false,czds_zone,2026-03-02T03:24:04.844272+00:00,,ns_sld_exact,77,9,2877,53237,0.152,ok,,baseline
2026-03-02,dental,8694,false,czds_zone,2026-03-02T03:24:04.847976+00:00,,ns_sld_exact,490,43,23089,358855,0.38,ok,,baseline
2026-03-02,dentist,2623,false,czds_zone,2026-03-02T03:24:04.997385+00:00,,ns_sld_exact,112,17,6504,93515,0.185,ok,,rolling
2026-03-02,desi,1851,false,czds_zone,2026-03-02T03:24:05.183983+00:00,,ns_sld_exact,19,7,6152,49229,0.159,ok,,baseline
2026-03-02,design,113578,false,czds_zone,2026-03-02T03:24:05.230690+00:00,,ns_sld_exact,8114,148,297542,5842095,3.202,ok,,baseline
2026-03-02,dev,600763,false,czds_zone,2026-03-02T03:24:05.344379+00:00,,ns_sld_exact,100163,2707,1593156,144546481,39.939,ok,,core
2026-03-02,dhl,93,false,czds_zone,2026-03-02T03:24:08.433952+00:00,,ns_sld_exact,66,4,215,23075,0.119,ok,,baseline
2026-03-02,diamonds,2030,false,czds_zone,2026-03-02T03:24:08.554169+00:00,,ns_sld_exact,109,21,5365,83841,0.437,ok,,baseline
2026-03-02,diet,983,false,czds_zone,2026-03-02T03:24:08.993430+00:00,,ns_sld_exact,29,8,2517,106655,0.189,ok,,baseline
2026-03-02,digital,275012,false,czds_zone,2026-03-02T03:24:09.183563+00:00,,ns_sld_exact,10137,3003,617855,8523709,5.085,ok,,baseline
2026-03-02,direct,12833,false,czds_zone,2026-03-02T03:24:09.297059+00:00,,ns_sld_exact,692,141,32501,503944,0.459,ok,,baseline
2026-03-02,directory,16108,false,czds_zone,2026-03-02T03:24:09.758199+00:00,,ns_sld_exact,708,209,38637,561051,0.483,ok,,baseline
2026-03-02,discount,3058,false,czds_zone,2026-03-02T03:24:10.243367+00:00,,ns_sld_exact,137,33,8541,115076,0.183,ok,,baseline
2026-03-02,discover,101,false,czds_zone,2026-03-02T03:24:10.427752+00:00,,ns_sld_exact,1,6,216,3281,0.112,ok,,baseline
2026-03-02,dish,2,false,czds_zone,2026-03-02T03:24:10.541289+00:00,,ns_sld_exact,1,0,8,1316,0.114,ok,,baseline
2026-03-02,diy,8533,false,czds_zone,2026-03-02T03:24:10.656186+00:00,,ns_sld_exact,183,12,18427,171816,0.28,ok,,baseline
2026-03-02,docs,2,false,czds_zone,2026-03-02T03:24:10.937651+00:00,,ns_sld_exact,0,0,13,2033,0.101,ok,,baseline
2026-03-02,doctor,7627,false,czds_zone,2026-03-02T03:24:11.039399+00:00,,ns_sld_exact,348,32,17790,260642,0.308,ok,,baseline
2026-03-02,dog,16766,false,czds_zone,2026-03-02T03:24:11.348512+00:00,,ns_sld_exact,1290,116,43363,815645,0.504,ok,,baseline
2026-03-02,domains,7364,false,czds_zone,2026-03-02T03:24:11.858746+00:00,,ns_sld_exact,544,636,19987,368261,0.322,ok,,baseline
2026-03-02,dot,1,false,czds_zone,2026-03-02T03:24:12.185296+00:00,,ns_sld_exact,1,0,6,1284,0.109,ok,,baseline
2026-03-02,download,9373,false,czds_zone,2026-03-02T03:24:12.294990+00:00,,ns_sld_exact,493,69,22816,414012,0.345,ok,,baseline
2026-03-02,drive,1,false,czds_zone,2026-03-02T03:24:12.642905+00:00,,ns_sld_exact,0,0,9,1815,0.102,ok,,baseline
2026-03-02,dtv,1,false,czds_zone,2026-03-02T03:24:12.745356+00:00,,ns_sld_exact,1,0,6,1287,0.12,ok,,baseline
2026-03-02,dupont,7,false,czds_zone,2026-03-02T03:24:12.866344+00:00,,ns_sld_exact,1,8,36,3712,0.106,ok,,baseline
2026-03-02,dvag,9053,false,czds_zone,2026-03-02T03:24:12.973177+00:00,,ns_sld_exact,1,4,34028,163562,0.37,ok,,baseline
2026-03-02,dvr,1,false,czds_zone,2026-03-02T03:24:13.348678+00:00,,ns_sld_exact,1,0,6,1283,0.104,ok,,baseline
2026-03-02,earth,40050,false,czds_zone,2026-03-02T03:24:13.453528+00:00,,ns_sld_exact,2678,83,99785,1918884,1.071,ok,,baseline
2026-03-02,eat,3,false,czds_zone,2026-03-02T03:24:14.275833+00:00,,ns_sld_exact,0,0,17,2245,0.109,ok,,rolling
2026-03-02,eco,6806,false,czds_zone,2026-03-02T03:24:14.389693+00:00,,ns_sld_exact,935,8,18611,528067,0.317,ok,,baseline
2026-03-02,edeka,114,false,czds_zone,2026-03-02T03:24:14.525449+00:00,,ns_sld_exact,1,4,368,4488,0.113,ok,,baseline
2026-03-02,education,29814,false,czds_zone,2026-03-02T03:24:14.639792+00:00,,ns_sld_exact,2630,428,81032,1642480,1.337,ok,,baseline
2026-03-02,email,120957,false,czds_zone,2026-03-02T03:24:14.709801+00:00,,ns_sld_exact,9700,2387,304598,6073634,3.241,ok,,baseline
2026-03-02,emerck,10,false,czds_zone,2026-03-02T03:24:15.978117+00:00,,ns_sld_exact,1,4,53,2457,0.111,ok,,baseline
2026-03-02,energy,25790,false,czds_zone,2026-03-02T03:24:16.090849+00:00,,ns_sld_exact,1860,193,64708,1195949,0.794,ok,,baseline
2026-03-02,engineer,7281,false,czds_zone,2026-03-02T03:24:16.885992+00:00,,ns_sld_exact,727,104,20974,437967,0.375,ok,,baseline
2026-03-02,engineering,10632,false,czds_zone,2026-03-02T03:24:17.294227+00:00,,ns_sld_exact,1019,114,29340,625926,0.577,ok,,rolling
2026-03-02,enterprises,9012,false,czds_zone,2026-03-02T03:24:17.878556+00:00,,ns_sld_exact,767,121,23487,476089,0.303,ok,,baseline
2026-03-02,epson,2,false,czds_zone,2026-03-02T03:24:17.952228+00:00,,ns_sld_exact,0,0,12,2527,0.113,ok,,baseline
2026-03-02,equipment,5098,false,czds_zone,2026-03-02T03:24:18.065693+00:00,,ns_sld_exact,284,34,12995,208692,0.212,ok,,baseline
2026-03-02,ericsson,5,false,czds_zone,2026-03-02T03:24:18.182758+00:00,,ns_sld_exact,1,4,20,2278,0.107,ok,,baseline
2026-03-02,esq,2222,false,czds_zone,2026-03-02T03:24:18.279136+00:00,,ns_sld_exact,626,0,6206,593824,0.261,ok,,baseline
2026-03-02,estate,11233,false,czds_zone,2026-03-02T03:24:18.290495+00:00,,ns_sld_exact,662,153,28068,468041,0.36,ok,,baseline
2026-03-02,eurovision,4,false,czds_zone,2026-03-02T03:24:18.540555+00:00,,ns_sld_exact,1,0,15,2990,0.135,ok,,baseline
2026-03-02,eus,15549,false,czds_zone,2026-03-02T03:24:18.652037+00:00,,ns_sld_exact,1396,266,46193,4115702,1.179,ok,,baseline
2026-03-02,events,33586,false,czds_zone,2026-03-02T03:24:18.676585+00:00,,ns_sld_exact,2459,300,88988,1626035,1.142,ok,,baseline
2026-03-02,exchange,17768,false,czds_zone,2026-03-02T03:24:19.822992+00:00,,ns_sld_exact,897,195,42652,653229,0.705,ok,,baseline
2026-03-02,expert,27133,false,czds_zone,2026-03-02T03:24:19.832005+00:00,,ns_sld_exact,1552,299,68616,1109571,0.773,ok,,baseline
2026-03-02,exposed,3003,false,czds_zone,2026-03-02T03:24:20.529826+00:00,,ns_sld_exact,257,29,8454,164643,0.177,ok,,baseline
2026-03-02,express,8637,false,czds_zone,2026-03-02T03:24:20.607982+00:00,,ns_sld_exact,577,169,21926,387094,0.297,ok,,baseline
2026-03-02,extraspace,18,false,czds_zone,2026-03-02T03:24:20.708471+00:00,,ns_sld_exact,1,4,72,2858,0.115,ok,,baseline
2026-03-02,fage,62,false,czds_zone,2026-03-02T03:24:20.823837+00:00,,ns_sld_exact,1,4,130,2762,0.105,ok,,baseline
2026-03-02,fail,4198,false,czds_zone,2026-03-02T03:24:20.906759+00:00,,ns_sld_exact,388,82,11773,242521,0.197,ok,,baseline
2026-03-02,fairwinds,14,false,czds_zone,2026-03-02T03:24:20.931358+00:00,,ns_sld_exact,1,9,62,5063,0.11,ok,,baseline
2026-03-02,faith,5141,false,czds_zone,2026-03-02T03:24:21.042085+00:00,,ns_sld_exact,299,26,13068,241818,0.205,ok,,baseline
2026-03-02,family,34638,false,czds_zone,2026-03-02T03:24:21.104295+00:00,,ns_sld_exact,5586,490,96971,2877834,1.457,ok,,baseline
2026-03-02,fan,7949,false,czds_zone,2026-03-02T03:24:21.248064+00:00,,ns_sld_exact,543,36,20098,357725,0.256,ok,,baseline
2026-03-02,fans,8471,false,czds_zone,2026-03-02T03:24:21.504979+00:00,,ns_sld_exact,1043,100,22396,580163,0.403,ok,,baseline
2026-03-02,farm,26021,false,czds_zone,2026-03-02T03:24:21.909851+00:00,,ns_sld_exact,2095,283,65689,1293129,0.837,ok,,baseline
2026-03-02,farmers,1,false,czds_zone,2026-03-02T03:24:22.562206+00:00,,ns_sld_exact,1,12,12,3621,0.111,ok,,baseline
2026-03-02,fashion,12113,false,czds_zone,2026-03-02T03:24:22.674665+00:00,,ns_sld_exact,504,26,30052,461980,0.372,ok,,rolling
2026-03-02,fedex,1,false,czds_zone,2026-03-02T03:24:22.747826+00:00,,ns_sld_exact,1,4,8,2199,0.097,ok,,baseline
2026-03-02,feedback,14639,false,czds_zone,2026-03-02T03:24:22.845799+00:00,,ns_sld_exact,26,2,29672,116756,0.313,ok,,baseline
2026-03-02,ferrari,1,false,czds_zone,2026-03-02T03:24:23.047885+00:00,,ns_sld_exact,1,4,8,2201,0.128,ok,,baseline
2026-03-02,ferrero,6,false,czds_zone,2026-03-02T03:24:23.159716+00:00,,ns_sld_exact,1,12,22,3702,0.109,ok,,baseline
2026-03-02,fidelity,1,false,czds_zone,2026-03-02T03:24:23.177496+00:00,,ns_sld_exact,0,4,8,1807,0.105,ok,,baseline
2026-03-02,fido,1,false,czds_zone,2026-03-02T03:24:23.269071+00:00,,ns_sld_exact,1,4,8,2199,0.117,ok,,baseline
2026-03-02,film,6716,false,czds_zone,2026-03-02T03:24:23.284047+00:00,,ns_sld_exact,194,23,17047,218236,0.234,ok,,baseline
2026-03-02,final,1,false,czds_zone,2026-03-02T03:24:23.386922+00:00,,ns_sld_exact,1,0,8,1162,0.105,ok,,baseline
2026-03-02,finance,33081,false,czds_zone,2026-03-02T03:24:23.501246+00:00,,ns_sld_exact,2254,205,80587,1459530,1.094,ok,,baseline
2026-03-02,financial,7826,false,czds_zone,2026-03-02T03:24:23.519527+00:00,,ns_sld_exact,469,58,20177,330484,0.255,ok,,baseline
2026-03-02,firestone,2,false,czds_zone,2026-03-02T03:24:23.775525+00:00,,ns_sld_exact,0,0,8,2499,0.095,ok,,baseline
2026-03-02,fish,5529,false,czds_zone,2026-03-02T03:24:23.871037+00:00,,ns_sld_exact,561,97,14967,332053,0.266,ok,,baseline
2026-03-02,fishing,2529,false,czds_zone,2026-03-02T03:24:24.145093+00:00,,ns_sld_exact,40,14,6003,63397,0.166,ok,,baseline
2026-03-02,fit,62795,false,czds_zone,2026-03-02T03:24:24.312097+00:00,,ns_sld_exact,1432,129,138973,1650298,1.242,ok,,baseline
2026-03-02,fitness,12625,false,czds_zone,2026-03-02T03:24:24.597423+00:00,,ns_sld_exact,866,92,32615,574507,0.48,ok,,baseline
2026-03-02,flickr,10,false,czds_zone,2026-03-02T03:24:25.078586+00:00,,ns_sld_exact,1,12,44,3969,0.1,ok,,baseline
2026-03-02,flights,2191,false,czds_zone,2026-03-02T03:24:25.179349+00:00,,ns_sld_exact,168,23,5815,111516,0.176,ok,,baseline
2026-03-02,florist,1691,false,czds_zone,2026-03-02T03:24:25.358022+00:00,,ns_sld_exact,69,11,4375,61544,0.158,ok,,baseline
2026-03-02,flowers,980,false,czds_zone,2026-03-02T03:24:25.516906+00:00,,ns_sld_exact,49,9,2445,108007,0.16,ok,,baseline
2026-03-02,fly,4,false,czds_zone,2026-03-02T03:24:25.557433+00:00,,ns_sld_exact,0,0,21,2498,0.1,ok,,rolling
2026-03-02,foo,3933,false,czds_zone,2026-03-02T03:24:25.658641+00:00,,ns_sld_exact,644,24,10523,963501,0.395,ok,,baseline
2026-03-02,food,26071,false,czds_zone,2026-03-02T03:24:25.677967+00:00,,ns_sld_exact,382,26,59958,480685,0.553,ok,,baseline
2026-03-02,football,5921,false,czds_zone,2026-03-02T03:24:26.055186+00:00,,ns_sld_exact,353,50,15256,253082,0.289,ok,,baseline
2026-03-02,forex,1294,false,czds_zone,2026-03-02T03:24:26.231732+00:00,,ns_sld_exact,53,21,3017,43077,0.162,ok,,rolling
2026-03-02,forsale,4619,false,czds_zone,2026-03-02T03:24:26.345284+00:00,,ns_sld_exact,155,38,11529,141605,0.173,ok,,baseline
2026-03-02,forum,61755,false,czds_zone,2026-03-02T03:24:26.396871+00:00,,ns_sld_exact,8597,37,130619,3293769,1.649,ok,,baseline
2026-03-02,foundation,31248,false,czds_zone,2026-03-02T03:24:26.519251+00:00,,ns_sld_exact,1995,165,77729,1353012,0.938,ok,,baseline
2026-03-02,fresenius,44,false,czds_zone,2026-03-02T03:24:27.458683+00:00,,ns_sld_exact,1,4,217,3202,0.123,ok,,baseline
2026-03-02,frl,10067,false,czds_zone,2026-03-02T03:24:27.583624+00:00,,ns_sld_exact,3579,35,24526,1108620,0.568,ok,,baseline
2026-03-02,frogans,5,false,czds_zone,2026-03-02T03:24:28.046776+00:00,,ns_sld_exact,1,8,24,2436,0.109,ok,,baseline
2026-03-02,frontier,1,false,czds_zone,2026-03-02T03:24:28.154274+00:00,,ns_sld_exact,1,12,12,3611,0.096,ok,,rolling
2026-03-02,ftr,2,false,czds_zone,2026-03-02T03:24:28.156989+00:00,,ns_sld_exact,1,12,15,3655,0.116,ok,,baseline
2026-03-02,fujitsu,5,false,czds_zone,2026-03-02T03:24:28.250828+00:00,,ns_sld_exact,0,0,28,3251,0.118,ok,,baseline
2026-03-02,fun,387458,false,czds_zone,2026-03-02T03:24:28.274382+00:00,,ns_sld_exact,12996,841,868771,11076145,7.673,ok,,baseline
2026-03-02,fund,21386,false,czds_zone,2026-03-02T03:24:28.369640+00:00,,ns_sld_exact,1110,97,51681,794224,0.689,ok,,rolling
2026-03-02,furniture,2379,false,czds_zone,2026-03-02T03:24:29.060436+00:00,,ns_sld_exact,180,24,6347,119395,0.178,ok,,baseline
2026-03-02,futbol,2747,false,czds_zone,2026-03-02T03:24:29.239883+00:00,,ns_sld_exact,141,38,6789,107151,0.159,ok,,baseline
2026-03-02,fyi,67852,false,czds_zone,2026-03-02T03:24:29.400299+00:00,,ns_sld_exact,3209,347,226448,2634264,2.739,ok,,baseline
2026-03-02,gal,7622,false,czds_zone,2026-03-02T03:24:32.140835+00:00,,ns_sld_exact,196,97,24320,1900947,0.85,ok,,baseline
2026-03-02,gallery,17683,false,czds_zone,2026-03-02T03:24:32.991951+00:00,,ns_sld_exact,1145,155,48042,800938,0.65,ok,,baseline
2026-03-02,gallo,1,false,czds_zone,2026-03-02T03:24:33.643328+00:00,,ns_sld_exact,1,4,8,2198,0.108,ok,,baseline
2026-03-02,gallup,1,false,czds_zone,2026-03-02T03:24:33.751929+00:00,,ns_sld_exact,1,4,8,2195,0.117,ok,,baseline
2026-03-02,game,7255,false,czds_zone,2026-03-02T03:24:33.873002+00:00,,ns_sld_exact,137,21,18130,766450,0.427,ok,,baseline
2026-03-02,games,61729,false,czds_zone,2026-03-02T03:24:34.300733+00:00,,ns_sld_exact,4781,562,153685,2990938,1.881,ok,,baseline
2026-03-02,gap,1,false,czds_zone,2026-03-02T03:24:35.949250+00:00,,ns_sld_exact,1,12,12,3603,0.104,ok,,baseline
2026-03-02,garden,9100,false,czds_zone,2026-03-02T03:24:36.053760+00:00,,ns_sld_exact,2325,29,21621,1249581,0.479,ok,,baseline
2026-03-02,gay,17571,false,czds_zone,2026-03-02T03:24:36.182947+00:00,,ns_sld_exact,1334,62,44000,945164,0.537,ok,,baseline
2026-03-02,gbiz,1,false,czds_zone,2026-03-02T03:24:36.534437+00:00,,ns_sld_exact,0,0,9,1821,0.128,ok,,baseline
2026-03-02,gea,19,false,czds_zone,2026-03-02T03:24:36.663438+00:00,,ns_sld_exact,1,0,84,7688,0.117,ok,,baseline
2026-03-02,gent,3702,false,czds_zone,2026-03-02T03:24:36.723806+00:00,,ns_sld_exact,1719,20,9432,506703,0.247,ok,,baseline
2026-03-02,genting,8,false,czds_zone,2026-03-02T03:24:36.781334+00:00,,ns_sld_exact,1,6,32,2458,0.094,ok,,baseline
2026-03-02,george,1,false,czds_zone,2026-03-02T03:24:36.876623+00:00,,ns_sld_exact,1,6,12,4190,0.12,ok,,baseline
2026-03-02,gift,4943,false,czds_zone,2026-03-02T03:24:36.971701+00:00,,ns_sld_exact,137,13,13695,129885,0.201,ok,,baseline
2026-03-02,gifts,4530,false,czds_zone,2026-03-02T03:24:36.997609+00:00,,ns_sld_exact,235,35,11577,178770,0.237,ok,,baseline
2026-03-02,gives,3876,false,czds_zone,2026-03-02T03:24:37.175286+00:00,,ns_sld_exact,229,33,9706,159949,0.217,ok,,baseline
2026-03-02,giving,1933,false,czds_zone,2026-03-02T03:24:37.235295+00:00,,ns_sld_exact,63,9,4753,59489,0.15,ok,,baseline
2026-03-02,glass,3558,false,czds_zone,2026-03-02T03:24:37.385912+00:00,,ns_sld_exact,292,58,9548,185798,0.208,ok,,baseline
2026-03-02,gle,21,false,czds_zone,2026-03-02T03:24:37.393613+00:00,,ns_sld_exact,0,0,89,6059,0.103,ok,,baseline
2026-03-02,global,65870,false,czds_zone,2026-03-02T03:24:37.497156+00:00,,ns_sld_exact,2657,668,160259,2200160,1.583,ok,,baseline
2026-03-02,globo,181,false,czds_zone,2026-03-02T03:24:37.594870+00:00,,ns_sld_exact,1,0,716,4762,0.1,ok,,baseline
2026-03-02,gmail,5,false,czds_zone,2026-03-02T03:24:37.695922+00:00,,ns_sld_exact,0,0,25,2690,0.115,ok,,baseline
2026-03-02,gmbh,33034,false,czds_zone,2026-03-02T03:24:37.812933+00:00,,ns_sld_exact,876,196,95756,960468,0.876,ok,,baseline
2026-03-02,gmx,478,false,czds_zone,2026-03-02T03:24:38.690039+00:00,,ns_sld_exact,4,0,1914,117716,0.157,ok,,baseline
2026-03-02,godaddy,111,false,czds_zone,2026-03-02T03:24:38.852665+00:00,,ns_sld_exact,3,19,256,6013,0.121,ok,,baseline
2026-03-02,gold,16928,false,czds_zone,2026-03-02T03:24:38.975028+00:00,,ns_sld_exact,563,149,38424,473259,0.467,ok,,baseline
2026-03-02,golf,16631,false,czds_zone,2026-03-02T03:24:39.082043+00:00,,ns_sld_exact,782,90,40081,590411,0.521,ok,,baseline
2026-03-02,goodyear,1,false,czds_zone,2026-03-02T03:24:39.443785+00:00,,ns_sld_exact,1,4,8,2208,0.112,ok,,baseline
2026-03-02,goog,452,false,czds_zone,2026-03-02T03:24:39.557846+00:00,,ns_sld_exact,22,20,1621,105526,0.137,ok,,baseline
2026-03-02,google,264,false,czds_zone,2026-03-02T03:24:39.605568+00:00,,ns_sld_exact,26,4,1061,64060,0.127,ok,,rolling
2026-03-02,gop,981,false,czds_zone,2026-03-02T03:24:39.695328+00:00,,ns_sld_exact,5,9,2557,24231,0.114,ok,,rolling
2026-03-02,gov,15332,false,czds_zone,2026-03-02T03:24:39.735964+00:00,,ns_sld_exact,2032,938,41635,465510,0.449,ok,,baseline
2026-03-02,grainger,5,false,czds_zone,2026-03-02T03:24:39.810639+00:00,,ns_sld_exact,1,12,24,3754,0.126,ok,,baseline
2026-03-02,graphics,5466,false,czds_zone,2026-03-02T03:24:39.937931+00:00,,ns_sld_exact,438,75,15078,283082,0.308,ok,,baseline
2026-03-02,gratis,3087,false,czds_zone,2026-03-02T03:24:40.187295+00:00,,ns_sld_exact,241,58,7880,158212,0.188,ok,,baseline
2026-03-02,green,8274,false,czds_zone,2026-03-02T03:24:40.247519+00:00,,ns_sld_exact,610,53,21014,399261,0.36,ok,,baseline
2026-03-02,gripe,1206,false,czds_zone,2026-03-02T03:24:40.376375+00:00,,ns_sld_exact,80,10,3498,57627,0.145,ok,,baseline
2026-03-02,grocery,1,false,czds_zone,2026-03-02T03:24:40.522068+00:00,,ns_sld_exact,1,6,12,3560,0.101,ok,,baseline
2026-03-02,group,117678,false,czds_zone,2026-03-02T03:24:40.608639+00:00,,ns_sld_exact,7551,1151,294571,4988457,2.984,ok,,baseline
2026-03-02,gucci,15,false,czds_zone,2026-03-02T03:24:40.623526+00:00,,ns_sld_exact,2,9,71,5758,0.111,ok,,baseline
2026-03-02,guge,1,false,czds_zone,2026-03-02T03:24:40.735902+00:00,,ns_sld_exact,0,0,9,1816,0.104,ok,,baseline
2026-03-02,guide,18798,false,czds_zone,2026-03-02T03:24:40.841596+00:00,,ns_sld_exact,1170,124,48913,818163,0.672,ok,,baseline
2026-03-02,guitars,597,false,czds_zone,2026-03-02T03:24:41.514923+00:00,,ns_sld_exact,18,4,1576,64316,0.16,ok,,baseline
2026-03-02,guru,53881,false,czds_zone,2026-03-02T03:24:41.675797+00:00,,ns_sld_exact,2038,715,123509,1716453,1.256,ok,,baseline
2026-03-02,hair,48604,false,czds_zone,2026-03-02T03:24:42.934571+00:00,,ns_sld_exact,3216,20,101039,2142484,1.151,ok,,baseline
2026-03-02,hamburg,15308,false,czds_zone,2026-03-02T03:24:43.596325+00:00,,ns_sld_exact,262,15,42987,384757,0.502,ok,,baseline
2026-03-02,hangout,1,false,czds_zone,2026-03-02T03:24:44.087033+00:00,,ns_sld_exact,0,0,9,1817,0.098,ok,,baseline
2026-03-02,haus,8165,false,czds_zone,2026-03-02T03:24:44.099223+00:00,,ns_sld_exact,750,162,22360,454735,0.302,ok,,baseline
2026-03-02,hbo,4,false,czds_zone,2026-03-02T03:24:44.186318+00:00,,ns_sld_exact,1,12,24,3743,0.121,ok,,baseline
2026-03-02,hdfc,1,false,czds_zone,2026-03-02T03:24:44.308676+00:00,,ns_sld_exact,1,4,8,2183,0.094,ok,,rolling
2026-03-02,hdfcbank,2,false,czds_zone,2026-03-02T03:24:44.403359+00:00,,ns_sld_exact,1,4,12,2235,0.098,ok,,baseline
2026-03-02,health,48334,false,czds_zone,2026-03-02T03:24:44.404690+00:00,,ns_sld_exact,2476,67,115196,1953021,1.442,ok,,baseline
2026-03-02,healthcare,9205,false,czds_zone,2026-03-02T03:24:44.502163+00:00,,ns_sld_exact,483,69,25222,374352,0.411,ok,,baseline
2026-03-02,help,145250,false,czds_zone,2026-03-02T03:24:44.914722+00:00,,ns_sld_exact,1823,1298,403682,2805419,3.003,ok,,rolling
2026-03-02,here,4,false,czds_zone,2026-03-02T03:24:45.288118+00:00,,ns_sld_exact,0,0,21,2460,0.102,ok,,baseline
2026-03-02,hermes,8,false,czds_zone,2026-03-02T03:24:45.391954+00:00,,ns_sld_exact,1,4,22,2282,0.111,ok,,baseline
2026-03-02,hiphop,1182,false,czds_zone,2026-03-02T03:24:45.505269+00:00,,ns_sld_exact,30,2,2921,29408,0.139,ok,,rolling
2026-03-02,hisamitsu,29,false,czds_zone,2026-03-02T03:24:45.647004+00:00,,ns_sld_exact,0,0,62,8299,0.105,ok,,baseline
2026-03-02,hiv,181,false,czds_zone,2026-03-02T03:24:45.753954+00:00,,ns_sld_exact,6,0,721,7138,0.106,ok,,baseline
2026-03-02,hkt,1,false,czds_zone,2026-03-02T03:24:45.848281+00:00,,ns_sld_exact,1,4,8,2191,0.103,ok,,baseline
2026-03-02,hockey,1744,false,czds_zone,2026-03-02T03:24:45.861483+00:00,,ns_sld_exact,98,15,4877,74989,0.466,ok,,baseline
2026-03-02,holdings,8793,false,czds_zone,2026-03-02T03:24:45.952434+00:00,,ns_sld_exact,711,67,23533,450765,0.363,ok,,baseline
2026-03-02,holiday,3959,false,czds_zone,2026-03-02T03:24:46.316989+00:00,,ns_sld_exact,181,21,10589,150117,0.482,ok,,baseline
2026-03-02,homedepot,1,false,czds_zone,2026-03-02T03:24:46.328932+00:00,,ns_sld_exact,1,4,8,2212,0.103,ok,,baseline
2026-03-02,homegoods,1,false,czds_zone,2026-03-02T03:24:46.432475+00:00,,ns_sld_exact,1,12,12,3623,0.343,ok,,baseline
2026-03-02,homes,78363,false,czds_zone,2026-03-02T03:24:46.777212+00:00,,ns_sld_exact,4757,90,183512,3172250,2.191,ok,,rolling
2026-03-02,homesense,1,false,czds_zone,2026-03-02T03:24:46.800120+00:00,,ns_sld_exact,1,12,12,3620,0.101,ok,,baseline
2026-03-02,honda,6,false,czds_zone,2026-03-02T03:24:46.901799+00:00,,ns_sld_exact,0,0,26,3512,0.097,ok,,rolling
2026-03-02,horse,4499,false,czds_zone,2026-03-02T03:24:46.999182+00:00,,ns_sld_exact,241,82,11388,201441,0.269,ok,,baseline
2026-03-02,hospital,1953,false,czds_zone,2026-03-02T03:24:47.269742+00:00,,ns_sld_exact,112,30,4961,83316,0.184,ok,,baseline
2026-03-02,host,22322,false,czds_zone,2026-03-02T03:24:47.454490+00:00,,ns_sld_exact,738,1226,51184,681758,0.666,ok,,baseline
2026-03-02,hosting,2282,false,czds_zone,2026-03-02T03:24:47.918919+00:00,,ns_sld_exact,162,249,6507,265013,0.289,ok,,baseline
2026-03-02,hotels,1,false,czds_zone,2026-03-02T03:24:48.121436+00:00,,ns_sld_exact,1,12,12,3606,0.105,ok,,baseline
2026-03-02,hotmail,19,false,czds_zone,2026-03-02T03:24:48.209054+00:00,,ns_sld_exact,1,9,88,5208,0.102,ok,,baseline
2026-03-02,house,24359,false,czds_zone,2026-03-02T03:24:48.227724+00:00,,ns_sld_exact,1918,287,61284,1195476,0.747,ok,,baseline
2026-03-02,how,3336,false,czds_zone,2026-03-02T03:24:48.312150+00:00,,ns_sld_exact,529,2,10069,814266,0.439,ok,,baseline
2026-03-02,hsbc,11,false,czds_zone,2026-03-02T03:24:48.752846+00:00,,ns_sld_exact,1,12,52,3866,0.11,ok,,baseline
2026-03-02,hughes,2,false,czds_zone,2026-03-02T03:24:48.865128+00:00,,ns_sld_exact,1,4,14,2244,0.112,ok,,baseline
2026-03-02,hyatt,22,false,czds_zone,2026-03-02T03:24:48.969443+00:00,,ns_sld_exact,1,12,138,4278,0.087,ok,,baseline
2026-03-02,hyundai,11,false,czds_zone,2026-03-02T03:24:48.975526+00:00,,ns_sld_exact,0,0,26,4470,0.107,ok,,baseline
2026-03-02,ibm,1,false,czds_zone,2026-03-02T03:24:48.977917+00:00,,ns_sld_exact,1,12,12,3583,0.1,ok,,baseline
2026-03-02,icbc,1,false,czds_zone,2026-03-02T03:24:49.057958+00:00,,ns_sld_exact,1,0,15,2187,0.093,ok,,baseline
2026-03-02,ice,10,false,czds_zone,2026-03-02T03:24:49.078720+00:00,,ns_sld_exact,0,4,80,2124,0.093,ok,,baseline
2026-03-02,icu,483508,false,czds_zone,2026-03-02T03:24:49.083488+00:00,,ns_sld_exact,6081,1597,1052919,9082517,8.802,ok,,baseline
2026-03-02,ieee,6,false,czds_zone,2026-03-02T03:24:49.151010+00:00,,ns_sld_exact,1,9,31,4819,0.097,ok,,baseline
2026-03-02,ifm,78,false,czds_zone,2026-03-02T03:24:49.172969+00:00,,ns_sld_exact,1,0,226,20753,0.099,ok,,rolling
2026-03-02,ikano,29,false,czds_zone,2026-03-02T03:24:49.248667+00:00,,ns_sld_exact,1,0,113,3069,0.102,ok,,baseline
2026-03-02,imamat,4,false,czds_zone,2026-03-02T03:24:49.272838+00:00,,ns_sld_exact,1,4,14,2260,0.115,ok,,baseline
2026-03-02,immo,21104,false,czds_zone,2026-03-02T03:24:49.352281+00:00,,ns_sld_exact,2907,85,56360,1537941,0.95,ok,,baseline
2026-03-02,immobilien,7482,false,czds_zone,2026-03-02T03:24:49.388725+00:00,,ns_sld_exact,146,15,21378,192897,0.347,ok,,baseline
2026-03-02,inc,6892,false,czds_zone,2026-03-02T03:24:49.736606+00:00,,ns_sld_exact,195,21,17829,200316,0.296,ok,,baseline
2026-03-02,industries,6989,false,czds_zone,2026-03-02T03:24:50.033461+00:00,,ns_sld_exact,771,90,19367,447129,0.402,ok,,baseline
2026-03-02,info,5167694,false,czds_zone,2026-03-02T03:24:50.305721+00:00,,ns_sld_exact,259374,134417,12813493,190200504,115.874,ok,,baseline
2026-03-02,ing,19025,false,czds_zone,2026-03-02T03:24:50.436580+00:00,,ns_sld_exact,956,72,46894,4131319,1.629,ok,,baseline
2026-03-02,ink,102402,false,czds_zone,2026-03-02T03:24:52.069212+00:00,,ns_sld_exact,3679,852,224261,3316616,2.514,ok,,baseline
2026-03-02,institute,18243,false,czds_zone,2026-03-02T03:24:54.584393+00:00,,ns_sld_exact,1083,141,45671,760871,0.704,ok,,baseline
2026-03-02,insure,6087,false,czds_zone,2026-03-02T03:24:55.290704+00:00,,ns_sld_exact,263,72,15983,218854,0.287,ok,,baseline
2026-03-02,international,26087,false,czds_zone,2026-03-02T03:24:55.579392+00:00,,ns_sld_exact,1652,251,67312,1144358,0.929,ok,,baseline
2026-03-02,intuit,1,false,czds_zone,2026-03-02T03:24:56.511217+00:00,,ns_sld_exact,1,8,12,3547,0.109,ok,,baseline
2026-03-02,investments,7216,false,czds_zone,2026-03-02T03:24:56.623956+00:00,,ns_sld_exact,589,34,18422,368044,0.377,ok,,baseline
2026-03-02,ipiranga,38,false,czds_zone,2026-03-02T03:24:57.002136+00:00,,ns_sld_exact,1,8,112,4420,0.123,ok,,baseline
2026-03-02,irish,23291,false,czds_zone,2026-03-02T03:24:57.127717+00:00,,ns_sld_exact,269,31,48904,443109,0.546,ok,,baseline
2026-03-02,ismaili,34,false,czds_zone,2026-03-02T03:24:57.675018+00:00,,ns_sld_exact,1,4,79,2674,0.374,ok,,baseline
2026-03-02,ist,7659,false,czds_zone,2026-03-02T03:24:57.887619+00:00,,ns_sld_exact,120,159,17790,170137,0.492,ok,,rolling
2026-03-02,istanbul,4965,false,czds_zone,2026-03-02T03:24:58.050826+00:00,,ns_sld_exact,23,105,11353,87417,0.396,ok,,baseline
2026-03-02,itv,41,false,czds_zone,2026-03-02T03:24:58.381433+00:00,,ns_sld_exact,2,4,94,3305,0.271,ok,,baseline
2026-03-02,jaguar,4,false,czds_zone,2026-03-02T03:24:58.448130+00:00,,ns_sld_exact,0,4,24,1913,0.266,ok,,baseline
2026-03-02,java,8,false,czds_zone,2026-03-02T03:24:58.653659+00:00,,ns_sld_exact,1,4,40,2411,0.254,ok,,baseline
2026-03-02,jeep,1,false,czds_zone,2026-03-02T03:24:58.715043+00:00,,ns_sld_exact,1,4,8,2186,0.269,ok,,baseline
2026-03-02,jetzt,11102,false,czds_zone,2026-03-02T03:24:58.908505+00:00,,ns_sld_exact,409,55,30855,373958,0.729,ok,,baseline
2026-03-02,jewelry,3916,false,czds_zone,2026-03-02T03:24:58.984799+00:00,,ns_sld_exact,187,20,10356,148257,0.511,ok,,rolling
2026-03-02,jio,29,false,czds_zone,2026-03-02T03:24:59.498721+00:00,,ns_sld_exact,1,32,113,3090,0.27,ok,,baseline
2026-03-02,jll,11,false,czds_zone,2026-03-02T03:24:59.639377+00:00,,ns_sld_exact,1,4,56,2491,0.271,ok,,baseline
2026-03-02,jnj,130,false,czds_zone,2026-03-02T03:24:59.770439+00:00,,ns_sld_exact,1,4,1023,6783,0.275,ok,,baseline
2026-03-02,jobs,10793,false,czds_zone,2026-03-02T03:24:59.911693+00:00,,ns_sld_exact,202,23,31803,360912,0.648,ok,,baseline
2026-03-02,jpmorgan,74,false,czds_zone,2026-03-02T03:25:00.047011+00:00,,ns_sld_exact,2,8,350,5838,0.278,ok,,baseline
2026-03-02,jprs,30,false,czds_zone,2026-03-02T03:25:00.326155+00:00,,ns_sld_exact,19,84,107,10724,0.274,ok,,baseline
2026-03-02,juegos,475,false,czds_zone,2026-03-02T03:25:00.560424+00:00,,ns_sld_exact,13,23,1585,13926,0.284,ok,,baseline
2026-03-02,juniper,1,false,czds_zone,2026-03-02T03:25:00.601415+00:00,,ns_sld_exact,1,4,8,2197,0.272,ok,,baseline
2026-03-02,kaufen,4677,false,czds_zone,2026-03-02T03:25:00.845367+00:00,,ns_sld_exact,86,10,13202,122796,0.491,ok,,baseline
2026-03-02,kerryhotels,1,false,czds_zone,2026-03-02T03:25:00.874671+00:00,,ns_sld_exact,0,4,8,1818,0.268,ok,,baseline
2026-03-02,kerryproperties,1,false,czds_zone,2026-03-02T03:25:01.144373+00:00,,ns_sld_exact,0,4,8,1817,0.292,ok,,baseline
2026-03-02,kfh,94,false,czds_zone,2026-03-02T03:25:01.340087+00:00,,ns_sld_exact,1,4,468,4222,0.27,ok,,baseline
2026-03-02,kia,3,false,czds_zone,2026-03-02T03:25:01.437017+00:00,,ns_sld_exact,0,0,10,2709,0.261,ok,,baseline
2026-03-02,kids,6207,false,czds_zone,2026-03-02T03:25:01.610679+00:00,,ns_sld_exact,170,25,15565,173181,0.667,ok,,baseline
2026-03-02,kim,7951,false,czds_zone,2026-03-02T03:25:01.699023+00:00,,ns_sld_exact,346,168,18841,269901,0.687,ok,,baseline
2026-03-02,kitchen,7439,false,czds_zone,2026-03-02T03:25:02.278589+00:00,,ns_sld_exact,486,54,19336,330531,0.763,ok,,baseline
2026-03-02,koeln,17362,false,czds_zone,2026-03-02T03:25:02.388956+00:00,,ns_sld_exact,284,26,52691,439929,0.901,ok,,baseline
2026-03-02,komatsu,85,false,czds_zone,2026-03-02T03:25:03.043184+00:00,,ns_sld_exact,0,0,338,21590,0.277,ok,,baseline
2026-03-02,kosher,1,false,czds_zone,2026-03-02T03:25:03.291892+00:00,,ns_sld_exact,1,4,8,2194,0.27,ok,,baseline
2026-03-02,kpmg,17,false,czds_zone,2026-03-02T03:25:03.321530+00:00,,ns_sld_exact,1,12,65,4034,0.263,ok,,baseline
2026-03-02,krd,1751,false,czds_zone,2026-03-02T03:25:03.563388+00:00,,ns_sld_exact,26,20,3873,41816,0.395,ok,,baseline
2026-03-02,kred,1642,false,czds_zone,2026-03-02T03:25:03.585189+00:00,,ns_sld_exact,0,4,2796,24035,0.294,ok,,baseline
2026-03-02,kuokgroup,1,false,czds_zone,2026-03-02T03:25:03.880825+00:00,,ns_sld_exact,0,4,8,1794,0.345,ok,,baseline
2026-03-02,lacaixa,1,false,czds_zone,2026-03-02T03:25:03.962155+00:00,,ns_sld_exact,1,0,6,2247,0.269,ok,,baseline
2026-03-02,lamborghini,246,false,czds_zone,2026-03-02T03:25:04.227100+00:00,,ns_sld_exact,1,4,988,10583,0.284,ok,,baseline
2026-03-02,lamer,1,false,czds_zone,2026-03-02T03:25:04.232282+00:00,,ns_sld_exact,1,4,8,2197,0.266,ok,,baseline
2026-03-02,land,20830,false,czds_zone,2026-03-02T03:25:04.499743+00:00,,ns_sld_exact,1690,309,52798,1051807,1.062,ok,,baseline
2026-03-02,landrover,4,false,czds_zone,2026-03-02T03:25:04.512937+00:00,,ns_sld_exact,0,4,24,1910,0.265,ok,,baseline
2026-03-02,lanxess,24,false,czds_zone,2026-03-02T03:25:04.779002+00:00,,ns_sld_exact,1,12,60,3938,0.273,ok,,baseline
2026-03-02,lasalle,1,false,czds_zone,2026-03-02T03:25:05.053052+00:00,,ns_sld_exact,1,4,8,2196,0.264,ok,,baseline
2026-03-02,lat,125000,false,czds_zone,2026-03-02T03:25:05.317614+00:00,,ns_sld_exact,6964,530,272233,4739400,3.376,ok,,baseline
2026-03-02,latino,1,false,czds_zone,2026-03-02T03:25:05.563029+00:00,,ns_sld_exact,1,0,6,1279,0.272,ok,,baseline
2026-03-02,latrobe,27,false,czds_zone,2026-03-02T03:25:05.835994+00:00,,ns_sld_exact,1,12,64,3965,0.275,ok,,baseline
2026-03-02,law,24432,false,czds_zone,2026-03-02T03:25:06.112213+00:00,,ns_sld_exact,682,41,57598,718135,0.989,ok,,baseline
2026-03-02,lawyer,8193,false,czds_zone,2026-03-02T03:25:07.105681+00:00,,ns_sld_exact,494,43,20794,345594,0.681,ok,,baseline
2026-03-02,lds,1,false,czds_zone,2026-03-02T03:25:07.789586+00:00,,ns_sld_exact,1,4,8,2190,0.35,ok,,baseline
2026-03-02,lease,1885,false,czds_zone,2026-03-02T03:25:08.140828+00:00,,ns_sld_exact,160,12,4950,100217,0.415,ok,,baseline
2026-03-02,leclerc,1177,false,czds_zone,2026-03-02T03:25:08.557316+00:00,,ns_sld_exact,1,0,2991,15608,0.284,ok,,baseline
2026-03-02,lefrak,1,false,czds_zone,2026-03-02T03:25:08.694744+00:00,,ns_sld_exact,0,4,8,1786,0.267,ok,,baseline
2026-03-02,legal,21313,false,czds_zone,2026-03-02T03:25:08.843017+00:00,,ns_sld_exact,1548,165,56649,1013465,1.169,ok,,rolling
2026-03-02,lego,2,false,czds_zone,2026-03-02T03:25:08.962987+00:00,,ns_sld_exact,0,6,14,1877,0.268,ok,,baseline
2026-03-02,lexus,10,false,czds_zone,2026-03-02T03:25:09.232426+00:00,,ns_sld_exact,0,0,30,4345,0.271,ok,,baseline
2026-03-02,lgbt,12148,false,czds_zone,2026-03-02T03:25:09.504294+00:00,,ns_sld_exact,230,50,26257,229996,0.646,ok,,baseline
2026-03-02,lidl,125,false,czds_zone,2026-03-02T03:25:10.013561+00:00,,ns_sld_exact,1,4,380,3064,0.276,ok,,baseline
2026-03-02,life,381822,false,czds_zone,2026-03-02T03:25:10.151628+00:00,,ns_sld_exact,9526,4276,881747,9591281,8.641,ok,,baseline
2026-03-02,lifeinsurance,1,false,czds_zone,2026-03-02T03:25:10.290424+00:00,,ns_sld_exact,1,12,12,3636,0.265,ok,,baseline
2026-03-02,lifestyle,11547,false,czds_zone,2026-03-02T03:25:10.563398+00:00,,ns_sld_exact,375,0,24230,310632,0.766,ok,,baseline
2026-03-02,lighting,5464,false,czds_zone,2026-03-02T03:25:11.331398+00:00,,ns_sld_exact,343,45,14145,238576,0.713,ok,,baseline
2026-03-02,lilly,9,false,czds_zone,2026-03-02T03:25:12.046080+00:00,,ns_sld_exact,1,12,36,3906,0.278,ok,,baseline
2026-03-02,limited,6840,false,czds_zone,2026-03-02T03:25:12.325554+00:00,,ns_sld_exact,489,136,18672,334075,0.642,ok,,baseline
2026-03-02,limo,2201,false,czds_zone,2026-03-02T03:25:12.968752+00:00,,ns_sld_exact,79,24,5308,71783,0.52,ok,,baseline
2026-03-02,link,280694,false,czds_zone,2026-03-02T03:25:13.490069+00:00,,ns_sld_exact,32839,6567,745243,14383513,11.054,ok,,baseline
2026-03-02,live,547571,false,czds_zone,2026-03-02T03:25:18.801672+00:00,,ns_sld_exact,15139,7133,1319928,15136997,14.232,ok,,baseline
2026-03-02,living,5963,false,czds_zone,2026-03-02T03:25:24.547414+00:00,,ns_sld_exact,161,4,12920,136239,0.486,ok,,baseline
2026-03-02,llc,47799,false,czds_zone,2026-03-02T03:25:25.035170+00:00,,ns_sld_exact,7714,425,126032,3879376,2.918,ok,,rolling
2026-03-02,loan,71560,false,czds_zone,2026-03-02T03:25:27.954755+00:00,,ns_sld_exact,374,32,146193,859806,1.741,ok,,baseline
2026-03-02,loans,7336,false,czds_zone,2026-03-02T03:25:29.696614+00:00,,ns_sld_exact,149,24,18019,172577,0.537,ok,,rolling
2026-03-02,locker,23462,false,czds_zone,2026-03-02T03:25:30.235469+00:00,,ns_sld_exact,102,6,47380,237621,0.8,ok,,baseline
2026-03-02,locus,21,false,czds_zone,2026-03-02T03:25:31.036758+00:00,,ns_sld_exact,1,9,90,5511,0.269,ok,,baseline
2026-03-02,lol,253944,false,czds_zone,2026-03-02T03:25:31.307727+00:00,,ns_sld_exact,19522,429,549740,28153127,13.725,ok,,baseline
2026-03-02,london,34919,false,czds_zone,2026-03-02T03:25:33.035561+00:00,,ns_sld_exact,815,74,88338,942260,1.253,ok,,baseline
2026-03-02,lotto,104,false,czds_zone,2026-03-02T03:25:34.289739+00:00,,ns_sld_exact,4,4,320,5610,0.272,ok,,baseline
2026-03-02,love,67089,false,czds_zone,2026-03-02T03:25:34.563648+00:00,,ns_sld_exact,2672,52,166320,1855439,2.012,ok,,baseline
2026-03-02,ltd,111329,false,czds_zone,2026-03-02T03:25:36.577189+00:00,,ns_sld_exact,3572,1083,255000,3158698,2.94,ok,,baseline
2026-03-02,ltda,528,false,czds_zone,2026-03-02T03:25:39.519772+00:00,,ns_sld_exact,5,11,1634,13749,0.303,ok,,baseline
2026-03-02,lundbeck,272,false,czds_zone,2026-03-02T03:25:39.824377+00:00,,ns_sld_exact,0,4,550,4274,0.28,ok,,baseline
2026-03-02,luxe,8903,false,czds_zone,2026-03-02T03:25:40.107344+00:00,,ns_sld_exact,187,12,19787,230626,0.549,ok,,baseline
2026-03-02,luxury,3962,false,czds_zone,2026-03-02T03:25:40.657962+00:00,,ns_sld_exact,238,8,10222,185611,0.539,ok,,baseline
2026-03-02,madrid,3270,false,czds_zone,2026-03-02T03:25:41.197908+00:00,,ns_sld_exact,39,5,9062,808480,0.866,ok,,baseline
2026-03-02,maif,6,false,czds_zone,2026-03-02T03:25:42.065249+00:00,,ns_sld_exact,1,6,22,2343,0.279,ok,,baseline
2026-03-02,maison,1364,false,czds_zone,2026-03-02T03:25:42.347094+00:00,,ns_sld_exact,152,9,3920,90449,0.399,ok,,baseline
2026-03-02,makeup,106020,false,czds_zone,2026-03-02T03:25:42.747035+00:00,,ns_sld_exact,1143,22,217093,1550047,2.18,ok,,baseline
2026-03-02,man,204,false,czds_zone,2026-03-02T03:25:44.928166+00:00,,ns_sld_exact,1,0,623,51758,0.286,ok,,rolling
2026-03-02,management,12182,false,czds_zone,2026-03-02T03:25:45.034394+00:00,,ns_sld_exact,1156,64,33126,702661,0.757,ok,,baseline
2026-03-02,mango,50,false,czds_zone,2026-03-02T03:25:45.215578+00:00,,ns_sld_exact,1,0,202,13446,0.271,ok,,baseline
2026-03-02,map,1,false,czds_zone,2026-03-02T03:25:45.487575+00:00,,ns_sld_exact,0,0,9,1816,0.265,ok,,baseline
2026-03-02,market,18359,false,czds_zone,2026-03-02T03:25:45.753743+00:00,,ns_sld_exact,1029,278,47444,740698,1.033,ok,,baseline
2026-03-02,marketing,27260,false,czds_zone,2026-03-02T03:25:45.792770+00:00,,ns_sld_exact,1641,353,68921,1141342,1.204,ok,,rolling
2026-03-02,markets,5243,false,czds_zone,2026-03-02T03:25:46.787707+00:00,,ns_sld_exact,277,56,12540,196348,0.516,ok,,baseline
2026-03-02,marriott,54,false,czds_zone,2026-03-02T03:25:46.998366+00:00,,ns_sld_exact,1,4,203,3984,0.265,ok,,baseline
2026-03-02,marshalls,1,false,czds_zone,2026-03-02T03:25:47.264394+00:00,,ns_sld_exact,1,12,12,3626,0.268,ok,,baseline
2026-03-02,mattel,6,false,czds_zone,2026-03-02T03:25:47.304613+00:00,,ns_sld_exact,1,12,32,3754,0.264,ok,,baseline
2026-03-02,mba,4776,false,czds_zone,2026-03-02T03:25:47.533621+00:00,,ns_sld_exact,226,34,11407,171088,0.506,ok,,baseline
2026-03-02,mckinsey,1,false,czds_zone,2026-03-02T03:25:47.569657+00:00,,ns_sld_exact,1,4,8,2209,0.263,ok,,baseline
2026-03-02,med,2458,false,czds_zone,2026-03-02T03:25:47.833439+00:00,,ns_sld_exact,16,9,6650,53682,0.327,ok,,baseline
2026-03-02,media,85324,false,czds_zone,2026-03-02T03:25:48.041455+00:00,,ns_sld_exact,5417,1310,214105,3668908,2.537,ok,,baseline
2026-03-02,meet,50,false,czds_zone,2026-03-02T03:25:48.161602+00:00,,ns_sld_exact,0,0,205,12055,0.263,ok,,baseline
2026-03-02,melbourne,5047,false,czds_zone,2026-03-02T03:25:48.425916+00:00,,ns_sld_exact,32,23,12874,108838,0.476,ok,,baseline
2026-03-02,meme,6170,false,czds_zone,2026-03-02T03:25:48.903359+00:00,,ns_sld_exact,292,19,14478,1339881,1.355,ok,,baseline
2026-03-02,memorial,805,false,czds_zone,2026-03-02T03:25:50.259923+00:00,,ns_sld_exact,51,6,2201,39006,0.298,ok,,baseline
2026-03-02,men,11641,false,czds_zone,2026-03-02T03:25:50.559219+00:00,,ns_sld_exact,635,62,26531,492370,0.757,ok,,baseline
2026-03-02,menu,5287,false,czds_zone,2026-03-02T03:25:50.579795+00:00,,ns_sld_exact,133,45,14221,168026,0.616,ok,,baseline
2026-03-02,merckmsd,1,false,czds_zone,2026-03-02T03:25:51.197817+00:00,,ns_sld_exact,1,7,12,3512,0.275,ok,,baseline
2026-03-02,miami,12837,false,czds_zone,2026-03-02T03:25:51.317715+00:00,,ns_sld_exact,208,34,28860,301016,0.616,ok,,baseline
2026-03-02,microsoft,83,false,czds_zone,2026-03-02T03:25:51.473440+00:00,,ns_sld_exact,8,9,351,11513,0.276,ok,,baseline
2026-03-02,mini,79,false,czds_zone,2026-03-02T03:25:51.750430+00:00,,ns_sld_exact,1,4,389,4015,0.274,ok,,rolling
2026-03-02,mint,1,false,czds_zone,2026-03-02T03:25:51.935402+00:00,,ns_sld_exact,1,8,12,3552,0.267,ok,,baseline
2026-03-02,mit,3,false,czds_zone,2026-03-02T03:25:52.025009+00:00,,ns_sld_exact,1,4,24,2283,0.259,ok,,rolling
2026-03-02,mitsubishi,1,false,czds_zone,2026-03-02T03:25:52.203004+00:00,,ns_sld_exact,0,0,6,2261,0.268,ok,,baseline
2026-03-02,mlb,46,false,czds_zone,2026-03-02T03:25:52.284761+00:00,,ns_sld_exact,1,12,342,5221,0.257,ok,,baseline
2026-03-02,mls,1,false,czds_zone,2026-03-02T03:25:52.472406+00:00,,ns_sld_exact,1,4,8,2563,0.262,ok,,baseline
2026-03-02,mma,1612,false,czds_zone,2026-03-02T03:25:52.542506+00:00,,ns_sld_exact,1,0,6449,29892,0.358,ok,,baseline
2026-03-02,mobi,405194,false,czds_zone,2026-03-02T03:25:52.735001+00:00,,ns_sld_exact,23111,2369,939282,14928250,9.779,ok,,baseline
2026-03-02,mobile,3585,false,czds_zone,2026-03-02T03:25:52.901422+00:00,,ns_sld_exact,121,0,9468,92063,0.444,ok,,baseline
2026-03-02,moda,2265,false,czds_zone,2026-03-02T03:25:53.346059+00:00,,ns_sld_exact,113,33,6245,90354,0.436,ok,,baseline
2026-03-02,moe,16542,false,czds_zone,2026-03-02T03:25:53.783881+00:00,,ns_sld_exact,1693,215,41345,1091259,1.205,ok,,baseline
2026-03-02,mom,51146,false,czds_zone,2026-03-02T03:25:54.990721+00:00,,ns_sld_exact,3173,225,110845,5685326,3.449,ok,,baseline
2026-03-02,monash,64,false,czds_zone,2026-03-02T03:25:58.441429+00:00,,ns_sld_exact,1,12,217,4721,0.203,ok,,baseline
2026-03-02,money,20486,false,czds_zone,2026-03-02T03:25:58.646447+00:00,,ns_sld_exact,1109,174,49172,777168,0.731,ok,,baseline
2026-03-02,monster,31118,false,czds_zone,2026-03-02T03:25:59.378277+00:00,,ns_sld_exact,1287,449,72223,863711,0.995,ok,,baseline
2026-03-02,mormon,1,false,czds_zone,2026-03-02T03:26:00.380741+00:00,,ns_sld_exact,1,4,8,2192,0.121,ok,,baseline
2026-03-02,mortgage,3907,false,czds_zone,2026-03-02T03:26:00.503296+00:00,,ns_sld_exact,160,23,10264,136224,0.251,ok,,baseline
2026-03-02,moto,1,false,czds_zone,2026-03-02T03:26:00.755201+00:00,,ns_sld_exact,1,8,12,3552,0.11,ok,,baseline
2026-03-02,motorcycles,14190,false,czds_zone,2026-03-02T03:26:00.865561+00:00,,ns_sld_exact,1442,8,29200,782087,0.621,ok,,rolling
2026-03-02,mov,6101,false,czds_zone,2026-03-02T03:26:01.487911+00:00,,ns_sld_exact,461,2,15966,1371204,0.672,ok,,baseline
2026-03-02,movie,4206,false,czds_zone,2026-03-02T03:26:02.161670+00:00,,ns_sld_exact,120,24,13063,136998,0.259,ok,,baseline
2026-03-02,msd,1,false,czds_zone,2026-03-02T03:26:02.422232+00:00,,ns_sld_exact,1,6,12,3480,0.117,ok,,baseline
2026-03-02,mtn,5,false,czds_zone,2026-03-02T03:26:02.515084+00:00,,ns_sld_exact,1,9,28,4796,0.105,ok,,baseline
2026-03-02,mtr,3,false,czds_zone,2026-03-02T03:26:02.540631+00:00,,ns_sld_exact,1,6,10,2595,0.1,ok,,baseline
2026-03-02,museum,1036,false,czds_zone,2026-03-02T03:26:02.620935+00:00,,ns_sld_exact,116,4,2952,55717,0.147,ok,,baseline
2026-03-02,music,7036,false,czds_zone,2026-03-02T03:26:02.641080+00:00,,ns_sld_exact,165,3,19427,174028,0.302,ok,,baseline
2026-03-02,nab,4,false,czds_zone,2026-03-02T03:26:02.769455+00:00,,ns_sld_exact,0,4,14,1848,0.104,ok,,baseline
2026-03-02,navy,1144,false,czds_zone,2026-03-02T03:26:02.874377+00:00,,ns_sld_exact,133,24,3119,77780,0.136,ok,,baseline
2026-03-02,nba,1,false,czds_zone,2026-03-02T03:26:02.944136+00:00,,ns_sld_exact,1,12,12,3600,0.106,ok,,baseline
2026-03-02,nec,7,false,czds_zone,2026-03-02T03:26:03.010794+00:00,,ns_sld_exact,0,0,18,3576,0.101,ok,,baseline
2026-03-02,netbank,5,false,czds_zone,2026-03-02T03:26:03.050692+00:00,,ns_sld_exact,1,12,26,3797,0.102,ok,,baseline
2026-03-02,netflix,1,false,czds_zone,2026-03-02T03:26:03.113383+00:00,,ns_sld_exact,1,8,12,3563,0.114,ok,,baseline
2026-03-02,network,73224,false,czds_zone,2026-03-02T03:26:03.153793+00:00,,ns_sld_exact,6763,3178,184338,4061426,2.711,ok,,baseline
2026-03-02,neustar,677,false,czds_zone,2026-03-02T03:26:03.227783+00:00,,ns_sld_exact,3,13,4056,20362,0.137,ok,,baseline
2026-03-02,new,2125,false,czds_zone,2026-03-02T03:26:03.366201+00:00,,ns_sld_exact,218,2,6162,496227,0.402,ok,,baseline
2026-03-02,news,71676,false,czds_zone,2026-03-02T03:26:03.769596+00:00,,ns_sld_exact,3070,1188,181816,2512639,2.121,ok,,baseline
2026-03-02,next,18,false,czds_zone,2026-03-02T03:26:05.866492+00:00,,ns_sld_exact,0,4,50,2088,0.121,ok,,baseline
2026-03-02,nextdirect,2,false,czds_zone,2026-03-02T03:26:05.891831+00:00,,ns_sld_exact,0,4,10,1828,0.11,ok,,baseline
2026-03-02,nexus,3800,false,czds_zone,2026-03-02T03:26:05.987785+00:00,,ns_sld_exact,673,10,9390,929133,0.396,ok,,baseline
2026-03-02,nfl,2,false,czds_zone,2026-03-02T03:26:06.002920+00:00,,ns_sld_exact,1,8,14,3572,0.104,ok,,baseline
2026-03-02,ngo,4692,false,czds_zone,2026-03-02T03:26:06.108168+00:00,,ns_sld_exact,122,94,11944,135421,0.215,ok,,baseline
2026-03-02,nikon,1,false,czds_zone,2026-03-02T03:26:06.328525+00:00,,ns_sld_exact,0,4,8,1793,0.104,ok,,baseline
2026-03-02,ninja,25121,false,czds_zone,2026-03-02T03:26:06.387227+00:00,,ns_sld_exact,2071,814,71455,1375322,0.864,ok,,baseline
2026-03-02,nissay,1,false,czds_zone,2026-03-02T03:26:06.433085+00:00,,ns_sld_exact,1,6,12,2257,0.099,ok,,rolling
2026-03-02,nokia,4,false,czds_zone,2026-03-02T03:26:06.536080+00:00,,ns_sld_exact,1,4,26,2268,0.098,ok,,baseline
2026-03-02,norton,1,false,czds_zone,2026-03-02T03:26:06.637957+00:00,,ns_sld_exact,1,7,12,4047,0.112,ok,,baseline
2026-03-02,nowruz,10,false,czds_zone,2026-03-02T03:26:06.751436+00:00,,ns_sld_exact,1,1,39,4769,0.109,ok,,rolling
2026-03-02,nowtv,1,false,czds_zone,2026-03-02T03:26:06.861027+00:00,,ns_sld_exact,1,4,8,2191,0.115,ok,,baseline
2026-03-02,nra,129,false,czds_zone,2026-03-02T03:26:06.977326+00:00,,ns_sld_exact,1,4,395,4214,0.144,ok,,baseline
2026-03-02,nrw,17959,false,czds_zone,2026-03-02T03:26:07.122642+00:00,,ns_sld_exact,2416,29,55734,4932103,1.81,ok,,baseline
2026-03-02,ntt,16,false,czds_zone,2026-03-02T03:26:07.252734+00:00,,ns_sld_exact,4,8,59,4003,0.108,ok,,baseline
2026-03-02,nyc,58073,false,czds_zone,2026-03-02T03:26:07.361247+00:00,,ns_sld_exact,578,106,134691,1173063,1.465,ok,,baseline
2026-03-02,obi,1,false,czds_zone,2026-03-02T03:26:08.827710+00:00,,ns_sld_exact,1,4,8,2193,0.111,ok,,baseline
2026-03-02,observer,3035,false,czds_zone,2026-03-02T03:26:08.933855+00:00,,ns_sld_exact,157,35,7356,95385,0.194,ok,,baseline
2026-03-02,office,5,false,czds_zone,2026-03-02T03:26:08.939886+00:00,,ns_sld_exact,1,9,32,4909,0.096,ok,,baseline
2026-03-02,olayan,2,false,czds_zone,2026-03-02T03:26:09.036333+00:00,,ns_sld_exact,1,12,14,3608,0.111,ok,,baseline
2026-03-02,olayangroup,2,false,czds_zone,2026-03-02T03:26:09.129219+00:00,,ns_sld_exact,1,12,14,3636,0.099,ok,,baseline
2026-03-02,ollo,1,false,czds_zone,2026-03-02T03:26:09.147769+00:00,,ns_sld_exact,1,0,6,1284,0.115,ok,,baseline
2026-03-02,omega,3,false,czds_zone,2026-03-02T03:26:09.228236+00:00,,ns_sld_exact,1,9,24,4785,0.115,ok,,baseline
2026-03-02,one,224381,false,czds_zone,2026-03-02T03:26:09.263311+00:00,,ns_sld_exact,39776,1153,531967,22393631,10.024,ok,,baseline
2026-03-02,ong,2168,false,czds_zone,2026-03-02T03:26:09.344416+00:00,,ns_sld_exact,45,37,5878,60889,0.152,ok,,baseline
2026-03-02,online,3240555,false,czds_zone,2026-03-02T03:26:09.497317+00:00,,ns_sld_exact,108818,10369,7539649,99243313,81.483,ok,,rolling
2026-03-02,open,1,false,czds_zone,2026-03-02T03:26:19.289835+00:00,,ns_sld_exact,1,12,12,3607,0.107,ok,,baseline
2026-03-02,oracle,3,false,czds_zone,2026-03-02T03:26:19.396964+00:00,,ns_sld_exact,1,4,20,2278,0.112,ok,,baseline
2026-03-02,orange,12,false,czds_zone,2026-03-02T03:26:19.508974+00:00,,ns_sld_exact,5,8,47,4081,0.132,ok,,baseline
2026-03-02,org,11665002,false,czds_zone,2026-03-02T03:26:19.642219+00:00,,ns_sld_exact,591748,387503,29460780,447952815,319.369,ok,,baseline
2026-03-02,organic,1532,false,czds_zone,2026-03-02T03:26:46.182308+00:00,,ns_sld_exact,86,5,4169,65235,0.186,ok,,baseline
2026-03-02,origins,1,false,czds_zone,2026-03-02T03:26:46.369000+00:00,,ns_sld_exact,1,4,8,2183,0.198,ok,,baseline
2026-03-02,osaka,999,false,czds_zone,2026-03-02T03:26:46.567947+00:00,,ns_sld_exact,10,20,3162,26951,0.129,ok,,baseline
2026-03-02,ott,1,false,czds_zone,2026-03-02T03:26:46.698438+00:00,,ns_sld_exact,1,0,6,1282,0.11,ok,,baseline
2026-03-02,ovh,83787,false,czds_zone,2026-03-02T03:26:46.809618+00:00,,ns_sld_exact,32194,1003,169941,10096448,4.687,ok,,baseline
2026-03-02,page,35362,false,czds_zone,2026-03-02T03:26:51.502120+00:00,,ns_sld_exact,12632,153,113315,10019758,4.551,ok,,baseline
2026-03-02,panasonic,3,false,czds_zone,2026-03-02T03:26:56.054888+00:00,,ns_sld_exact,0,0,16,2799,0.114,ok,,baseline
2026-03-02,paris,18392,false,czds_zone,2026-03-02T03:26:56.170891+00:00,,ns_sld_exact,3957,30,47553,1442521,1.025,ok,,baseline
2026-03-02,pars,1,false,czds_zone,2026-03-02T03:26:57.197203+00:00,,ns_sld_exact,1,1,16,4503,0.107,ok,,baseline
2026-03-02,partners,16333,false,czds_zone,2026-03-02T03:26:57.305880+00:00,,ns_sld_exact,1144,116,42524,758909,0.714,ok,,baseline
2026-03-02,parts,7243,false,czds_zone,2026-03-02T03:26:58.020883+00:00,,ns_sld_exact,434,74,18554,307628,0.377,ok,,baseline
2026-03-02,party,20189,false,czds_zone,2026-03-02T03:26:58.399629+00:00,,ns_sld_exact,1650,105,49897,1169007,0.857,ok,,baseline
2026-03-02,pccw,1,false,czds_zone,2026-03-02T03:26:59.257746+00:00,,ns_sld_exact,1,4,8,2186,0.108,ok,,baseline
2026-03-02,pet,24268,false,czds_zone,2026-03-02T03:26:59.366905+00:00,,ns_sld_exact,616,168,55182,596882,0.673,ok,,baseline
2026-03-02,pfizer,91,false,czds_zone,2026-03-02T03:27:00.046386+00:00,,ns_sld_exact,1,12,320,5420,0.109,ok,,rolling
2026-03-02,pharmacy,1079,false,czds_zone,2026-03-02T03:27:00.156791+00:00,,ns_sld_exact,14,9,2504,30023,0.161,ok,,baseline
2026-03-02,phd,2281,false,czds_zone,2026-03-02T03:27:00.318978+00:00,,ns_sld_exact,546,6,6494,592972,0.326,ok,,baseline
2026-03-02,philips,59,false,czds_zone,2026-03-02T03:27:00.646277+00:00,,ns_sld_exact,2,12,172,5165,0.1,ok,,baseline
2026-03-02,phone,1,false,czds_zone,2026-03-02T03:27:00.746763+00:00,,ns_sld_exact,1,0,6,1290,0.099,ok,,baseline
2026-03-02,photo,15948,false,czds_zone,2026-03-02T03:27:00.847378+00:00,,ns_sld_exact,1156,58,41145,625449,0.669,ok,,baseline
2026-03-02,photography,34409,false,czds_zone,2026-03-02T03:27:01.517715+00:00,,ns_sld_exact,2083,289,100655,1518980,1.477,ok,,baseline
2026-03-02,photos,19337,false,czds_zone,2026-03-02T03:27:02.996108+00:00,,ns_sld_exact,1488,160,52165,957221,0.826,ok,,rolling
2026-03-02,physio,946,false,czds_zone,2026-03-02T03:27:03.823349+00:00,,ns_sld_exact,23,12,3057,34538,0.129,ok,,baseline
2026-03-02,pics,82889,false,czds_zone,2026-03-02T03:27:03.953786+00:00,,ns_sld_exact,2853,242,179437,8855082,5.143,ok,,baseline
2026-03-02,pictet,42,false,czds_zone,2026-03-02T03:27:09.098924+00:00,,ns_sld_exact,1,10,164,3173,0.11,ok,,baseline
2026-03-02,pictures,10545,false,czds_zone,2026-03-02T03:27:09.209851+00:00,,ns_sld_exact,795,165,27080,502321,0.501,ok,,baseline
2026-03-02,pid,1,false,czds_zone,2026-03-02T03:27:09.712419+00:00,,ns_sld_exact,1,0,6,1290,0.106,ok,,rolling
2026-03-02,ping,3,false,czds_zone,2026-03-02T03:27:09.819872+00:00,,ns_sld_exact,2,12,21,4155,0.114,ok,,baseline
2026-03-02,pink,8892,false,czds_zone,2026-03-02T03:27:09.934991+00:00,,ns_sld_exact,282,100,20724,250966,0.348,ok,,baseline
2026-03-02,pioneer,26,false,czds_zone,2026-03-02T03:27:10.285142+00:00,,ns_sld_exact,1,9,115,5798,0.106,ok,,baseline
2026-03-02,pizza,12682,false,czds_zone,2026-03-02T03:27:10.392288+00:00,,ns_sld_exact,614,156,29668,436444,0.486,ok,,baseline
2026-03-02,place,9916,false,czds_zone,2026-03-02T03:27:10.881122+00:00,,ns_sld_exact,1279,137,26094,691591,0.55,ok,,baseline
2026-03-02,play,5,false,czds_zone,2026-03-02T03:27:11.432071+00:00,,ns_sld_exact,0,0,25,2674,0.104,ok,,baseline
2026-03-02,playstation,1,false,czds_zone,2026-03-02T03:27:11.539173+00:00,,ns_sld_exact,0,0,6,2275,0.109,ok,,baseline
2026-03-02,plumbing,2527,false,czds_zone,2026-03-02T03:27:11.654428+00:00,,ns_sld_exact,153,9,6604,109638,0.57,ok,,baseline
2026-03-02,plus,32003,false,czds_zone,2026-03-02T03:27:12.226615+00:00,,ns_sld_exact,1677,425,76167,1200585,0.979,ok,,baseline
2026-03-02,pnc,1,false,czds_zone,2026-03-02T03:27:13.207338+00:00,,ns_sld_exact,1,4,8,2189,0.102,ok,,baseline
2026-03-02,pohl,3,false,czds_zone,2026-03-02T03:27:13.311192+00:00,,ns_sld_exact,1,4,12,2217,0.111,ok,,baseline
2026-03-02,poker,8375,false,czds_zone,2026-03-02T03:27:13.423364+00:00,,ns_sld_exact,161,26,18959,183414,0.313,ok,,baseline
2026-03-02,porn,7589,false,czds_zone,2026-03-02T03:27:13.738165+00:00,,ns_sld_exact,189,29,21678,242442,0.374,ok,,baseline
2026-03-02,praxi,19,false,czds_zone,2026-03-02T03:27:14.116684+00:00,,ns_sld_exact,1,12,84,4187,0.112,ok,,baseline
2026-03-02,press,17592,false,czds_zone,2026-03-02T03:27:14.230237+00:00,,ns_sld_exact,465,104,42026,482248,0.591,ok,,baseline
2026-03-02,pro,1036162,false,czds_zone,2026-03-02T03:27:14.822938+00:00,,ns_sld_exact,44631,11745,2367632,33739921,27.599,ok,,baseline
2026-03-02,prod,2,false,czds_zone,2026-03-02T03:27:30.981603+00:00,,ns_sld_exact,0,0,13,2036,0.139,ok,,rolling
2026-03-02,productions,10696,false,czds_zone,2026-03-02T03:27:31.121923+00:00,,ns_sld_exact,926,84,29278,574645,0.548,ok,,baseline
2026-03-02,prof,840,false,czds_zone,2026-03-02T03:27:31.672001+00:00,,ns_sld_exact,160,0,2442,211946,0.218,ok,,baseline
2026-03-02,progressive,1,false,czds_zone,2026-03-02T03:27:31.891485+00:00,,ns_sld_exact,1,4,8,2202,0.104,ok,,baseline
2026-03-02,promo,6852,false,czds_zone,2026-03-02T03:27:31.997726+00:00,,ns_sld_exact,343,78,17539,261957,0.347,ok,,baseline
2026-03-02,properties,13289,false,czds_zone,2026-03-02T03:27:32.346570+00:00,,ns_sld_exact,701,106,32374,508885,0.586,ok,,baseline
2026-03-02,property,5040,false,czds_zone,2026-03-02T03:27:32.933825+00:00,,ns_sld_exact,65,4,11368,97027,0.256,ok,,baseline
2026-03-02,protection,99,false,czds_zone,2026-03-02T03:27:33.190948+00:00,,ns_sld_exact,0,6,358,4129,0.116,ok,,baseline
2026-03-02,pru,75,false,czds_zone,2026-03-02T03:27:33.309792+00:00,,ns_sld_exact,1,12,241,4909,0.129,ok,,baseline
2026-03-02,prudential,65,false,czds_zone,2026-03-02T03:27:33.440247+00:00,,ns_sld_exact,1,12,204,4678,0.115,ok,,baseline
2026-03-02,pub,18626,false,czds_zone,2026-03-02T03:27:33.556968+00:00,,ns_sld_exact,872,244,45464,659926,0.654,ok,,baseline
2026-03-02,pwc,3,false,czds_zone,2026-03-02T03:27:34.214178+00:00,,ns_sld_exact,1,4,12,2232,0.116,ok,,baseline
2026-03-02,qpon,62447,false,czds_zone,2026-03-02T03:27:34.330885+00:00,,ns_sld_exact,216,17,129468,842870,1.366,ok,,baseline
2026-03-02,quebec,7237,false,czds_zone,2026-03-02T03:27:35.701936+00:00,,ns_sld_exact,200,25,18143,1805665,0.811,ok,,baseline
2026-03-02,quest,48474,false,czds_zone,2026-03-02T03:27:36.514503+00:00,,ns_sld_exact,2521,86,109789,1939746,1.623,ok,,baseline
2026-03-02,racing,4320,false,czds_zone,2026-03-02T03:27:38.139016+00:00,,ns_sld_exact,375,23,11150,268038,0.263,ok,,baseline
2026-03-02,radio,2880,false,czds_zone,2026-03-02T03:27:38.403162+00:00,,ns_sld_exact,423,5,8722,803520,0.442,ok,,baseline
2026-03-02,realestate,14661,false,czds_zone,2026-03-02T03:27:38.846974+00:00,,ns_sld_exact,16,31,49290,274684,0.841,ok,,baseline
2026-03-02,realtor,27461,false,czds_zone,2026-03-02T03:27:39.688833+00:00,,ns_sld_exact,2,9,108870,490010,1.513,ok,,baseline
2026-03-02,realty,3564,false,czds_zone,2026-03-02T03:27:41.203009+00:00,,ns_sld_exact,100,11,12104,92181,0.28,ok,,baseline
2026-03-02,recipes,3952,false,czds_zone,2026-03-02T03:27:41.484292+00:00,,ns_sld_exact,241,36,9984,169884,0.271,ok,,rolling
2026-03-02,red,19223,false,czds_zone,2026-03-02T03:27:41.756780+00:00,,ns_sld_exact,1275,577,48422,851736,0.758,ok,,baseline
2026-03-02,redumbrella,2,false,czds_zone,2026-03-02T03:27:42.423379+00:00,,ns_sld_exact,1,4,10,2237,0.122,ok,,baseline
2026-03-02,rehab,2122,false,czds_zone,2026-03-02T03:27:42.516528+00:00,,ns_sld_exact,149,26,5447,100082,0.175,ok,,baseline
2026-03-02,reise,887,false,czds_zone,2026-03-02T03:27:42.546865+00:00,,ns_sld_exact,20,8,2654,27734,0.126,ok,,baseline
2026-03-02,reisen,4063,false,czds_zone,2026-03-02T03:27:42.677438+00:00,,ns_sld_exact,183,43,11518,153539,0.296,ok,,baseline
2026-03-02,reit,80,false,czds_zone,2026-03-02T03:27:42.692451+00:00,,ns_sld_exact,0,4,341,3636,0.099,ok,,baseline
2026-03-02,reliance,1,false,czds_zone,2026-03-02T03:27:42.792379+00:00,,ns_sld_exact,1,4,8,2202,0.123,ok,,baseline
2026-03-02,ren,12706,false,czds_zone,2026-03-02T03:27:42.916750+00:00,,ns_sld_exact,42,39,26515,2642009,0.943,ok,,baseline
2026-03-02,rent,9819,false,czds_zone,2026-03-02T03:27:42.975401+00:00,,ns_sld_exact,440,32,22923,341109,0.292,ok,,baseline
2026-03-02,rentals,12614,false,czds_zone,2026-03-02T03:27:43.274488+00:00,,ns_sld_exact,671,80,30925,488013,0.464,ok,,rolling
2026-03-02,repair,8461,false,czds_zone,2026-03-02T03:27:43.739241+00:00,,ns_sld_exact,421,100,20796,320147,0.357,ok,,baseline
2026-03-02,report,10540,false,czds_zone,2026-03-02T03:27:43.860575+00:00,,ns_sld_exact,926,120,27808,569200,0.47,ok,,baseline
2026-03-02,republican,1108,false,czds_zone,2026-03-02T03:27:44.098009+00:00,,ns_sld_exact,109,11,3209,68094,0.159,ok,,baseline
2026-03-02,rest,76752,false,czds_zone,2026-03-02T03:27:44.258087+00:00,,ns_sld_exact,1676,126,162997,1577675,1.698,ok,,baseline
2026-03-02,restaurant,8189,false,czds_zone,2026-03-02T03:27:44.331681+00:00,,ns_sld_exact,515,93,21260,365365,0.43,ok,,baseline
2026-03-02,review,7325,false,czds_zone,2026-03-02T03:27:44.763809+00:00,,ns_sld_exact,327,50,18709,300521,0.371,ok,,baseline
2026-03-02,reviews,12761,false,czds_zone,2026-03-02T03:27:45.136456+00:00,,ns_sld_exact,483,107,35751,436149,0.549,ok,,baseline
2026-03-02,rexroth,5,false,czds_zone,2026-03-02T03:27:45.687596+00:00,,ns_sld_exact,0,4,16,1855,0.104,ok,,baseline
2026-03-02,rich,314,false,czds_zone,2026-03-02T03:27:45.794179+00:00,,ns_sld_exact,3,4,923,8404,0.11,ok,,baseline
2026-03-02,richardli,1,false,czds_zone,2026-03-02T03:27:45.906052+00:00,,ns_sld_exact,1,4,8,2201,0.104,ok,,baseline
2026-03-02,ricoh,52,false,czds_zone,2026-03-02T03:27:45.956977+00:00,,ns_sld_exact,0,0,181,14175,0.111,ok,,baseline
2026-03-02,ril,1,false,czds_zone,2026-03-02T03:27:46.010990+00:00,,ns_sld_exact,1,4,8,2182,0.103,ok,,baseline
2026-03-02,rio,631,false,czds_zone,2026-03-02T03:27:46.069281+00:00,,ns_sld_exact,72,0,2092,33720,0.117,ok,,baseline
2026-03-02,rip,11872,false,czds_zone,2026-03-02T03:27:46.115632+00:00,,ns_sld_exact,970,137,29777,582430,0.413,ok,,baseline
2026-03-02,rocks,63195,false,czds_zone,2026-03-02T03:27:46.187387+00:00,,ns_sld_exact,3442,1084,162513,2553524,1.788,ok,,baseline
2026-03-02,rodeo,2967,false,czds_zone,2026-03-02T03:27:46.530556+00:00,,ns_sld_exact,169,140,7504,138439,0.225,ok,,baseline
2026-03-02,rogers,4,false,czds_zone,2026-03-02T03:27:46.757376+00:00,,ns_sld_exact,1,4,17,2263,0.101,ok,,baseline
2026-03-02,rsvp,2529,false,czds_zone,2026-03-02T03:27:46.863725+00:00,,ns_sld_exact,425,4,6956,619501,0.339,ok,,baseline
2026-03-02,rugby,484,false,czds_zone,2026-03-02T03:27:47.207013+00:00,,ns_sld_exact,5,16,1701,15360,0.12,ok,,baseline
2026-03-02,ruhr,4340,false,czds_zone,2026-03-02T03:27:47.329999+00:00,,ns_sld_exact,232,17,12737,935849,0.514,ok,,baseline
2026-03-02,run,129378,false,czds_zone,2026-03-02T03:27:47.844677+00:00,,ns_sld_exact,2809,406,276446,2814491,2.588,ok,,baseline
2026-03-02,rwe,2,false,czds_zone,2026-03-02T03:27:47.976579+00:00,,ns_sld_exact,0,6,16,1885,0.119,ok,,rolling
2026-03-02,saarland,3671,false,czds_zone,2026-03-02T03:27:48.099648+00:00,,ns_sld_exact,73,17,10832,102534,0.221,ok,,baseline
2026-03-02,safety,1,false,czds_zone,2026-03-02T03:27:48.321823+00:00,,ns_sld_exact,1,12,12,3610,0.107,ok,,baseline
2026-03-02,sakura,2,false,czds_zone,2026-03-02T03:27:48.431106+00:00,,ns_sld_exact,2,8,12,2691,0.106,ok,,baseline
2026-03-02,sale,13214,false,czds_zone,2026-03-02T03:27:48.540063+00:00,,ns_sld_exact,557,95,33732,463995,0.53,ok,,baseline
2026-03-02,salon,4001,false,czds_zone,2026-03-02T03:27:49.071740+00:00,,ns_sld_exact,316,38,11451,205009,0.267,ok,,baseline
2026-03-02,samsclub,1,false,czds_zone,2026-03-02T03:27:49.340093+00:00,,ns_sld_exact,1,6,12,3562,0.12,ok,,baseline
2026-03-02,samsung,3,false,czds_zone,2026-03-02T03:27:49.461208+00:00,,ns_sld_exact,0,2,12,258,0.113,ok,,baseline
2026-03-02,sandvik,40,false,czds_zone,2026-03-02T03:27:49.575232+00:00,,ns_sld_exact,1,12,168,4461,0.117,ok,,baseline
2026-03-02,sandvikcoromant,29,false,czds_zone,2026-03-02T03:27:49.695090+00:00,,ns_sld_exact,1,12,124,4232,0.122,ok,,baseline
2026-03-02,sanofi,19,false,czds_zone,2026-03-02T03:27:49.818448+00:00,,ns_sld_exact,1,4,80,2601,0.103,ok,,baseline
2026-03-02,sap,32,false,czds_zone,2026-03-02T03:27:49.926673+00:00,,ns_sld_exact,2,0,131,10130,0.106,ok,,baseline
2026-03-02,sarl,1417,false,czds_zone,2026-03-02T03:27:50.034573+00:00,,ns_sld_exact,255,30,3584,130715,0.194,ok,,baseline
2026-03-02,saxo,94,false,czds_zone,2026-03-02T03:27:50.229687+00:00,,ns_sld_exact,1,6,562,4674,0.12,ok,,baseline
2026-03-02,sbi,119,false,czds_zone,2026-03-02T03:27:50.350576+00:00,,ns_sld_exact,111,6,711,48568,0.139,ok,,baseline
2026-03-02,sbs,1349064,false,czds_zone,2026-03-02T03:27:50.433575+00:00,,ns_sld_exact,31364,572,2876347,32116470,28.885,ok,,baseline
2026-03-02,scb,35,false,czds_zone,2026-03-02T03:27:50.490716+00:00,,ns_sld_exact,27,14,135,16163,0.119,ok,,baseline
2026-03-02,schaeffler,30,false,czds_zone,2026-03-02T03:27:50.611373+00:00,,ns_sld_exact,1,0,141,10150,0.105,ok,,baseline
2026-03-02,schmidt,35,false,czds_zone,2026-03-02T03:27:50.717381+00:00,,ns_sld_exact,1,12,80,4049,0.118,ok,,baseline
2026-03-02,scholarships,1,false,czds_zone,2026-03-02T03:27:50.838663+00:00,,ns_sld_exact,1,4,8,2211,0.109,ok,,baseline
2026-03-02,school,23347,false,czds_zone,2026-03-02T03:27:50.949245+00:00,,ns_sld_exact,1463,259,60591,1017456,0.96,ok,,baseline
2026-03-02,schule,4627,false,czds_zone,2026-03-02T03:27:51.914225+00:00,,ns_sld_exact,141,35,13390,147436,0.321,ok,,baseline
2026-03-02,schwarz,740,false,czds_zone,2026-03-02T03:27:52.240450+00:00,,ns_sld_exact,2,6,2216,11048,0.122,ok,,rolling
2026-03-02,science,11344,false,czds_zone,2026-03-02T03:27:52.363539+00:00,,ns_sld_exact,1025,53,30408,722303,0.691,ok,,baseline
2026-03-02,search,1,false,czds_zone,2026-03-02T03:27:53.056242+00:00,,ns_sld_exact,0,0,9,1818,0.118,ok,,baseline
2026-03-02,seat,790,false,czds_zone,2026-03-02T03:27:53.175207+00:00,,ns_sld_exact,1,0,4495,200974,0.244,ok,,baseline
2026-03-02,security,838,false,czds_zone,2026-03-02T03:27:53.420924+00:00,,ns_sld_exact,69,6,2415,48409,0.151,ok,,baseline
2026-03-02,seek,8,false,czds_zone,2026-03-02T03:27:53.573695+00:00,,ns_sld_exact,1,12,40,3895,0.122,ok,,baseline
2026-03-02,select,740,false,czds_zone,2026-03-02T03:27:53.696041+00:00,,ns_sld_exact,67,12,2174,50320,0.146,ok,,baseline
2026-03-02,sener,34,false,czds_zone,2026-03-02T03:27:53.844060+00:00,,ns_sld_exact,0,7,81,2402,0.12,ok,,baseline
2026-03-02,services,88505,false,czds_zone,2026-03-02T03:27:53.967124+00:00,,ns_sld_exact,4663,1167,212011,3393904,2.981,ok,,baseline
2026-03-02,seven,11,false,czds_zone,2026-03-02T03:27:56.949076+00:00,,ns_sld_exact,1,12,34,3764,0.118,ok,,baseline
2026-03-02,sex,6304,false,czds_zone,2026-03-02T03:27:57.068288+00:00,,ns_sld_exact,157,45,17392,197585,0.324,ok,,baseline
2026-03-02,sexy,3019,false,czds_zone,2026-03-02T03:27:57.393787+00:00,,ns_sld_exact,113,18,8511,91006,0.206,ok,,baseline
2026-03-02,sfr,14,false,czds_zone,2026-03-02T03:27:57.602651+00:00,,ns_sld_exact,1,4,34,1482,0.105,ok,,baseline
2026-03-02,shangrila,1,false,czds_zone,2026-03-02T03:27:57.708999+00:00,,ns_sld_exact,0,4,8,1803,0.113,ok,,baseline
2026-03-02,sharp,20,false,czds_zone,2026-03-02T03:27:57.823438+00:00,,ns_sld_exact,0,2,45,6391,0.11,ok,,baseline
2026-03-02,shell,55,false,czds_zone,2026-03-02T03:27:57.935032+00:00,,ns_sld_exact,33,9,190,28197,0.122,ok,,baseline
2026-03-02,shia,1,false,czds_zone,2026-03-02T03:27:58.058168+00:00,,ns_sld_exact,1,1,16,4509,0.115,ok,,baseline
2026-03-02,shiksha,615,false,czds_zone,2026-03-02T03:27:58.175066+00:00,,ns_sld_exact,40,16,1492,28685,0.135,ok,,baseline
2026-03-02,shoes,3857,false,czds_zone,2026-03-02T03:27:58.312784+00:00,,ns_sld_exact,191,38,10606,151596,0.261,ok,,baseline
2026-03-02,shopping,7685,false,czds_zone,2026-03-02T03:27:58.575769+00:00,,ns_sld_exact,353,78,20797,288140,0.418,ok,,baseline
2026-03-02,shouji,1,false,czds_zone,2026-03-02T03:27:58.995185+00:00,,ns_sld_exact,1,2,6,3608,0.103,ok,,baseline
2026-03-02,show,17632,false,czds_zone,2026-03-02T03:27:59.099348+00:00,,ns_sld_exact,842,75,43804,645099,0.671,ok,,baseline
2026-03-02,sina,1,false,czds_zone,2026-03-02T03:27:59.771606+00:00,,ns_sld_exact,1,4,8,2192,0.108,ok,,baseline
2026-03-02,singles,2586,false,czds_zone,2026-03-02T03:27:59.881344+00:00,,ns_sld_exact,146,12,6389,106109,0.21,ok,,baseline
2026-03-02,site,1718851,false,czds_zone,2026-03-02T03:28:00.092858+00:00,,ns_sld_exact,37326,6104,3882037,42033281,42.762,ok,,baseline
2026-03-02,ski,6180,false,czds_zone,2026-03-02T03:28:19.322642+00:00,,ns_sld_exact,728,67,16630,413546,0.472,ok,,baseline
2026-03-02,skin,160337,false,czds_zone,2026-03-02T03:28:19.796240+00:00,,ns_sld_exact,2414,67,325540,2894992,3.615,ok,,baseline
2026-03-02,sky,144,false,czds_zone,2026-03-02T03:28:23.415763+00:00,,ns_sld_exact,1,9,812,8936,0.125,ok,,baseline
2026-03-02,skype,6,false,czds_zone,2026-03-02T03:28:23.542322+00:00,,ns_sld_exact,1,9,36,4948,0.108,ok,,baseline
2026-03-02,sling,1,false,czds_zone,2026-03-02T03:28:23.651732+00:00,,ns_sld_exact,1,0,6,1283,0.11,ok,,baseline
2026-03-02,smart,48,false,czds_zone,2026-03-02T03:28:23.765184+00:00,,ns_sld_exact,0,4,173,2454,0.127,ok,,baseline
2026-03-02,sncf,64,false,czds_zone,2026-03-02T03:28:23.893307+00:00,,ns_sld_exact,1,0,312,2984,0.118,ok,,baseline
2026-03-02,soccer,3516,false,czds_zone,2026-03-02T03:28:24.012605+00:00,,ns_sld_exact,233,26,9326,159275,0.237,ok,,baseline
2026-03-02,social,46059,false,czds_zone,2026-03-02T03:28:24.252010+00:00,,ns_sld_exact,3218,452,122397,2137132,1.671,ok,,baseline
2026-03-02,softbank,5,false,czds_zone,2026-03-02T03:28:25.924387+00:00,,ns_sld_exact,0,0,18,3232,0.15,ok,,rolling
2026-03-02,software,24824,false,czds_zone,2026-03-02T03:28:26.075846+00:00,,ns_sld_exact,1954,396,67094,1263288,1.076,ok,,baseline
2026-03-02,sohu,7,false,czds_zone,2026-03-02T03:28:27.153723+00:00,,ns_sld_exact,0,5,50,3295,0.112,ok,,baseline
2026-03-02,solar,9665,false,czds_zone,2026-03-02T03:28:27.266217+00:00,,ns_sld_exact,754,74,25417,479427,0.408,ok,,baseline
2026-03-02,solutions,102381,false,czds_zone,2026-03-02T03:28:27.675531+00:00,,ns_sld_exact,5103,1677,248503,3795385,3.391,ok,,baseline
2026-03-02,sony,10,false,czds_zone,2026-03-02T03:28:31.070437+00:00,,ns_sld_exact,0,0,51,4458,0.103,ok,,baseline
2026-03-02,soy,1900,false,czds_zone,2026-03-02T03:28:31.174436+00:00,,ns_sld_exact,294,13,5682,465396,0.318,ok,,baseline
2026-03-02,space,514676,false,czds_zone,2026-03-02T03:28:31.494478+00:00,,ns_sld_exact,15831,2405,1190072,14680333,13.721,ok,,baseline
2026-03-02,srl,10501,false,czds_zone,2026-03-02T03:28:42.855990+00:00,,ns_sld_exact,174,86,33010,266323,0.408,ok,,baseline
2026-03-02,stada,125,false,czds_zone,2026-03-02T03:28:43.266680+00:00,,ns_sld_exact,1,4,380,3812,0.117,ok,,baseline
2026-03-02,staples,1,false,czds_zone,2026-03-02T03:28:43.385709+00:00,,ns_sld_exact,1,12,12,3614,0.104,ok,,baseline
2026-03-02,star,2,false,czds_zone,2026-03-02T03:28:43.490963+00:00,,ns_sld_exact,1,4,12,2243,0.109,ok,,baseline
2026-03-02,statebank,39,false,czds_zone,2026-03-02T03:28:43.601754+00:00,,ns_sld_exact,38,4,234,17789,0.113,ok,,baseline
2026-03-02,statefarm,39,false,czds_zone,2026-03-02T03:28:43.716191+00:00,,ns_sld_exact,1,14,209,5071,0.11,ok,,baseline
2026-03-02,stc,10,false,czds_zone,2026-03-02T03:28:43.827675+00:00,,ns_sld_exact,0,4,43,2091,0.106,ok,,baseline
2026-03-02,stcgroup,1,false,czds_zone,2026-03-02T03:28:43.935787+00:00,,ns_sld_exact,0,4,8,1724,0.113,ok,,baseline
2026-03-02,stockholm,198,false,czds_zone,2026-03-02T03:28:44.050588+00:00,,ns_sld_exact,1,4,432,4845,0.109,ok,,baseline
2026-03-02,storage,614,false,czds_zone,2026-03-02T03:28:44.160887+00:00,,ns_sld_exact,25,4,1738,19398,0.129,ok,,baseline
2026-03-02,store,2081570,false,czds_zone,2026-03-02T03:28:44.290953+00:00,,ns_sld_exact,48035,2568,5061376,53098774,49.74,ok,,baseline
2026-03-02,stream,14059,false,czds_zone,2026-03-02T03:28:45.216961+00:00,,ns_sld_exact,1270,124,34240,870758,0.525,ok,,baseline
2026-03-02,studio,165224,false,czds_zone,2026-03-02T03:28:45.743213+00:00,,ns_sld_exact,14579,1244,452055,8775543,6.428,ok,,rolling
2026-03-02,study,8411,false,czds_zone,2026-03-02T03:28:52.175844+00:00,,ns_sld_exact,462,30,25216,366453,0.654,ok,,baseline
2026-03-02,style,11331,false,czds_zone,2026-03-02T03:28:52.832365+00:00,,ns_sld_exact,558,123,30567,431432,0.75,ok,,baseline
2026-03-02,supplies,2903,false,czds_zone,2026-03-02T03:28:53.584696+00:00,,ns_sld_exact,213,17,7785,143376,0.468,ok,,baseline
2026-03-02,supply,7598,false,czds_zone,2026-03-02T03:28:54.056204+00:00,,ns_sld_exact,710,65,20385,424654,0.704,ok,,baseline
2026-03-02,support,39787,false,czds_zone,2026-03-02T03:28:54.762804+00:00,,ns_sld_exact,2957,514,101962,1934021,1.82,ok,,baseline
2026-03-02,surf,8285,false,czds_zone,2026-03-02T03:28:56.585176+00:00,,ns_sld_exact,1444,33,19275,825530,0.822,ok,,rolling
2026-03-02,surgery,1657,false,czds_zone,2026-03-02T03:28:57.408844+00:00,,ns_sld_exact,104,14,4416,75760,0.337,ok,,baseline
2026-03-02,swatch,8,false,czds_zone,2026-03-02T03:28:57.747682+00:00,,ns_sld_exact,1,9,44,4940,0.335,ok,,baseline
2026-03-02,swiss,22756,false,czds_zone,2026-03-02T03:28:58.084353+00:00,,ns_sld_exact,4372,79,58696,6500113,2.944,ok,,baseline
2026-03-02,sydney,5843,false,czds_zone,2026-03-02T03:29:01.030315+00:00,,ns_sld_exact,46,16,14725,125355,0.539,ok,,baseline
2026-03-02,systems,40500,false,czds_zone,2026-03-02T03:29:01.570385+00:00,,ns_sld_exact,3353,1576,109316,2154882,1.794,ok,,baseline
2026-03-02,tab,2,false,czds_zone,2026-03-02T03:29:03.365956+00:00,,ns_sld_exact,1,12,18,3629,0.282,ok,,baseline
2026-03-02,taobao,1,false,czds_zone,2026-03-02T03:29:03.649769+00:00,,ns_sld_exact,1,4,8,2194,0.281,ok,,baseline
2026-03-02,target,147,false,czds_zone,2026-03-02T03:29:03.932072+00:00,,ns_sld_exact,1,12,308,5302,0.279,ok,,baseline
2026-03-02,tatamotors,25,false,czds_zone,2026-03-02T03:29:04.213664+00:00,,ns_sld_exact,0,4,112,2742,0.275,ok,,baseline
2026-03-02,tatar,1191,false,czds_zone,2026-03-02T03:29:04.490115+00:00,,ns_sld_exact,5,13,2793,19312,0.299,ok,,baseline
2026-03-02,tattoo,7359,false,czds_zone,2026-03-02T03:29:04.790751+00:00,,ns_sld_exact,1954,36,16433,655389,0.878,ok,,baseline
2026-03-02,tax,16247,false,czds_zone,2026-03-02T03:29:05.670122+00:00,,ns_sld_exact,870,90,39158,610387,1.068,ok,,baseline
2026-03-02,taxi,6555,false,czds_zone,2026-03-02T03:29:06.739475+00:00,,ns_sld_exact,486,100,16549,317346,0.58,ok,,baseline
2026-03-02,tci,1,false,czds_zone,2026-03-02T03:29:07.321079+00:00,,ns_sld_exact,1,1,16,4505,0.281,ok,,baseline
2026-03-02,tdk,1,false,czds_zone,2026-03-02T03:29:07.603769+00:00,,ns_sld_exact,1,12,12,3600,0.285,ok,,baseline
2026-03-02,team,54873,false,czds_zone,2026-03-02T03:29:07.889826+00:00,,ns_sld_exact,3212,660,139754,2267454,2.225,ok,,baseline
2026-03-02,tech,477657,false,czds_zone,2026-03-02T03:29:10.116536+00:00,,ns_sld_exact,28644,2182,1187925,19737277,15.66,ok,,baseline
2026-03-02,technology,32725,false,czds_zone,2026-03-02T03:29:25.780434+00:00,,ns_sld_exact,2260,531,85714,1524221,1.389,ok,,baseline
2026-03-02,tel,37342,false,czds_zone,2026-03-02T03:29:27.170508+00:00,,ns_sld_exact,436,157,139186,9198035,3.89,ok,,baseline
2026-03-02,temasek,10,false,czds_zone,2026-03-02T03:29:31.066185+00:00,,ns_sld_exact,1,5,39,2488,0.108,ok,,baseline
2026-03-02,tennis,1855,false,czds_zone,2026-03-02T03:29:31.175931+00:00,,ns_sld_exact,147,17,4980,96691,0.174,ok,,baseline
2026-03-02,teva,94,false,czds_zone,2026-03-02T03:29:31.351736+00:00,,ns_sld_exact,1,12,291,4889,0.129,ok,,baseline
2026-03-02,thd,1,false,czds_zone,2026-03-02T03:29:31.482330+00:00,,ns_sld_exact,1,4,8,2186,0.115,ok,,rolling
2026-03-02,theater,1369,false,czds_zone,2026-03-02T03:29:31.599848+00:00,,ns_sld_exact,92,16,3819,66369,0.166,ok,,baseline
2026-03-02,theatre,152,false,czds_zone,2026-03-02T03:29:31.767752+00:00,,ns_sld_exact,6,4,454,7428,0.111,ok,,baseline
2026-03-02,tiaa,1,false,czds_zone,2026-03-02T03:29:31.880151+00:00,,ns_sld_exact,1,6,12,2251,0.111,ok,,baseline
2026-03-02,tickets,1082,false,czds_zone,2026-03-02T03:29:31.995349+00:00,,ns_sld_exact,27,6,3831,36184,0.146,ok,,baseline
2026-03-02,tienda,2300,false,czds_zone,2026-03-02T03:29:32.142314+00:00,,ns_sld_exact,73,56,5818,72883,0.175,ok,,baseline
2026-03-02,tips,20470,false,czds_zone,2026-03-02T03:29:32.318849+00:00,,ns_sld_exact,1080,160,51539,801687,0.777,ok,,baseline
2026-03-02,tires,1240,false,czds_zone,2026-03-02T03:29:33.096803+00:00,,ns_sld_exact,54,12,3007,43731,0.151,ok,,baseline
2026-03-02,tirol,8001,false,czds_zone,2026-03-02T03:29:33.249963+00:00,,ns_sld_exact,209,6,23248,233054,0.369,ok,,baseline
2026-03-02,tjmaxx,1,false,czds_zone,2026-03-02T03:29:33.620335+00:00,,ns_sld_exact,1,12,12,3613,0.109,ok,,baseline
2026-03-02,tjx,1,false,czds_zone,2026-03-02T03:29:33.731101+00:00,,ns_sld_exact,1,12,12,3597,0.107,ok,,rolling
2026-03-02,tkmaxx,1,false,czds_zone,2026-03-02T03:29:33.840827+00:00,,ns_sld_exact,1,12,12,3611,0.219,ok,,baseline
2026-03-02,tmall,1,false,czds_zone,2026-03-02T03:29:34.032088+00:00,,ns_sld_exact,1,4,8,2186,0.104,ok,,baseline
2026-03-02,today,199270,false,czds_zone,2026-03-02T03:29:34.061061+00:00,,ns_sld_exact,3021,1044,431694,4097316,4.469,ok,,baseline
2026-03-02,tools,26362,false,czds_zone,2026-03-02T03:29:34.137829+00:00,,ns_sld_exact,2134,387,69038,1350848,1.071,ok,,baseline
2026-03-02,top,5904584,false,czds_zone,2026-03-02T03:29:35.210130+00:00,,ns_sld_exact,124461,50869,15792235,1222731408,262.465,ok,,baseline
2026-03-02,toray,86,false,czds_zone,2026-03-02T03:29:38.531224+00:00,,ns_sld_exact,75,0,488,37788,0.112,ok,,baseline
2026-03-02,tours,12331,false,czds_zone,2026-03-02T03:29:38.644697+00:00,,ns_sld_exact,483,147,30876,414626,0.413,ok,,baseline
2026-03-02,town,35466,false,czds_zone,2026-03-02T03:29:39.059238+00:00,,ns_sld_exact,608,127,79530,660552,0.719,ok,,baseline
2026-03-02,toyota,243,false,czds_zone,2026-03-02T03:29:39.779913+00:00,,ns_sld_exact,0,3,920,59400,0.116,ok,,baseline
2026-03-02,toys,5550,false,czds_zone,2026-03-02T03:29:39.896814+00:00,,ns_sld_exact,323,35,14236,225889,0.28,ok,,baseline
2026-03-02,trade,23210,false,czds_zone,2026-03-02T03:29:40.178044+00:00,,ns_sld_exact,1203,108,54118,975207,0.635,ok,,baseline
2026-03-02,trading,5188,false,czds_zone,2026-03-02T03:29:40.814508+00:00,,ns_sld_exact,290,62,12864,206489,0.264,ok,,baseline
2026-03-02,training,22348,false,czds_zone,2026-03-02T03:29:41.081876+00:00,,ns_sld_exact,1334,121,57486,957433,0.694,ok,,baseline
2026-03-02,travel,26489,false,czds_zone,2026-03-02T03:29:41.776599+00:00,,ns_sld_exact,598,361,66923,704399,0.719,ok,,baseline
2026-03-02,travelers,3,false,czds_zone,2026-03-02T03:29:42.498418+00:00,,ns_sld_exact,1,4,12,2226,0.116,ok,,baseline
2026-03-02,travelersinsurance,2,false,czds_zone,2026-03-02T03:29:42.615843+00:00,,ns_sld_exact,1,4,10,2253,0.109,ok,,baseline
2026-03-02,trust,51,false,czds_zone,2026-03-02T03:29:42.725926+00:00,,ns_sld_exact,13,96,110,5691,0.103,ok,,baseline
2026-03-02,trv,2,false,czds_zone,2026-03-02T03:29:42.829632+00:00,,ns_sld_exact,1,4,10,2215,0.115,ok,,rolling
2026-03-02,tube,5327,false,czds_zone,2026-03-02T03:29:42.945975+00:00,,ns_sld_exact,208,93,13069,1332517,0.526,ok,,baseline
2026-03-02,tui,98,false,czds_zone,2026-03-02T03:29:43.473014+00:00,,ns_sld_exact,1,4,323,4852,0.102,ok,,baseline
2026-03-02,tvs,4,false,czds_zone,2026-03-02T03:29:43.576204+00:00,,ns_sld_exact,1,4,17,2259,0.116,ok,,baseline
2026-03-02,ubank,1,false,czds_zone,2026-03-02T03:29:43.699153+00:00,,ns_sld_exact,0,4,8,1794,0.107,ok,,baseline
2026-03-02,ubs,2,false,czds_zone,2026-03-02T03:29:43.810079+00:00,,ns_sld_exact,0,4,10,1814,0.12,ok,,baseline
2026-03-02,unicom,3,false,czds_zone,2026-03-02T03:29:43.934337+00:00,,ns_sld_exact,0,0,18,2227,0.107,ok,,baseline
2026-03-02,university,8061,false,czds_zone,2026-03-02T03:29:44.042655+00:00,,ns_sld_exact,507,143,21312,360273,0.355,ok,,baseline
2026-03-02,uno,36647,false,czds_zone,2026-03-02T03:29:44.398918+00:00,,ns_sld_exact,784,92,79543,850385,0.827,ok,,baseline
2026-03-02,uol,55,false,czds_zone,2026-03-02T03:29:45.227054+00:00,,ns_sld_exact,1,3,173,2123,0.134,ok,,baseline
2026-03-02,ups,2,false,czds_zone,2026-03-02T03:29:45.362175+00:00,,ns_sld_exact,1,4,10,2207,0.11,ok,,baseline
2026-03-02,vacations,4890,false,czds_zone,2026-03-02T03:29:45.473580+00:00,,ns_sld_exact,174,23,12036,150772,0.249,ok,,baseline
2026-03-02,vana,46,false,czds_zone,2026-03-02T03:29:45.723254+00:00,,ns_sld_exact,13,0,140,5899,0.103,ok,,baseline
2026-03-02,vanguard,18,false,czds_zone,2026-03-02T03:29:45.827800+00:00,,ns_sld_exact,0,4,110,2313,0.105,ok,,baseline
2026-03-02,vegas,11367,false,czds_zone,2026-03-02T03:29:45.933573+00:00,,ns_sld_exact,165,32,26531,240212,0.376,ok,,baseline
2026-03-02,ventures,23074,false,czds_zone,2026-03-02T03:29:46.311683+00:00,,ns_sld_exact,1690,109,57711,1060953,0.847,ok,,baseline
2026-03-02,versicherung,1230,false,czds_zone,2026-03-02T03:29:47.159969+00:00,,ns_sld_exact,31,0,3845,39440,0.161,ok,,baseline
2026-03-02,vet,10970,false,czds_zone,2026-03-02T03:29:47.323816+00:00,,ns_sld_exact,865,88,29378,552825,0.499,ok,,baseline
2026-03-02,viajes,691,false,czds_zone,2026-03-02T03:29:47.823762+00:00,,ns_sld_exact,30,23,1870,28199,0.12,ok,,baseline
2026-03-02,video,24359,false,czds_zone,2026-03-02T03:29:47.949229+00:00,,ns_sld_exact,1762,265,62523,1150062,0.773,ok,,baseline
2026-03-02,vig,39,false,czds_zone,2026-03-02T03:29:48.723220+00:00,,ns_sld_exact,1,4,120,2991,0.106,ok,,baseline
2026-03-02,viking,1,false,czds_zone,2026-03-02T03:29:48.830732+00:00,,ns_sld_exact,1,4,8,2190,0.115,ok,,baseline
2026-03-02,villas,7439,false,czds_zone,2026-03-02T03:29:48.948877+00:00,,ns_sld_exact,92,38,15949,120535,0.239,ok,,baseline
2026-03-02,vin,10105,false,czds_zone,2026-03-02T03:29:49.188948+00:00,,ns_sld_exact,667,46,24053,431236,0.513,ok,,baseline
2026-03-02,vip,1566028,false,czds_zone,2026-03-02T03:29:49.703745+00:00,,ns_sld_exact,13202,1602,3542932,25542421,28.921,ok,,baseline
2026-03-02,virgin,1,false,czds_zone,2026-03-02T03:30:18.626546+00:00,,ns_sld_exact,1,9,16,4694,0.161,ok,,baseline
2026-03-02,visa,1,false,czds_zone,2026-03-02T03:30:18.788713+00:00,,ns_sld_exact,1,6,12,2247,0.11,ok,,rolling
2026-03-02,vision,11274,false,czds_zone,2026-03-02T03:30:18.904385+00:00,,ns_sld_exact,881,102,30409,568182,0.439,ok,,baseline
2026-03-02,viva,1,false,czds_zone,2026-03-02T03:30:19.345501+00:00,,ns_sld_exact,0,4,8,1709,0.122,ok,,baseline
2026-03-02,vlaanderen,5161,false,czds_zone,2026-03-02T03:30:19.468620+00:00,,ns_sld_exact,1468,43,15190,518957,0.395,ok,,baseline
2026-03-02,vodka,1767,false,czds_zone,2026-03-02T03:30:19.867383+00:00,,ns_sld_exact,77,12,4471,72299,0.146,ok,,baseline
2026-03-02,volvo,4,false,czds_zone,2026-03-02T03:30:20.014084+00:00,,ns_sld_exact,0,4,20,1866,0.18,ok,,baseline
2026-03-02,vote,6017,false,czds_zone,2026-03-02T03:30:20.195710+00:00,,ns_sld_exact,321,32,14411,229536,0.637,ok,,baseline
2026-03-02,voto,745,false,czds_zone,2026-03-02T03:30:20.836313+00:00,,ns_sld_exact,31,14,1726,25974,0.155,ok,,baseline
2026-03-02,voyage,3559,false,czds_zone,2026-03-02T03:30:20.993325+00:00,,ns_sld_exact,194,17,9398,142467,0.222,ok,,baseline
2026-03-02,wales,12936,false,czds_zone,2026-03-02T03:30:21.216361+00:00,,ns_sld_exact,270,66,34042,432080,0.425,ok,,baseline
2026-03-02,walmart,1,false,czds_zone,2026-03-02T03:30:21.642582+00:00,,ns_sld_exact,1,6,12,3549,0.1,ok,,baseline
2026-03-02,walter,26,false,czds_zone,2026-03-02T03:30:21.743928+00:00,,ns_sld_exact,1,12,111,4161,0.104,ok,,baseline
2026-03-02,wang,40789,false,czds_zone,2026-03-02T03:30:21.850791+00:00,,ns_sld_exact,148,147,93228,8327845,2.445,ok,,baseline
2026-03-02,watch,20416,false,czds_zone,2026-03-02T03:30:24.297345+00:00,,ns_sld_exact,930,114,46671,712607,0.536,ok,,baseline
2026-03-02,watches,336,false,czds_zone,2026-03-02T03:30:24.834233+00:00,,ns_sld_exact,19,5,1053,16282,0.115,ok,,baseline
2026-03-02,webcam,2071,false,czds_zone,2026-03-02T03:30:24.950554+00:00,,ns_sld_exact,88,38,5770,88055,0.175,ok,,baseline
2026-03-02,website,220574,false,czds_zone,2026-03-02T03:30:25.126661+00:00,,ns_sld_exact,8919,1314,516072,7298256,5.451,ok,,baseline
2026-03-02,wed,21,false,czds_zone,2026-03-02T03:30:30.579467+00:00,,ns_sld_exact,1,0,72,4343,0.103,ok,,baseline
2026-03-02,wedding,11702,false,czds_zone,2026-03-02T03:30:30.683560+00:00,,ns_sld_exact,415,26,35762,477315,0.437,ok,,baseline
2026-03-02,weibo,1,false,czds_zone,2026-03-02T03:30:31.121528+00:00,,ns_sld_exact,1,4,8,2194,0.113,ok,,baseline
2026-03-02,weir,191,false,czds_zone,2026-03-02T03:30:31.235361+00:00,,ns_sld_exact,0,4,410,4029,0.108,ok,,baseline
2026-03-02,whoswho,909,false,czds_zone,2026-03-02T03:30:31.344123+00:00,,ns_sld_exact,44,5,2756,227236,0.184,ok,,rolling
2026-03-02,wien,14990,false,czds_zone,2026-03-02T03:30:31.529143+00:00,,ns_sld_exact,361,27,43859,412613,0.533,ok,,baseline
2026-03-02,wiki,77620,false,czds_zone,2026-03-02T03:30:32.063279+00:00,,ns_sld_exact,3507,422,172432,2842487,1.787,ok,,baseline
2026-03-02,win,107448,false,czds_zone,2026-03-02T03:30:33.854440+00:00,,ns_sld_exact,5742,320,235723,4367880,2.275,ok,,baseline
2026-03-02,windows,22,false,czds_zone,2026-03-02T03:30:36.130654+00:00,,ns_sld_exact,1,9,100,5323,0.099,ok,,baseline
2026-03-02,wine,17372,false,czds_zone,2026-03-02T03:30:36.230074+00:00,,ns_sld_exact,1153,125,44550,777049,0.51,ok,,baseline
2026-03-02,winners,1,false,czds_zone,2026-03-02T03:30:36.741273+00:00,,ns_sld_exact,1,12,12,3610,0.107,ok,,baseline
2026-03-02,wme,7,false,czds_zone,2026-03-02T03:30:36.849655+00:00,,ns_sld_exact,0,4,32,1849,0.116,ok,,baseline
2026-03-02,woodside,22,false,czds_zone,2026-03-02T03:30:36.967187+00:00,,ns_sld_exact,1,12,95,4525,0.105,ok,,rolling
2026-03-02,work,336639,false,czds_zone,2026-03-02T03:30:37.078500+00:00,,ns_sld_exact,7842,972,790555,10096451,7.611,ok,,baseline
2026-03-02,works,33742,false,czds_zone,2026-03-02T03:30:44.690716+00:00,,ns_sld_exact,2754,514,92118,1740593,0.993,ok,,baseline
2026-03-02,world,387751,false,czds_zone,2026-03-02T03:30:45.684910+00:00,,ns_sld_exact,13447,2717,937104,11829600,9.155,ok,,baseline
2026-03-02,wtc,1,false,czds_zone,2026-03-02T03:30:54.844240+00:00,,ns_sld_exact,1,12,12,3581,0.355,ok,,baseline
2026-03-02,wtf,36964,false,czds_zone,2026-03-02T03:30:55.200651+00:00,,ns_sld_exact,3464,86419,90760,2474340,2.063,ok,,baseline
2026-03-02,xbox,24,false,czds_zone,2026-03-02T03:30:57.268157+00:00,,ns_sld_exact,1,9,108,5417,0.276,ok,,baseline
2026-03-02,xerox,1,false,czds_zone,2026-03-02T03:30:57.547768+00:00,,ns_sld_exact,1,12,12,3820,0.28,ok,,baseline
2026-03-02,xihuan,1,false,czds_zone,2026-03-02T03:30:57.828953+00:00,,ns_sld_exact,1,2,6,3075,0.264,ok,,baseline
2026-03-02,xin,61840,false,czds_zone,2026-03-02T03:30:58.095758+00:00,,ns_sld_exact,58,127,125677,727767,1.197,ok,,baseline
2026-03-02,xn--30rr7y,1,false,czds_zone,2026-03-02T03:30:59.294415+00:00,,ns_sld_exact,0,0,12,1983,0.281,ok,,baseline
2026-03-02,xn--45q11c,39,false,czds_zone,2026-03-02T03:30:59.576237+00:00,,ns_sld_exact,0,0,158,10218,0.277,ok,,baseline
2026-03-02,xn--4gbrim,77,false,czds_zone,2026-03-02T03:30:59.855034+00:00,,ns_sld_exact,2,4,260,4480,0.28,ok,,baseline
2026-03-02,xn--55qw42g,1,false,czds_zone,2026-03-02T03:31:00.136405+00:00,,ns_sld_exact,1,0,10,3057,0.277,ok,,baseline
2026-03-02,xn--55qx5d,21156,false,czds_zone,2026-03-02T03:31:00.414939+00:00,,ns_sld_exact,2,0,47037,351543,0.905,ok,,baseline
2026-03-02,xn--5su34j936bgsg,1,false,czds_zone,2026-03-02T03:31:01.320920+00:00,,ns_sld_exact,1,6,12,2275,0.264,ok,,baseline
2026-03-02,xn--5tzm5g,2512,false,czds_zone,2026-03-02T03:31:01.586126+00:00,,ns_sld_exact,11,4,5730,54136,0.401,ok,,baseline
2026-03-02,xn--6frz82g,2517,false,czds_zone,2026-03-02T03:31:01.988317+00:00,,ns_sld_exact,17,27,5746,52133,0.399,ok,,baseline
2026-03-02,xn--80aqecdr1a,1,false,czds_zone,2026-03-02T03:31:02.388577+00:00,,ns_sld_exact,1,12,12,3616,0.67,ok,,baseline
2026-03-02,xn--80asehdb,1984,false,czds_zone,2026-03-02T03:31:03.060339+00:00,,ns_sld_exact,4,10,5084,428652,0.802,ok,,baseline
2026-03-02,xn--80aswg,1643,false,czds_zone,2026-03-02T03:31:03.863490+00:00,,ns_sld_exact,5,2,4221,393511,0.681,ok,,baseline
2026-03-02,xn--8y0a063a,3,false,czds_zone,2026-03-02T03:31:04.545749+00:00,,ns_sld_exact,0,0,18,2241,0.272,ok,,baseline
2026-03-02,xn--9et52u,1,false,czds_zone,2026-03-02T03:31:04.826386+00:00,,ns_sld_exact,0,0,12,1982,0.282,ok,,baseline
2026-03-02,xn--9krt00a,1,false,czds_zone,2026-03-02T03:31:05.248419+00:00,,ns_sld_exact,1,4,8,2208,0.27,ok,,baseline
2026-03-02,xn--b4w605ferd,1,false,czds_zone,2026-03-02T03:31:05.519953+00:00,,ns_sld_exact,1,4,8,2215,0.271,ok,,baseline
2026-03-02,xn--c1avg,774,false,czds_zone,2026-03-02T03:31:05.792103+00:00,,ns_sld_exact,4,11,2022,17522,0.292,ok,,baseline
2026-03-02,xn--cg4bki,1,false,czds_zone,2026-03-02T03:31:06.085926+00:00,,ns_sld_exact,0,0,9,164,0.487,ok,,baseline
2026-03-02,xn--czrs0t,1225,false,czds_zone,2026-03-02T03:31:06.573837+00:00,,ns_sld_exact,2,6,3173,22809,0.291,ok,,baseline
2026-03-02,xn--fiq64b,170,false,czds_zone,2026-03-02T03:31:06.867211+00:00,,ns_sld_exact,0,0,556,37339,0.36,ok,,baseline
2026-03-02,xn--fjq720a,221,false,czds_zone,2026-03-02T03:31:07.228579+00:00,,ns_sld_exact,1,6,632,6828,0.276,ok,,baseline
2026-03-02,xn--flw351e,1,false,czds_zone,2026-03-02T03:31:07.506221+00:00,,ns_sld_exact,0,0,9,1827,0.276,ok,,baseline
2026-03-02,xn--fzys8d69uvgm,1,false,czds_zone,2026-03-02T03:31:07.783071+00:00,,ns_sld_exact,1,4,8,2212,0.269,ok,,baseline
2026-03-02,xn--i1b6b1a6a2e,423,false,czds_zone,2026-03-02T03:31:08.055061+00:00,,ns_sld_exact,4,4,929,10117,0.276,ok,,baseline
2026-03-02,xn--imr513n,147,false,czds_zone,2026-03-02T03:31:08.331725+00:00,,ns_sld_exact,0,0,365,32242,0.345,ok,,baseline
2026-03-02,xn--io0a7i,15363,false,czds_zone,2026-03-02T03:31:08.678081+00:00,,ns_sld_exact,1,0,34670,258911,0.897,ok,,baseline
2026-03-02,xn--kcrx77d1x4a,10,false,czds_zone,2026-03-02T03:31:09.577292+00:00,,ns_sld_exact,1,12,39,3822,0.277,ok,,baseline
2026-03-02,xn--mgba3a3ejt,1,false,czds_zone,2026-03-02T03:31:09.855504+00:00,,ns_sld_exact,1,8,12,3569,0.278,ok,,baseline
2026-03-02,xn--mgba7c0bbn0a,2,false,czds_zone,2026-03-02T03:31:10.135075+00:00,,ns_sld_exact,1,12,14,3875,0.27,ok,,baseline
2026-03-02,xn--mgbab2bd,591,false,czds_zone,2026-03-02T03:31:10.406731+00:00,,ns_sld_exact,8,0,1307,145018,0.495,ok,,baseline
2026-03-02,xn--mgbca7dzdo,55,false,czds_zone,2026-03-02T03:31:10.902514+00:00,,ns_sld_exact,1,4,158,16673,0.269,ok,,baseline
2026-03-02,xn--mgbi4ecexp,1,false,czds_zone,2026-03-02T03:31:11.174869+00:00,,ns_sld_exact,1,12,12,3841,0.259,ok,,baseline
2026-03-02,xn--mgbt3dhd,1,false,czds_zone,2026-03-02T03:31:11.435532+00:00,,ns_sld_exact,1,1,16,4522,0.275,ok,,baseline
2026-03-02,xn--ngbc5azd,413,false,czds_zone,2026-03-02T03:31:11.711202+00:00,,ns_sld_exact,3,10,1240,13773,0.297,ok,,baseline
2026-03-02,xn--ngbe9e0a,26,false,czds_zone,2026-03-02T03:31:12.009208+00:00,,ns_sld_exact,0,4,131,2864,0.268,ok,,baseline
2026-03-02,xn--ngbrx,1,false,czds_zone,2026-03-02T03:31:12.278796+00:00,,ns_sld_exact,1,5,8,4323,0.285,ok,,baseline
2026-03-02,xn--nqv7f,403,false,czds_zone,2026-03-02T03:31:12.569555+00:00,,ns_sld_exact,6,7,1002,13017,0.294,ok,,baseline
2026-03-02,xn--nqv7fs00ema,1,false,czds_zone,2026-03-02T03:31:12.865367+00:00,,ns_sld_exact,1,4,8,2211,0.292,ok,,baseline
2026-03-02,xn--nyqy26a,17,false,czds_zone,2026-03-02T03:31:13.161928+00:00,,ns_sld_exact,1,2,56,4029,0.272,ok,,baseline
2026-03-02,xn--otu796d,65,false,czds_zone,2026-03-02T03:31:13.434893+00:00,,ns_sld_exact,0,0,201,15438,0.294,ok,,baseline
2026-03-02,xn--q9jyb4c,1691,false,czds_zone,2026-03-02T03:31:13.730459+00:00,,ns_sld_exact,37,1,4715,364496,0.817,ok,,baseline
2026-03-02,xn--qcka1pmc,1,false,czds_zone,2026-03-02T03:31:14.548338+00:00,,ns_sld_exact,0,0,9,1832,0.274,ok,,baseline
2026-03-02,xn--rhqv96g,401,false,czds_zone,2026-03-02T03:31:14.823393+00:00,,ns_sld_exact,3,2,1137,13180,0.28,ok,,baseline
2026-03-02,xn--tiq49xqyj,1,false,czds_zone,2026-03-02T03:31:15.104311+00:00,,ns_sld_exact,1,12,12,3847,0.28,ok,,rolling
2026-03-02,xn--unup4y,265,false,czds_zone,2026-03-02T03:31:15.385566+00:00,,ns_sld_exact,1,6,839,7986,0.279,ok,,baseline
2026-03-02,xn--vermgensberater-ctb,2,false,czds_zone,2026-03-02T03:31:15.671858+00:00,,ns_sld_exact,1,4,7,2199,0.284,ok,,baseline
2026-03-02,xn--vermgensberatung-pwb,3,false,czds_zone,2026-03-02T03:31:15.956775+00:00,,ns_sld_exact,1,4,11,2253,0.258,ok,,baseline
2026-03-02,xn--vhquv,2737,false,czds_zone,2026-03-02T03:31:16.215810+00:00,,ns_sld_exact,0,6,6398,42152,0.395,ok,,baseline
2026-03-02,xn--w4r85el8fhu5dnra,1,false,czds_zone,2026-03-02T03:31:16.611998+00:00,,ns_sld_exact,1,6,12,2281,0.27,ok,,baseline
2026-03-02,xn--w4rs40l,1,false,czds_zone,2026-03-02T03:31:16.883373+00:00,,ns_sld_exact,1,6,12,2265,0.27,ok,,baseline
2026-03-02,xn--zfr164b,1,false,czds_zone,2026-03-02T03:31:17.154498+00:00,,ns_sld_exact,1,0,10,3064,0.272,ok,,baseline
2026-03-02,xxx,34846,false,czds_zone,2026-03-02T03:31:17.433491+00:00,,ns_sld_exact,972,87,87752,1067903,1.445,ok,,baseline
2026-03-02,xyz,8124582,false,czds_zone,2026-03-02T03:31:18.880219+00:00,,ns_sld_exact,110420,8259,20335426,148650585,117.135,ok,,core
2026-03-02,yachts,87079,false,czds_zone,2026-03-02T03:31:39.012513+00:00,,ns_sld_exact,1666,17,178077,1622739,1.759,ok,,baseline
2026-03-02,yahoo,5,false,czds_zone,2026-03-02T03:31:40.773334+00:00,,ns_sld_exact,1,12,32,2449,0.106,ok,,baseline
2026-03-02,yandex,112,false,czds_zone,2026-03-02T03:31:40.880475+00:00,,ns_sld_exact,1,0,235,2455,0.112,ok,,baseline
2026-03-02,yoga,34601,false,czds_zone,2026-03-02T03:31:40.993107+00:00,,ns_sld_exact,701,28,77214,884929,0.8,ok,,baseline
2026-03-02,youtube,25,false,czds_zone,2026-03-02T03:31:41.794305+00:00,,ns_sld_exact,1,0,105,7199,0.102,ok,,baseline
2026-03-02,yun,1788,false,czds_zone,2026-03-02T03:31:41.899771+00:00,,ns_sld_exact,1,2,3646,19453,0.132,ok,,baseline
2026-03-02,zara,4,false,czds_zone,2026-03-02T03:31:42.033058+00:00,,ns_sld_exact,1,4,27,2312,0.154,ok,,baseline
2026-03-02,zip,13869,false,czds_zone,2026-03-02T03:31:42.188734+00:00,,ns_sld_exact,3455,90,39791,3621989,1.157,ok,,baseline
2026-03-02,zone,58921,false,czds_zone,2026-03-02T03:31:43.346999+00:00,,ns_sld_exact,2068,1098,200716,2066520,2.168,ok,,baseline
2026-03-02,zuerich,1275,false,czds_zone,2026-03-02T03:31:45.516963+00:00,,ns_sld_exact,133,4,3574,77962,0.159,ok,,baseline
