date_utc,tld,count,is_estimate,source,fetched_at_utc,notes,count_mode,count_ds_sld,count_glue_hosts,count_ns_rr,bytes_downloaded,fetch_seconds,status,error,cadence
2026-02-25,abb,33,false,czds_zone,2026-02-25T01:38:00.312171+00:00,,ns_sld_exact,1,4,92,2852,0.396,ok,,baseline
2026-02-25,abbvie,37,false,czds_zone,2026-02-25T01:38:00.313272+00:00,,ns_sld_exact,1,9,160,5487,0.402,ok,,baseline
2026-02-25,abc,21,false,czds_zone,2026-02-25T01:38:00.314103+00:00,,ns_sld_exact,0,6,64,2274,0.398,ok,,baseline
2026-02-25,able,4,false,czds_zone,2026-02-25T01:38:00.315047+00:00,,ns_sld_exact,1,12,24,3749,0.389,ok,,baseline
2026-02-25,academy,69847,false,czds_zone,2026-02-25T01:38:00.315808+00:00,,ns_sld_exact,4505,803,171474,3025838,3.968,ok,,baseline
2026-02-25,accenture,1,false,czds_zone,2026-02-25T01:38:00.316797+00:00,,ns_sld_exact,1,6,12,2277,0.402,ok,,baseline
2026-02-25,accountant,1302,false,czds_zone,2026-02-25T01:38:00.317846+00:00,,ns_sld_exact,116,12,3517,86230,0.594,ok,,baseline
2026-02-25,accountants,1714,false,czds_zone,2026-02-25T01:38:00.318679+00:00,,ns_sld_exact,113,14,4380,78156,0.53,ok,,baseline
2026-02-25,actor,3142,false,czds_zone,2026-02-25T01:38:00.704900+00:00,,ns_sld_exact,227,22,7961,149798,0.595,ok,,baseline
2026-02-25,ads,2,false,czds_zone,2026-02-25T01:38:00.709427+00:00,,ns_sld_exact,0,0,13,2028,0.268,ok,,baseline
2026-02-25,aeg,6,false,czds_zone,2026-02-25T01:38:00.713012+00:00,,ns_sld_exact,1,6,34,2373,0.275,ok,,rolling
2026-02-25,aero,13148,false,czds_zone,2026-02-25T01:38:00.716970+00:00,,ns_sld_exact,200,641,35331,320246,0.753,ok,,baseline
2026-02-25,aetna,7,false,czds_zone,2026-02-25T01:38:00.719523+00:00,,ns_sld_exact,1,12,48,3803,0.276,ok,,baseline
2026-02-25,afl,148,false,czds_zone,2026-02-25T01:38:00.849310+00:00,,ns_sld_exact,1,12,444,7178,0.249,ok,,baseline
2026-02-25,agakhan,1,false,czds_zone,2026-02-25T01:38:00.912582+00:00,,ns_sld_exact,1,4,8,2201,0.247,ok,,baseline
2026-02-25,agency,122768,false,czds_zone,2026-02-25T01:38:00.977979+00:00,,ns_sld_exact,7442,1599,290531,4954141,3.637,ok,,baseline
2026-02-25,aig,51,false,czds_zone,2026-02-25T01:38:00.988888+00:00,,ns_sld_exact,1,12,135,4351,0.264,ok,,baseline
2026-02-25,airbus,48,false,czds_zone,2026-02-25T01:38:00.996769+00:00,,ns_sld_exact,1,6,106,2768,0.261,ok,,baseline
2026-02-25,airforce,790,false,czds_zone,2026-02-25T01:38:01.099670+00:00,,ns_sld_exact,94,20,2131,55629,0.34,ok,,baseline
2026-02-25,akdn,3,false,czds_zone,2026-02-25T01:38:01.160149+00:00,,ns_sld_exact,1,4,12,2226,0.249,ok,,baseline
2026-02-25,alibaba,10,false,czds_zone,2026-02-25T01:38:01.254801+00:00,,ns_sld_exact,1,4,26,2328,0.252,ok,,baseline
2026-02-25,alipay,1,false,czds_zone,2026-02-25T01:38:01.258959+00:00,,ns_sld_exact,1,4,8,2193,0.25,ok,,baseline
2026-02-25,allfinanz,1769,false,czds_zone,2026-02-25T01:38:01.301547+00:00,,ns_sld_exact,1,4,6061,34375,0.338,ok,,baseline
2026-02-25,allstate,21,false,czds_zone,2026-02-25T01:38:01.412263+00:00,,ns_sld_exact,1,4,48,2453,0.249,ok,,baseline
2026-02-25,ally,24,false,czds_zone,2026-02-25T01:38:01.442083+00:00,,ns_sld_exact,1,12,64,4112,0.247,ok,,baseline
2026-02-25,alsace,2328,false,czds_zone,2026-02-25T01:38:01.471231+00:00,,ns_sld_exact,605,6,5709,213277,0.65,ok,,baseline
2026-02-25,americanexpress,4,false,czds_zone,2026-02-25T01:38:01.507609+00:00,,ns_sld_exact,1,12,18,3671,0.246,ok,,baseline
2026-02-25,amex,9,false,czds_zone,2026-02-25T01:38:01.510384+00:00,,ns_sld_exact,1,12,52,3841,0.25,ok,,baseline
2026-02-25,amsterdam,18236,false,czds_zone,2026-02-25T01:38:01.640439+00:00,,ns_sld_exact,2648,6,42618,3077379,5.081,ok,,baseline
2026-02-25,android,4,false,czds_zone,2026-02-25T01:38:01.661777+00:00,,ns_sld_exact,0,0,21,2487,0.242,ok,,baseline
2026-02-25,anquan,2,false,czds_zone,2026-02-25T01:38:01.689745+00:00,,ns_sld_exact,1,2,8,3638,0.243,ok,,baseline
2026-02-25,anz,41,false,czds_zone,2026-02-25T01:38:01.754075+00:00,,ns_sld_exact,4,12,150,5846,0.251,ok,,baseline
2026-02-25,aol,1,false,czds_zone,2026-02-25T01:38:01.761315+00:00,,ns_sld_exact,0,4,8,1795,0.243,ok,,baseline
2026-02-25,apartments,4303,false,czds_zone,2026-02-25T01:38:01.905150+00:00,,ns_sld_exact,164,16,11117,147161,0.515,ok,,baseline
2026-02-25,app,1086188,false,czds_zone,2026-02-25T01:38:01.933551+00:00,,ns_sld_exact,91710,3130,2698132,240973018,236.746,ok,,core
2026-02-25,apple,69,false,czds_zone,2026-02-25T01:38:02.006694+00:00,,ns_sld_exact,1,9,277,4506,0.266,ok,,baseline
2026-02-25,aquarelle,49,false,czds_zone,2026-02-25T01:38:02.008020+00:00,,ns_sld_exact,1,4,226,7299,0.261,ok,,baseline
2026-02-25,arab,1,false,czds_zone,2026-02-25T01:38:02.121907+00:00,,ns_sld_exact,1,4,8,2539,0.249,ok,,baseline
2026-02-25,aramco,1,false,czds_zone,2026-02-25T01:38:02.269530+00:00,,ns_sld_exact,1,8,12,3560,0.252,ok,,baseline
2026-02-25,archi,3722,false,czds_zone,2026-02-25T01:38:02.274101+00:00,,ns_sld_exact,713,17,9322,349470,0.796,ok,,rolling
2026-02-25,army,5110,false,czds_zone,2026-02-25T01:38:02.372588+00:00,,ns_sld_exact,454,72,12631,269835,0.828,ok,,baseline
2026-02-25,art,284959,false,czds_zone,2026-02-25T01:38:02.421613+00:00,,ns_sld_exact,22181,739,723489,13943237,20.793,ok,,baseline
2026-02-25,arte,14,false,czds_zone,2026-02-25T01:38:02.523497+00:00,,ns_sld_exact,1,6,38,2412,0.251,ok,,baseline
2026-02-25,asia,510798,false,czds_zone,2026-02-25T01:38:02.775478+00:00,,ns_sld_exact,13651,4149,1447327,13471947,22.788,ok,,baseline
2026-02-25,associates,3792,false,czds_zone,2026-02-25T01:38:03.072154+00:00,,ns_sld_exact,302,43,10057,195488,0.761,ok,,baseline
2026-02-25,attorney,4602,false,czds_zone,2026-02-25T01:38:03.204905+00:00,,ns_sld_exact,190,34,11632,159935,0.669,ok,,baseline
2026-02-25,auction,9783,false,czds_zone,2026-02-25T01:38:03.834346+00:00,,ns_sld_exact,341,45,22689,285951,0.814,ok,,baseline
2026-02-25,audio,5109,false,czds_zone,2026-02-25T01:38:03.874940+00:00,,ns_sld_exact,376,31,13848,584229,0.963,ok,,baseline
2026-02-25,auspost,116,false,czds_zone,2026-02-25T01:38:04.285251+00:00,,ns_sld_exact,1,16,328,6231,0.278,ok,,baseline
2026-02-25,auto,510,false,czds_zone,2026-02-25T01:38:04.566410+00:00,,ns_sld_exact,9,7,1510,55382,0.381,ok,,baseline
2026-02-25,autos,238807,false,czds_zone,2026-02-25T01:38:04.616532+00:00,,ns_sld_exact,5458,77,497064,4963361,8.05,ok,,rolling
2026-02-25,axa,71,false,czds_zone,2026-02-25T01:38:04.650224+00:00,,ns_sld_exact,1,12,327,5261,0.264,ok,,baseline
2026-02-25,azure,83,false,czds_zone,2026-02-25T01:38:04.839769+00:00,,ns_sld_exact,1,9,728,8362,0.267,ok,,baseline
2026-02-25,baby,47698,false,czds_zone,2026-02-25T01:38:04.916199+00:00,,ns_sld_exact,2655,263,100783,1733516,2.891,ok,,baseline
2026-02-25,baidu,1,false,czds_zone,2026-02-25T01:38:04.950471+00:00,,ns_sld_exact,0,0,12,2111,0.258,ok,,baseline
2026-02-25,banamex,1,false,czds_zone,2026-02-25T01:38:05.108690+00:00,,ns_sld_exact,1,12,12,3614,0.266,ok,,baseline
2026-02-25,band,19075,false,czds_zone,2026-02-25T01:38:05.211344+00:00,,ns_sld_exact,1531,143,53682,992804,2.179,ok,,baseline
2026-02-25,bar,37728,false,czds_zone,2026-02-25T01:38:05.376524+00:00,,ns_sld_exact,1271,141,91170,977835,2.417,ok,,baseline
2026-02-25,barcelona,4598,false,czds_zone,2026-02-25T01:38:06.724004+00:00,,ns_sld_exact,378,27,13512,1215260,1.577,ok,,baseline
2026-02-25,barclaycard,28,false,czds_zone,2026-02-25T01:38:07.394420+00:00,,ns_sld_exact,6,4,144,5207,0.263,ok,,baseline
2026-02-25,barclays,139,false,czds_zone,2026-02-25T01:38:07.661367+00:00,,ns_sld_exact,27,4,740,17526,0.276,ok,,baseline
2026-02-25,barefoot,1,false,czds_zone,2026-02-25T01:38:07.795462+00:00,,ns_sld_exact,1,4,8,2210,0.272,ok,,baseline
2026-02-25,bargains,1843,false,czds_zone,2026-02-25T01:38:07.810382+00:00,,ns_sld_exact,65,16,5164,63680,0.335,ok,,baseline
2026-02-25,baseball,1,false,czds_zone,2026-02-25T01:38:07.939066+00:00,,ns_sld_exact,1,12,12,3624,0.256,ok,,rolling
2026-02-25,basketball,659,false,czds_zone,2026-02-25T01:38:08.070178+00:00,,ns_sld_exact,10,23,2107,29256,0.294,ok,,baseline
2026-02-25,bauhaus,39,false,czds_zone,2026-02-25T01:38:08.147476+00:00,,ns_sld_exact,1,0,138,11508,0.258,ok,,baseline
2026-02-25,bbc,6,false,czds_zone,2026-02-25T01:38:08.196509+00:00,,ns_sld_exact,1,9,30,4846,0.265,ok,,baseline
2026-02-25,bbt,1,false,czds_zone,2026-02-25T01:38:08.303743+00:00,,ns_sld_exact,0,4,8,1796,0.253,ok,,baseline
2026-02-25,bbva,13,false,czds_zone,2026-02-25T01:38:08.365163+00:00,,ns_sld_exact,1,9,94,5171,0.259,ok,,baseline
2026-02-25,bcg,2,false,czds_zone,2026-02-25T01:38:08.407010+00:00,,ns_sld_exact,1,4,10,2211,0.25,ok,,baseline
2026-02-25,bcn,3,false,czds_zone,2026-02-25T01:38:08.463420+00:00,,ns_sld_exact,1,0,14,2806,0.255,ok,,baseline
2026-02-25,beats,3,false,czds_zone,2026-02-25T01:38:08.559700+00:00,,ns_sld_exact,1,4,16,1442,0.254,ok,,baseline
2026-02-25,beauty,76389,false,czds_zone,2026-02-25T01:38:08.627234+00:00,,ns_sld_exact,2487,72,161858,2242615,4.623,ok,,baseline
2026-02-25,berlin,43319,false,czds_zone,2026-02-25T01:38:08.659659+00:00,,ns_sld_exact,533,57,122136,1009487,2.715,ok,,baseline
2026-02-25,best,33645,false,czds_zone,2026-02-25T01:38:08.719898+00:00,,ns_sld_exact,3133,276,76385,1821156,3.415,ok,,baseline
2026-02-25,bet,117375,false,czds_zone,2026-02-25T01:38:08.815930+00:00,,ns_sld_exact,1789,516,257274,2326532,5.381,ok,,baseline
2026-02-25,bharti,1,false,czds_zone,2026-02-25T01:38:11.377232+00:00,,ns_sld_exact,1,6,12,3720,0.269,ok,,baseline
2026-02-25,bible,1354,false,czds_zone,2026-02-25T01:38:11.649325+00:00,,ns_sld_exact,242,22,4066,144807,0.614,ok,,baseline
2026-02-25,bid,41619,false,czds_zone,2026-02-25T01:38:12.136946+00:00,,ns_sld_exact,355,242,89422,687030,1.817,ok,,rolling
2026-02-25,bike,15867,false,czds_zone,2026-02-25T01:38:12.267278+00:00,,ns_sld_exact,1105,176,40778,730059,1.606,ok,,baseline
2026-02-25,bing,18,false,czds_zone,2026-02-25T01:38:12.669549+00:00,,ns_sld_exact,1,9,84,5198,0.268,ok,,rolling
2026-02-25,bingo,2464,false,czds_zone,2026-02-25T01:38:12.940821+00:00,,ns_sld_exact,100,20,6270,85754,0.513,ok,,baseline
2026-02-25,bio,53957,false,czds_zone,2026-02-25T01:38:13.256180+00:00,,ns_sld_exact,2743,2320,141899,2058667,3.594,ok,,baseline
2026-02-25,black,6381,false,czds_zone,2026-02-25T01:38:13.457071+00:00,,ns_sld_exact,359,62,15932,257434,0.869,ok,,baseline
2026-02-25,blockbuster,1,false,czds_zone,2026-02-25T01:38:13.874658+00:00,,ns_sld_exact,1,0,6,1302,0.265,ok,,baseline
2026-02-25,blog,366016,false,czds_zone,2026-02-25T01:38:13.956546+00:00,,ns_sld_exact,14901,197,933253,12308200,20.545,ok,,baseline
2026-02-25,bloomberg,77,false,czds_zone,2026-02-25T01:38:14.142028+00:00,,ns_sld_exact,1,6,543,4589,0.398,ok,,baseline
2026-02-25,blue,14794,false,czds_zone,2026-02-25T01:38:14.198869+00:00,,ns_sld_exact,1338,286,38510,810265,1.685,ok,,baseline
2026-02-25,bms,3,false,czds_zone,2026-02-25T01:38:14.327757+00:00,,ns_sld_exact,0,4,16,1858,0.254,ok,,baseline
2026-02-25,bmw,131,false,czds_zone,2026-02-25T01:38:14.542032+00:00,,ns_sld_exact,1,4,535,5602,0.28,ok,,baseline
2026-02-25,boats,57670,false,czds_zone,2026-02-25T01:38:14.584060+00:00,,ns_sld_exact,1641,31,118701,1366872,2.892,ok,,baseline
2026-02-25,boehringer,1,false,czds_zone,2026-02-25T01:38:14.824627+00:00,,ns_sld_exact,1,4,8,2204,0.262,ok,,baseline
2026-02-25,bofa,1,false,czds_zone,2026-02-25T01:38:15.089357+00:00,,ns_sld_exact,1,6,12,2251,0.284,ok,,baseline
2026-02-25,bom,1,false,czds_zone,2026-02-25T01:38:15.378277+00:00,,ns_sld_exact,1,0,8,1164,0.285,ok,,baseline
2026-02-25,bond,1131901,false,czds_zone,2026-02-25T01:38:15.667039+00:00,,ns_sld_exact,5553,37,2331482,13483755,26.604,ok,,baseline
2026-02-25,boo,3242,false,czds_zone,2026-02-25T01:38:15.886969+00:00,,ns_sld_exact,487,9,8429,779306,1.457,ok,,baseline
2026-02-25,bosch,1,false,czds_zone,2026-02-25T01:38:16.852047+00:00,,ns_sld_exact,0,4,8,1795,0.26,ok,,baseline
2026-02-25,bostik,38,false,czds_zone,2026-02-25T01:38:17.115244+00:00,,ns_sld_exact,2,0,80,2078,0.27,ok,,baseline
2026-02-25,boutique,12548,false,czds_zone,2026-02-25T01:38:17.349037+00:00,,ns_sld_exact,1227,102,31314,720615,1.465,ok,,baseline
2026-02-25,box,2856,false,czds_zone,2026-02-25T01:38:17.389913+00:00,,ns_sld_exact,2,8,6277,28699,0.347,ok,,baseline
2026-02-25,bradesco,219,false,czds_zone,2026-02-25T01:38:17.477668+00:00,,ns_sld_exact,1,4,750,6160,0.27,ok,,baseline
2026-02-25,bridgestone,68,false,czds_zone,2026-02-25T01:38:17.739309+00:00,,ns_sld_exact,1,0,254,18736,0.285,ok,,baseline
2026-02-25,broadway,342,false,czds_zone,2026-02-25T01:38:17.749390+00:00,,ns_sld_exact,1,9,1108,10715,0.28,ok,,baseline
2026-02-25,broker,2955,false,czds_zone,2026-02-25T01:38:18.026956+00:00,,ns_sld_exact,190,84,7473,128433,0.6,ok,,baseline
2026-02-25,brother,9,false,czds_zone,2026-02-25T01:38:18.031780+00:00,,ns_sld_exact,0,0,34,4157,0.282,ok,,baseline
2026-02-25,brussels,7965,false,czds_zone,2026-02-25T01:38:18.317033+00:00,,ns_sld_exact,2084,22,19427,716335,1.481,ok,,baseline
2026-02-25,build,8733,false,czds_zone,2026-02-25T01:38:18.630003+00:00,,ns_sld_exact,278,20,20859,279704,1.07,ok,,baseline
2026-02-25,builders,6217,false,czds_zone,2026-02-25T01:38:18.817211+00:00,,ns_sld_exact,438,42,15957,287492,1.069,ok,,baseline
2026-02-25,business,33810,false,czds_zone,2026-02-25T01:38:19.702469+00:00,,ns_sld_exact,2663,737,87921,1705835,3.772,ok,,baseline
2026-02-25,buzz,163232,false,czds_zone,2026-02-25T01:38:19.800229+00:00,,ns_sld_exact,5706,312,354134,5037054,9.185,ok,,baseline
2026-02-25,cab,3864,false,czds_zone,2026-02-25T01:38:19.888411+00:00,,ns_sld_exact,219,60,9302,157926,0.687,ok,,baseline
2026-02-25,cafe,23097,false,czds_zone,2026-02-25T01:38:20.576288+00:00,,ns_sld_exact,1520,269,57813,1018082,2.383,ok,,baseline
2026-02-25,cal,1,false,czds_zone,2026-02-25T01:38:22.964631+00:00,,ns_sld_exact,0,0,9,1814,0.324,ok,,baseline
2026-02-25,cam,41687,false,czds_zone,2026-02-25T01:38:23.217212+00:00,,ns_sld_exact,4804,278,90315,2552095,4.623,ok,,baseline
2026-02-25,camera,3180,false,czds_zone,2026-02-25T01:38:23.295938+00:00,,ns_sld_exact,179,49,8920,135819,0.797,ok,,baseline
2026-02-25,camp,8261,false,czds_zone,2026-02-25T01:38:23.479473+00:00,,ns_sld_exact,645,78,22363,415522,1.032,ok,,baseline
2026-02-25,capital,32526,false,czds_zone,2026-02-25T01:38:24.094669+00:00,,ns_sld_exact,2301,239,80506,1461745,2.854,ok,,baseline
2026-02-25,capitalone,1,false,czds_zone,2026-02-25T01:38:24.512645+00:00,,ns_sld_exact,1,7,12,3753,0.287,ok,,baseline
2026-02-25,car,293,false,czds_zone,2026-02-25T01:38:24.802834+00:00,,ns_sld_exact,8,8,907,33016,0.348,ok,,baseline
2026-02-25,cards,12065,false,czds_zone,2026-02-25T01:38:25.153874+00:00,,ns_sld_exact,728,82,32276,511852,1.391,ok,,baseline
2026-02-25,care,44664,false,czds_zone,2026-02-25T01:38:25.565471+00:00,,ns_sld_exact,3487,444,112070,2169989,4.204,ok,,baseline
2026-02-25,career,1337,false,czds_zone,2026-02-25T01:38:26.546958+00:00,,ns_sld_exact,52,9,4303,68662,0.568,ok,,baseline
2026-02-25,careers,9365,false,czds_zone,2026-02-25T01:38:26.951354+00:00,,ns_sld_exact,593,89,25718,426916,1.079,ok,,rolling
2026-02-25,cars,283,false,czds_zone,2026-02-25T01:38:27.117203+00:00,,ns_sld_exact,6,4,839,31134,0.303,ok,,baseline
2026-02-25,case,44,false,czds_zone,2026-02-25T01:38:27.423868+00:00,,ns_sld_exact,1,4,164,2192,0.272,ok,,baseline
2026-02-25,cash,18683,false,czds_zone,2026-02-25T01:38:27.697868+00:00,,ns_sld_exact,1066,189,43902,727933,1.486,ok,,baseline
2026-02-25,casino,60196,false,czds_zone,2026-02-25T01:38:27.840995+00:00,,ns_sld_exact,5896,875,131170,3129757,5.907,ok,,baseline
2026-02-25,cat,114757,false,czds_zone,2026-02-25T01:38:28.032078+00:00,,ns_sld_exact,12017,1103,336541,30466615,31.227,ok,,baseline
2026-02-25,catering,3008,false,czds_zone,2026-02-25T01:38:28.986959+00:00,,ns_sld_exact,196,23,8126,140908,0.571,ok,,baseline
2026-02-25,cba,83,false,czds_zone,2026-02-25T01:38:29.185508+00:00,,ns_sld_exact,1,12,309,6189,0.267,ok,,baseline
2026-02-25,cbn,5,false,czds_zone,2026-02-25T01:38:29.454620+00:00,,ns_sld_exact,1,12,36,3748,0.267,ok,,baseline
2026-02-25,cbre,1,false,czds_zone,2026-02-25T01:38:29.560551+00:00,,ns_sld_exact,1,12,12,3609,0.262,ok,,baseline
2026-02-25,center,43289,false,czds_zone,2026-02-25T01:38:29.722913+00:00,,ns_sld_exact,1611,704,104641,1413380,2.866,ok,,baseline
2026-02-25,cern,95,false,czds_zone,2026-02-25T01:38:29.771242+00:00,,ns_sld_exact,1,4,196,3206,0.306,ok,,baseline
2026-02-25,cfa,7,false,czds_zone,2026-02-25T01:38:29.824758+00:00,,ns_sld_exact,1,6,24,2339,0.262,ok,,baseline
2026-02-25,cfd,477870,false,czds_zone,2026-02-25T01:38:30.079518+00:00,,ns_sld_exact,20235,568,1185253,16342159,24.824,ok,,baseline
2026-02-25,chanel,5,false,czds_zone,2026-02-25T01:38:30.088977+00:00,,ns_sld_exact,0,4,16,1861,0.264,ok,,baseline
2026-02-25,channel,3336,false,czds_zone,2026-02-25T01:38:30.355616+00:00,,ns_sld_exact,147,4,8409,727804,1.294,ok,,baseline
2026-02-25,charity,4724,false,czds_zone,2026-02-25T01:38:31.651095+00:00,,ns_sld_exact,319,24,12762,218892,0.766,ok,,rolling
2026-02-25,chat,50767,false,czds_zone,2026-02-25T01:38:32.421854+00:00,,ns_sld_exact,2641,481,118625,1890808,3.209,ok,,baseline
2026-02-25,cheap,7114,false,czds_zone,2026-02-25T01:38:32.591527+00:00,,ns_sld_exact,159,47,15693,178628,0.614,ok,,rolling
2026-02-25,chintai,7,false,czds_zone,2026-02-25T01:38:33.207595+00:00,,ns_sld_exact,1,12,30,3838,0.195,ok,,baseline
2026-02-25,christmas,10095,false,czds_zone,2026-02-25T01:38:33.407167+00:00,,ns_sld_exact,2368,18,21354,1372064,2.533,ok,,baseline
2026-02-25,chrome,2,false,czds_zone,2026-02-25T01:38:33.749936+00:00,,ns_sld_exact,0,0,13,2038,0.175,ok,,baseline
2026-02-25,church,33453,false,czds_zone,2026-02-25T01:38:33.927217+00:00,,ns_sld_exact,1748,360,85256,1282455,2.286,ok,,baseline
2026-02-25,cipriani,1,false,czds_zone,2026-02-25T01:38:34.502793+00:00,,ns_sld_exact,1,4,8,2204,0.184,ok,,baseline
2026-02-25,citadel,1,false,czds_zone,2026-02-25T01:38:34.688551+00:00,,ns_sld_exact,1,4,8,2207,0.175,ok,,baseline
2026-02-25,citi,4,false,czds_zone,2026-02-25T01:38:34.866292+00:00,,ns_sld_exact,1,12,30,3717,0.188,ok,,baseline
2026-02-25,citic,157,false,czds_zone,2026-02-25T01:38:35.059785+00:00,,ns_sld_exact,0,7,514,34821,0.25,ok,,rolling
2026-02-25,city,30546,false,czds_zone,2026-02-25T01:38:35.314155+00:00,,ns_sld_exact,1776,563,74634,1244004,2.247,ok,,baseline
2026-02-25,claims,5685,false,czds_zone,2026-02-25T01:38:35.633819+00:00,,ns_sld_exact,261,19,13659,196645,0.614,ok,,baseline
2026-02-25,cleaning,2533,false,czds_zone,2026-02-25T01:38:35.942336+00:00,,ns_sld_exact,222,38,6866,140543,0.513,ok,,baseline
2026-02-25,click,680370,false,czds_zone,2026-02-25T01:38:36.215935+00:00,,ns_sld_exact,16872,5325,1497982,14922607,26.88,ok,,baseline
2026-02-25,clinic,17321,false,czds_zone,2026-02-25T01:38:36.249232+00:00,,ns_sld_exact,763,174,44722,620359,1.276,ok,,baseline
2026-02-25,clinique,1,false,czds_zone,2026-02-25T01:38:36.459268+00:00,,ns_sld_exact,1,4,8,2209,0.563,ok,,baseline
2026-02-25,clothing,9754,false,czds_zone,2026-02-25T01:38:37.025040+00:00,,ns_sld_exact,635,49,26814,441554,0.96,ok,,baseline
2026-02-25,cloud,459062,false,czds_zone,2026-02-25T01:38:37.528648+00:00,,ns_sld_exact,34265,4835,1192202,18300084,30.026,ok,,baseline
2026-02-25,clubmed,32,false,czds_zone,2026-02-25T01:38:37.564270+00:00,,ns_sld_exact,1,6,84,2785,0.176,ok,,baseline
2026-02-25,coach,25192,false,czds_zone,2026-02-25T01:38:37.742365+00:00,,ns_sld_exact,1541,98,64547,1072337,2.055,ok,,baseline
2026-02-25,codes,16853,false,czds_zone,2026-02-25T01:38:37.986517+00:00,,ns_sld_exact,1543,283,44389,927637,1.878,ok,,baseline
2026-02-25,coffee,26938,false,czds_zone,2026-02-25T01:38:39.799864+00:00,,ns_sld_exact,1971,242,69330,1261016,2.497,ok,,baseline
2026-02-25,college,7111,false,czds_zone,2026-02-25T01:38:39.867209+00:00,,ns_sld_exact,207,15,16679,205949,0.646,ok,,rolling
2026-02-25,cologne,3958,false,czds_zone,2026-02-25T01:38:40.515732+00:00,,ns_sld_exact,96,11,12368,117761,0.454,ok,,baseline
2026-02-25,commbank,8,false,czds_zone,2026-02-25T01:38:40.971732+00:00,,ns_sld_exact,1,12,40,3945,0.191,ok,,baseline
2026-02-25,community,24089,false,czds_zone,2026-02-25T01:38:41.164972+00:00,,ns_sld_exact,2978,154,69986,1681960,2.704,ok,,baseline
2026-02-25,company,77734,false,czds_zone,2026-02-25T01:38:42.272316+00:00,,ns_sld_exact,6876,1031,206622,4187008,5.995,ok,,baseline
2026-02-25,computer,8786,false,czds_zone,2026-02-25T01:38:42.299086+00:00,,ns_sld_exact,866,173,23412,510238,1.073,ok,,baseline
2026-02-25,condos,1440,false,czds_zone,2026-02-25T01:38:43.374321+00:00,,ns_sld_exact,56,8,3500,49340,0.287,ok,,baseline
2026-02-25,construction,9379,false,czds_zone,2026-02-25T01:38:43.663205+00:00,,ns_sld_exact,964,49,24906,557970,1.101,ok,,baseline
2026-02-25,consulting,39086,false,czds_zone,2026-02-25T01:38:43.871143+00:00,,ns_sld_exact,4210,330,107565,2441841,3.617,ok,,baseline
2026-02-25,contact,11345,false,czds_zone,2026-02-25T01:38:44.765986+00:00,,ns_sld_exact,2086,114,30623,1044487,1.576,ok,,baseline
2026-02-25,contractors,3410,false,czds_zone,2026-02-25T01:38:46.344264+00:00,,ns_sld_exact,219,47,8981,154446,0.44,ok,,baseline
2026-02-25,cool,21842,false,czds_zone,2026-02-25T01:38:46.786860+00:00,,ns_sld_exact,1424,251,53096,941978,1.594,ok,,rolling
2026-02-25,coop,8253,false,czds_zone,2026-02-25T01:38:47.490294+00:00,,ns_sld_exact,219,187,21105,217712,0.685,ok,,baseline
2026-02-25,corsica,2305,false,czds_zone,2026-02-25T01:38:48.179059+00:00,,ns_sld_exact,724,23,5409,243623,0.522,ok,,baseline
2026-02-25,country,3077,false,czds_zone,2026-02-25T01:38:48.268927+00:00,,ns_sld_exact,25,5,6909,41471,0.244,ok,,rolling
2026-02-25,coupons,7036,false,czds_zone,2026-02-25T01:38:48.383761+00:00,,ns_sld_exact,2312,39,15548,1036405,1.329,ok,,baseline
2026-02-25,credit,5660,false,czds_zone,2026-02-25T01:38:48.514362+00:00,,ns_sld_exact,257,40,14189,203067,0.533,ok,,baseline
2026-02-25,creditcard,1482,false,czds_zone,2026-02-25T01:38:48.701554+00:00,,ns_sld_exact,52,12,3967,49123,0.258,ok,,baseline
2026-02-25,creditunion,414,false,czds_zone,2026-02-25T01:38:48.961220+00:00,,ns_sld_exact,20,1,1217,13525,0.199,ok,,baseline
2026-02-25,cricket,967,false,czds_zone,2026-02-25T01:38:49.049687+00:00,,ns_sld_exact,64,26,2445,52121,0.253,ok,,baseline
2026-02-25,crs,562,false,czds_zone,2026-02-25T01:38:49.162152+00:00,,ns_sld_exact,538,4,1130,211528,0.447,ok,,baseline
2026-02-25,cruise,1,false,czds_zone,2026-02-25T01:38:49.305240+00:00,,ns_sld_exact,1,4,8,2201,0.172,ok,,baseline
2026-02-25,cruises,2201,false,czds_zone,2026-02-25T01:38:49.478443+00:00,,ns_sld_exact,79,14,5940,74225,0.277,ok,,baseline
2026-02-25,cuisinella,14,false,czds_zone,2026-02-25T01:38:49.611731+00:00,,ns_sld_exact,1,12,38,3800,0.18,ok,,rolling
2026-02-25,cymru,8374,false,czds_zone,2026-02-25T01:38:49.714655+00:00,,ns_sld_exact,154,31,21628,267183,0.726,ok,,baseline
2026-02-25,cyou,423390,false,czds_zone,2026-02-25T01:38:49.756884+00:00,,ns_sld_exact,7306,664,887567,7337349,12.916,ok,,baseline
2026-02-25,dad,3380,false,czds_zone,2026-02-25T01:38:49.793329+00:00,,ns_sld_exact,514,15,8891,816753,1.055,ok,,baseline
2026-02-25,dance,8308,false,czds_zone,2026-02-25T01:38:50.443168+00:00,,ns_sld_exact,680,34,22067,429337,0.866,ok,,baseline
2026-02-25,data,1,false,czds_zone,2026-02-25T01:38:50.850706+00:00,,ns_sld_exact,1,0,6,1284,0.191,ok,,baseline
2026-02-25,date,9060,false,czds_zone,2026-02-25T01:38:51.046146+00:00,,ns_sld_exact,377,46,21591,330691,0.744,ok,,baseline
2026-02-25,dating,3921,false,czds_zone,2026-02-25T01:38:51.311465+00:00,,ns_sld_exact,284,90,10092,188453,0.542,ok,,baseline
2026-02-25,day,11918,false,czds_zone,2026-02-25T01:38:51.792268+00:00,,ns_sld_exact,1904,25,31511,2875185,3.321,ok,,baseline
2026-02-25,dclk,1,false,czds_zone,2026-02-25T01:38:51.856145+00:00,,ns_sld_exact,0,0,9,1819,0.178,ok,,baseline
2026-02-25,dealer,172,false,czds_zone,2026-02-25T01:38:52.039319+00:00,,ns_sld_exact,4,4,509,6854,0.177,ok,,baseline
2026-02-25,deals,8950,false,czds_zone,2026-02-25T01:38:52.219132+00:00,,ns_sld_exact,449,115,23013,343380,0.822,ok,,baseline
2026-02-25,degree,1021,false,czds_zone,2026-02-25T01:38:53.043155+00:00,,ns_sld_exact,54,15,2679,42661,0.269,ok,,baseline
2026-02-25,delivery,8888,false,czds_zone,2026-02-25T01:38:53.313680+00:00,,ns_sld_exact,621,140,21991,409853,0.936,ok,,baseline
2026-02-25,deloitte,86,false,czds_zone,2026-02-25T01:38:54.252737+00:00,,ns_sld_exact,55,4,482,21036,0.227,ok,,baseline
2026-02-25,delta,1,false,czds_zone,2026-02-25T01:38:54.481966+00:00,,ns_sld_exact,1,4,8,2195,0.182,ok,,baseline
2026-02-25,democrat,983,false,czds_zone,2026-02-25T01:38:54.665051+00:00,,ns_sld_exact,78,9,2855,53545,0.34,ok,,rolling
2026-02-25,dental,8693,false,czds_zone,2026-02-25T01:38:54.906638+00:00,,ns_sld_exact,491,43,23099,359265,0.886,ok,,baseline
2026-02-25,dentist,2624,false,czds_zone,2026-02-25T01:38:55.007303+00:00,,ns_sld_exact,114,17,6507,94378,0.36,ok,,baseline
2026-02-25,desi,1851,false,czds_zone,2026-02-25T01:38:55.117038+00:00,,ns_sld_exact,19,7,6152,49215,0.305,ok,,baseline
2026-02-25,dev,597543,false,czds_zone,2026-02-25T01:38:55.370069+00:00,,ns_sld_exact,100242,2696,1587022,143908535,128.15,ok,,core
2026-02-25,dhl,93,false,czds_zone,2026-02-25T01:38:55.425157+00:00,,ns_sld_exact,66,4,215,23062,0.196,ok,,baseline
2026-02-25,diamonds,2037,false,czds_zone,2026-02-25T01:38:55.624182+00:00,,ns_sld_exact,109,21,5383,84144,0.368,ok,,baseline
2026-02-25,diet,986,false,czds_zone,2026-02-25T01:38:55.794505+00:00,,ns_sld_exact,30,8,2525,106984,0.468,ok,,baseline
2026-02-25,digital,271307,false,czds_zone,2026-02-25T01:38:55.994175+00:00,,ns_sld_exact,10104,2967,610475,8457063,11.917,ok,,baseline
2026-02-25,direct,12845,false,czds_zone,2026-02-25T01:38:56.264483+00:00,,ns_sld_exact,696,143,32550,506342,1.006,ok,,baseline
2026-02-25,directory,16191,false,czds_zone,2026-02-25T01:38:57.272684+00:00,,ns_sld_exact,702,209,38839,560223,1.151,ok,,baseline
2026-02-25,discount,3055,false,czds_zone,2026-02-25T01:38:58.426366+00:00,,ns_sld_exact,138,33,8530,115503,0.382,ok,,baseline
2026-02-25,discover,101,false,czds_zone,2026-02-25T01:38:58.810418+00:00,,ns_sld_exact,1,6,216,3286,0.19,ok,,baseline
2026-02-25,dish,2,false,czds_zone,2026-02-25T01:38:59.003230+00:00,,ns_sld_exact,1,0,8,1315,1.198,ok,,baseline
2026-02-25,diy,8576,false,czds_zone,2026-02-25T01:38:59.262146+00:00,,ns_sld_exact,183,12,18523,172360,0.58,ok,,baseline
2026-02-25,docs,2,false,czds_zone,2026-02-25T01:38:59.843282+00:00,,ns_sld_exact,0,0,13,2039,0.298,ok,,baseline
2026-02-25,doctor,7621,false,czds_zone,2026-02-25T01:39:00.143628+00:00,,ns_sld_exact,350,32,17783,261747,1.036,ok,,baseline
2026-02-25,dog,16743,false,czds_zone,2026-02-25T01:39:00.202113+00:00,,ns_sld_exact,1291,116,43340,816025,1.856,ok,,baseline
2026-02-25,domains,7383,false,czds_zone,2026-02-25T01:39:01.181597+00:00,,ns_sld_exact,547,638,20016,370061,0.998,ok,,baseline
2026-02-25,dot,1,false,czds_zone,2026-02-25T01:39:02.062760+00:00,,ns_sld_exact,1,0,6,1282,0.274,ok,,baseline
2026-02-25,download,9382,false,czds_zone,2026-02-25T01:39:02.181839+00:00,,ns_sld_exact,495,69,22841,414911,1.201,ok,,baseline
2026-02-25,drive,1,false,czds_zone,2026-02-25T01:39:02.339410+00:00,,ns_sld_exact,0,0,9,1817,0.262,ok,,baseline
2026-02-25,dtv,1,false,czds_zone,2026-02-25T01:39:02.603101+00:00,,ns_sld_exact,1,0,6,1286,0.261,ok,,baseline
2026-02-25,dvag,9050,false,czds_zone,2026-02-25T01:39:02.675334+00:00,,ns_sld_exact,1,4,33998,163524,0.751,ok,,baseline
2026-02-25,dvr,1,false,czds_zone,2026-02-25T01:39:02.865494+00:00,,ns_sld_exact,1,0,6,1286,0.317,ok,,rolling
2026-02-25,earth,40030,false,czds_zone,2026-02-25T01:39:03.097659+00:00,,ns_sld_exact,2695,83,99761,1927019,2.731,ok,,baseline
2026-02-25,eat,3,false,czds_zone,2026-02-25T01:39:03.184733+00:00,,ns_sld_exact,0,0,17,2244,0.259,ok,,baseline
2026-02-25,eco,6803,false,czds_zone,2026-02-25T01:39:03.387063+00:00,,ns_sld_exact,931,8,18616,525961,1.01,ok,,baseline
2026-02-25,education,29851,false,czds_zone,2026-02-25T01:39:03.429160+00:00,,ns_sld_exact,2636,428,81105,1646352,2.46,ok,,baseline
2026-02-25,email,120893,false,czds_zone,2026-02-25T01:39:03.445221+00:00,,ns_sld_exact,9691,2391,304411,6071431,6.686,ok,,baseline
2026-02-25,emerck,10,false,czds_zone,2026-02-25T01:39:04.400275+00:00,,ns_sld_exact,1,4,53,2457,0.27,ok,,baseline
2026-02-25,energy,25754,false,czds_zone,2026-02-25T01:39:04.674564+00:00,,ns_sld_exact,1859,191,64596,1196931,1.873,ok,,baseline
2026-02-25,engineer,7253,false,czds_zone,2026-02-25T01:39:05.831300+00:00,,ns_sld_exact,723,104,20920,436068,0.912,ok,,baseline
2026-02-25,engineering,10620,false,czds_zone,2026-02-25T01:39:05.890926+00:00,,ns_sld_exact,1019,114,29306,626031,1.522,ok,,baseline
2026-02-25,enterprises,9000,false,czds_zone,2026-02-25T01:39:06.550754+00:00,,ns_sld_exact,770,121,23444,477128,1.026,ok,,baseline
2026-02-25,epson,2,false,czds_zone,2026-02-25T01:39:06.744324+00:00,,ns_sld_exact,0,0,12,2526,0.268,ok,,baseline
2026-02-25,equipment,5103,false,czds_zone,2026-02-25T01:39:07.013149+00:00,,ns_sld_exact,283,34,13022,208252,0.772,ok,,baseline
2026-02-25,ericsson,5,false,czds_zone,2026-02-25T01:39:07.413392+00:00,,ns_sld_exact,1,4,20,2279,0.298,ok,,baseline
2026-02-25,esq,2222,false,czds_zone,2026-02-25T01:39:07.556128+00:00,,ns_sld_exact,626,0,6202,593609,1.303,ok,,baseline
2026-02-25,estate,11223,false,czds_zone,2026-02-25T01:39:07.579496+00:00,,ns_sld_exact,647,151,28018,461673,0.717,ok,,baseline
2026-02-25,eurovision,4,false,czds_zone,2026-02-25T01:39:07.713192+00:00,,ns_sld_exact,1,0,15,2982,0.255,ok,,baseline
2026-02-25,eus,15488,false,czds_zone,2026-02-25T01:39:07.787579+00:00,,ns_sld_exact,1395,266,46019,4098647,5.092,ok,,baseline
2026-02-25,events,33540,false,czds_zone,2026-02-25T01:39:07.914005+00:00,,ns_sld_exact,2451,301,88854,1622634,2.043,ok,,baseline
2026-02-25,exchange,17764,false,czds_zone,2026-02-25T01:39:07.970437+00:00,,ns_sld_exact,894,195,42636,651996,0.936,ok,,baseline
2026-02-25,expert,27174,false,czds_zone,2026-02-25T01:39:08.297654+00:00,,ns_sld_exact,1553,297,68692,1110714,1.603,ok,,baseline
2026-02-25,exposed,2996,false,czds_zone,2026-02-25T01:39:08.860650+00:00,,ns_sld_exact,258,29,8444,164996,0.62,ok,,baseline
2026-02-25,express,8620,false,czds_zone,2026-02-25T01:39:08.908965+00:00,,ns_sld_exact,575,171,21891,386139,0.858,ok,,baseline
2026-02-25,fage,62,false,czds_zone,2026-02-25T01:39:09.482642+00:00,,ns_sld_exact,1,4,130,2760,0.28,ok,,baseline
2026-02-25,fail,4185,false,czds_zone,2026-02-25T01:39:09.765223+00:00,,ns_sld_exact,389,82,11749,242635,0.503,ok,,baseline
2026-02-25,fairwinds,14,false,czds_zone,2026-02-25T01:39:09.769063+00:00,,ns_sld_exact,1,9,62,5072,0.259,ok,,baseline
2026-02-25,faith,5187,false,czds_zone,2026-02-25T01:39:09.902561+00:00,,ns_sld_exact,299,26,13164,242414,0.762,ok,,baseline
2026-02-25,family,34602,false,czds_zone,2026-02-25T01:39:09.958681+00:00,,ns_sld_exact,5589,490,96914,2879676,2.084,ok,,baseline
2026-02-25,fan,7940,false,czds_zone,2026-02-25T01:39:10.029632+00:00,,ns_sld_exact,544,38,20087,358094,0.995,ok,,baseline
2026-02-25,fans,8459,false,czds_zone,2026-02-25T01:39:10.132962+00:00,,ns_sld_exact,1038,100,22359,577742,0.882,ok,,rolling
2026-02-25,farm,25988,false,czds_zone,2026-02-25T01:39:10.269548+00:00,,ns_sld_exact,2091,283,65600,1291978,1.409,ok,,baseline
2026-02-25,fedex,1,false,czds_zone,2026-02-25T01:39:10.666677+00:00,,ns_sld_exact,1,4,8,2197,0.26,ok,,baseline
2026-02-25,feedback,14666,false,czds_zone,2026-02-25T01:39:10.928665+00:00,,ns_sld_exact,26,2,29726,117044,0.573,ok,,baseline
2026-02-25,ferrari,1,false,czds_zone,2026-02-25T01:39:11.017120+00:00,,ns_sld_exact,1,4,8,2204,0.262,ok,,baseline
2026-02-25,ferrero,6,false,czds_zone,2026-02-25T01:39:11.026430+00:00,,ns_sld_exact,1,12,22,3699,0.257,ok,,baseline
2026-02-25,fidelity,1,false,czds_zone,2026-02-25T01:39:11.280365+00:00,,ns_sld_exact,0,4,8,1811,0.262,ok,,baseline
2026-02-25,fido,1,false,czds_zone,2026-02-25T01:39:11.284845+00:00,,ns_sld_exact,1,4,8,2206,0.262,ok,,rolling
2026-02-25,film,6708,false,czds_zone,2026-02-25T01:39:11.503071+00:00,,ns_sld_exact,196,23,17041,219078,0.761,ok,,baseline
2026-02-25,final,1,false,czds_zone,2026-02-25T01:39:11.543774+00:00,,ns_sld_exact,1,0,8,1159,0.255,ok,,baseline
2026-02-25,finance,33089,false,czds_zone,2026-02-25T01:39:11.548749+00:00,,ns_sld_exact,2255,205,80590,1460933,1.554,ok,,baseline
2026-02-25,financial,7816,false,czds_zone,2026-02-25T01:39:11.680145+00:00,,ns_sld_exact,470,58,20152,330744,0.672,ok,,baseline
2026-02-25,firestone,2,false,czds_zone,2026-02-25T01:39:11.800641+00:00,,ns_sld_exact,0,0,8,2500,0.248,ok,,rolling
2026-02-25,fish,5523,false,czds_zone,2026-02-25T01:39:12.044255+00:00,,ns_sld_exact,561,97,14950,332131,0.736,ok,,baseline
2026-02-25,fitness,12634,false,czds_zone,2026-02-25T01:39:12.049450+00:00,,ns_sld_exact,858,91,32640,572213,0.954,ok,,baseline
2026-02-25,flickr,10,false,czds_zone,2026-02-25T01:39:12.265926+00:00,,ns_sld_exact,1,12,44,3969,0.251,ok,,baseline
2026-02-25,flights,2189,false,czds_zone,2026-02-25T01:39:12.354203+00:00,,ns_sld_exact,167,23,5813,111071,0.403,ok,,baseline
2026-02-25,florist,1690,false,czds_zone,2026-02-25T01:39:12.519701+00:00,,ns_sld_exact,70,11,4373,61957,0.311,ok,,baseline
2026-02-25,flowers,982,false,czds_zone,2026-02-25T01:39:12.758843+00:00,,ns_sld_exact,49,9,2447,108158,0.413,ok,,baseline
2026-02-25,fly,4,false,czds_zone,2026-02-25T01:39:12.781783+00:00,,ns_sld_exact,0,0,21,2497,0.259,ok,,baseline
2026-02-25,foo,3903,false,czds_zone,2026-02-25T01:39:12.832776+00:00,,ns_sld_exact,646,22,10436,957167,0.961,ok,,baseline
2026-02-25,food,26088,false,czds_zone,2026-02-25T01:39:12.881273+00:00,,ns_sld_exact,373,26,59972,477942,0.758,ok,,rolling
2026-02-25,football,5902,false,czds_zone,2026-02-25T01:39:13.004466+00:00,,ns_sld_exact,354,50,15212,253443,0.858,ok,,baseline
2026-02-25,forex,1266,false,czds_zone,2026-02-25T01:39:13.042421+00:00,,ns_sld_exact,52,21,2959,42320,0.277,ok,,baseline
2026-02-25,forsale,4676,false,czds_zone,2026-02-25T01:39:13.103803+00:00,,ns_sld_exact,155,40,11675,142361,0.633,ok,,baseline
2026-02-25,forum,61648,false,czds_zone,2026-02-25T01:39:13.172903+00:00,,ns_sld_exact,8599,37,130453,3290429,3.383,ok,,baseline
2026-02-25,foundation,31204,false,czds_zone,2026-02-25T01:39:13.321610+00:00,,ns_sld_exact,1990,166,77558,1350660,1.419,ok,,baseline
2026-02-25,fresenius,44,false,czds_zone,2026-02-25T01:39:13.641501+00:00,,ns_sld_exact,1,4,217,3201,0.251,ok,,baseline
2026-02-25,frl,10070,false,czds_zone,2026-02-25T01:39:13.739122+00:00,,ns_sld_exact,3584,35,24533,1109903,1.411,ok,,baseline
2026-02-25,frogans,5,false,czds_zone,2026-02-25T01:39:13.795873+00:00,,ns_sld_exact,1,8,24,2438,0.264,ok,,baseline
2026-02-25,fujitsu,5,false,czds_zone,2026-02-25T01:39:13.864494+00:00,,ns_sld_exact,0,0,28,3252,0.25,ok,,baseline
2026-02-25,fun,387938,false,czds_zone,2026-02-25T01:39:13.894025+00:00,,ns_sld_exact,13182,807,870459,11152567,13.305,ok,,baseline
2026-02-25,fund,21355,false,czds_zone,2026-02-25T01:39:14.060707+00:00,,ns_sld_exact,1111,98,51637,794721,1.241,ok,,baseline
2026-02-25,furniture,2376,false,czds_zone,2026-02-25T01:39:14.116043+00:00,,ns_sld_exact,180,24,6342,119497,0.517,ok,,baseline
2026-02-25,futbol,2744,false,czds_zone,2026-02-25T01:39:14.634743+00:00,,ns_sld_exact,141,38,6786,107255,0.627,ok,,baseline
2026-02-25,fyi,68556,false,czds_zone,2026-02-25T01:39:14.742536+00:00,,ns_sld_exact,3208,345,230179,2655579,3.775,ok,,baseline
2026-02-25,gal,7610,false,czds_zone,2026-02-25T01:39:15.153008+00:00,,ns_sld_exact,196,99,24275,1900897,1.914,ok,,rolling
2026-02-25,gallery,17689,false,czds_zone,2026-02-25T01:39:15.263646+00:00,,ns_sld_exact,1148,155,48073,802388,1.419,ok,,baseline
2026-02-25,gallo,1,false,czds_zone,2026-02-25T01:39:15.303951+00:00,,ns_sld_exact,1,4,8,2194,0.265,ok,,baseline
2026-02-25,gallup,1,false,czds_zone,2026-02-25T01:39:15.575082+00:00,,ns_sld_exact,1,4,8,2197,0.267,ok,,baseline
2026-02-25,game,7226,false,czds_zone,2026-02-25T01:39:15.844155+00:00,,ns_sld_exact,136,21,18070,762704,1.232,ok,,baseline
2026-02-25,games,61486,false,czds_zone,2026-02-25T01:39:16.559163+00:00,,ns_sld_exact,4788,559,153169,2990873,4.4,ok,,baseline
2026-02-25,gbiz,1,false,czds_zone,2026-02-25T01:39:16.683942+00:00,,ns_sld_exact,0,0,9,1820,0.253,ok,,baseline
2026-02-25,gent,3702,false,czds_zone,2026-02-25T01:39:16.939405+00:00,,ns_sld_exact,1717,20,9429,506117,0.845,ok,,baseline
2026-02-25,genting,8,false,czds_zone,2026-02-25T01:39:17.069171+00:00,,ns_sld_exact,1,6,32,2454,0.258,ok,,baseline
2026-02-25,george,1,false,czds_zone,2026-02-25T01:39:17.078325+00:00,,ns_sld_exact,1,6,12,4194,0.262,ok,,baseline
2026-02-25,gift,4958,false,czds_zone,2026-02-25T01:39:17.328797+00:00,,ns_sld_exact,134,13,13716,128945,0.509,ok,,baseline
2026-02-25,gifts,4481,false,czds_zone,2026-02-25T01:39:17.342926+00:00,,ns_sld_exact,232,35,11483,177003,0.676,ok,,baseline
2026-02-25,gives,3051,false,czds_zone,2026-02-25T01:39:17.786548+00:00,,ns_sld_exact,225,33,8052,148915,0.557,ok,,baseline
2026-02-25,giving,1925,false,czds_zone,2026-02-25T01:39:17.840367+00:00,,ns_sld_exact,61,9,4725,58548,0.395,ok,,baseline
2026-02-25,glass,3559,false,czds_zone,2026-02-25T01:39:18.021115+00:00,,ns_sld_exact,291,58,9546,185623,0.585,ok,,baseline
2026-02-25,gle,21,false,czds_zone,2026-02-25T01:39:18.237647+00:00,,ns_sld_exact,0,0,89,6055,0.279,ok,,baseline
2026-02-25,global,65815,false,czds_zone,2026-02-25T01:39:18.345877+00:00,,ns_sld_exact,2654,670,160130,2198980,4.308,ok,,baseline
2026-02-25,globo,181,false,czds_zone,2026-02-25T01:39:18.519415+00:00,,ns_sld_exact,1,0,716,4764,0.277,ok,,baseline
2026-02-25,gmail,5,false,czds_zone,2026-02-25T01:39:18.521179+00:00,,ns_sld_exact,0,0,25,2686,0.269,ok,,baseline
2026-02-25,gmbh,33019,false,czds_zone,2026-02-25T01:39:18.610276+00:00,,ns_sld_exact,877,195,95721,961059,2.019,ok,,baseline
2026-02-25,gmx,478,false,czds_zone,2026-02-25T01:39:18.792248+00:00,,ns_sld_exact,4,0,1914,117702,0.463,ok,,baseline
2026-02-25,gold,16891,false,czds_zone,2026-02-25T01:39:18.798101+00:00,,ns_sld_exact,561,150,38372,472274,1.341,ok,,baseline
2026-02-25,golf,16599,false,czds_zone,2026-02-25T01:39:19.257872+00:00,,ns_sld_exact,779,90,40016,589138,1.377,ok,,baseline
2026-02-25,goodyear,1,false,czds_zone,2026-02-25T01:39:20.139741+00:00,,ns_sld_exact,1,4,8,2206,0.283,ok,,baseline
2026-02-25,goog,450,false,czds_zone,2026-02-25T01:39:20.425527+00:00,,ns_sld_exact,22,20,1613,105105,0.397,ok,,baseline
2026-02-25,google,263,false,czds_zone,2026-02-25T01:39:20.631782+00:00,,ns_sld_exact,26,4,1057,63832,0.348,ok,,baseline
2026-02-25,gop,985,false,czds_zone,2026-02-25T01:39:20.639150+00:00,,ns_sld_exact,5,9,2567,24331,0.311,ok,,baseline
2026-02-25,gov,15279,false,czds_zone,2026-02-25T01:39:20.824474+00:00,,ns_sld_exact,2029,940,41491,464035,1.284,ok,,baseline
2026-02-25,grainger,5,false,czds_zone,2026-02-25T01:39:20.952974+00:00,,ns_sld_exact,1,12,24,3749,0.266,ok,,baseline
2026-02-25,graphics,5462,false,czds_zone,2026-02-25T01:39:20.961734+00:00,,ns_sld_exact,436,75,15071,282462,0.639,ok,,baseline
2026-02-25,gratis,3085,false,czds_zone,2026-02-25T01:39:20.984610+00:00,,ns_sld_exact,240,60,7884,157949,0.536,ok,,baseline
2026-02-25,green,8658,false,czds_zone,2026-02-25T01:39:21.220094+00:00,,ns_sld_exact,611,54,21796,405819,0.85,ok,,baseline
2026-02-25,gripe,1185,false,czds_zone,2026-02-25T01:39:21.521648+00:00,,ns_sld_exact,79,10,3453,56850,0.429,ok,,baseline
2026-02-25,grocery,1,false,czds_zone,2026-02-25T01:39:21.602238+00:00,,ns_sld_exact,1,6,12,3555,0.261,ok,,baseline
2026-02-25,group,117514,false,czds_zone,2026-02-25T01:39:21.864654+00:00,,ns_sld_exact,7493,1158,294109,4965420,6.291,ok,,baseline
2026-02-25,gucci,15,false,czds_zone,2026-02-25T01:39:21.953286+00:00,,ns_sld_exact,2,9,71,5756,0.258,ok,,rolling
2026-02-25,guge,1,false,czds_zone,2026-02-25T01:39:22.072862+00:00,,ns_sld_exact,0,0,9,1815,1.269,ok,,baseline
2026-02-25,guide,18784,false,czds_zone,2026-02-25T01:39:22.110849+00:00,,ns_sld_exact,1166,129,48875,816931,1.407,ok,,baseline
2026-02-25,guitars,601,false,czds_zone,2026-02-25T01:39:22.212651+00:00,,ns_sld_exact,18,4,1590,64616,0.293,ok,,baseline
2026-02-25,guru,53911,false,czds_zone,2026-02-25T01:39:22.507861+00:00,,ns_sld_exact,2015,709,123606,1710717,2.789,ok,,baseline
2026-02-25,hair,48439,false,czds_zone,2026-02-25T01:39:22.656342+00:00,,ns_sld_exact,3164,20,100817,2118422,2.893,ok,,baseline
2026-02-25,hamburg,15421,false,czds_zone,2026-02-25T01:39:23.344071+00:00,,ns_sld_exact,263,15,43406,387159,1.278,ok,,baseline
2026-02-25,hangout,1,false,czds_zone,2026-02-25T01:39:23.520249+00:00,,ns_sld_exact,0,0,9,1813,0.265,ok,,baseline
2026-02-25,haus,8168,false,czds_zone,2026-02-25T01:39:23.787682+00:00,,ns_sld_exact,748,162,22409,454093,1.052,ok,,baseline
2026-02-25,hbo,4,false,czds_zone,2026-02-25T01:39:24.623205+00:00,,ns_sld_exact,1,12,24,3740,0.274,ok,,rolling
2026-02-25,hdfc,1,false,czds_zone,2026-02-25T01:39:24.843019+00:00,,ns_sld_exact,1,4,8,2186,0.274,ok,,baseline
2026-02-25,hdfcbank,2,false,czds_zone,2026-02-25T01:39:24.899765+00:00,,ns_sld_exact,1,4,12,2234,0.505,ok,,baseline
2026-02-25,healthcare,9212,false,czds_zone,2026-02-25T01:39:25.119304+00:00,,ns_sld_exact,482,70,25235,373984,0.756,ok,,baseline
2026-02-25,help,140953,false,czds_zone,2026-02-25T01:39:25.300126+00:00,,ns_sld_exact,1798,1289,394770,2778658,4.987,ok,,baseline
2026-02-25,here,4,false,czds_zone,2026-02-25T01:39:25.406119+00:00,,ns_sld_exact,0,0,21,2456,0.254,ok,,baseline
2026-02-25,hermes,8,false,czds_zone,2026-02-25T01:39:25.550781+00:00,,ns_sld_exact,1,4,22,2293,0.259,ok,,rolling
2026-02-25,hiphop,1183,false,czds_zone,2026-02-25T01:39:25.662594+00:00,,ns_sld_exact,28,2,2915,28776,0.295,ok,,baseline
2026-02-25,hisamitsu,29,false,czds_zone,2026-02-25T01:39:25.812012+00:00,,ns_sld_exact,0,0,62,8297,0.259,ok,,baseline
2026-02-25,hiv,181,false,czds_zone,2026-02-25T01:39:25.876995+00:00,,ns_sld_exact,6,0,721,7137,0.28,ok,,baseline
2026-02-25,hkt,1,false,czds_zone,2026-02-25T01:39:25.959060+00:00,,ns_sld_exact,1,4,8,2195,0.25,ok,,rolling
2026-02-25,hockey,1742,false,czds_zone,2026-02-25T01:39:26.071982+00:00,,ns_sld_exact,97,15,4881,74622,0.474,ok,,baseline
2026-02-25,holdings,8778,false,czds_zone,2026-02-25T01:39:26.159788+00:00,,ns_sld_exact,717,67,23491,452931,1.094,ok,,baseline
2026-02-25,holiday,3959,false,czds_zone,2026-02-25T01:39:26.210489+00:00,,ns_sld_exact,181,21,10586,150112,0.66,ok,,baseline
2026-02-25,homedepot,1,false,czds_zone,2026-02-25T01:39:26.548624+00:00,,ns_sld_exact,1,4,8,2206,0.274,ok,,baseline
2026-02-25,homes,78399,false,czds_zone,2026-02-25T01:39:26.824922+00:00,,ns_sld_exact,4427,94,183566,3037901,5.345,ok,,baseline
2026-02-25,honda,6,false,czds_zone,2026-02-25T01:39:26.872829+00:00,,ns_sld_exact,0,0,26,3515,0.267,ok,,baseline
2026-02-25,hospital,1951,false,czds_zone,2026-02-25T01:39:27.141947+00:00,,ns_sld_exact,113,30,4960,83675,0.447,ok,,baseline
2026-02-25,host,22332,false,czds_zone,2026-02-25T01:39:27.201902+00:00,,ns_sld_exact,739,1226,51198,681615,1.416,ok,,baseline
2026-02-25,hosting,2289,false,czds_zone,2026-02-25T01:39:27.255732+00:00,,ns_sld_exact,162,251,6530,265824,0.814,ok,,baseline
2026-02-25,hotmail,19,false,czds_zone,2026-02-25T01:39:27.590618+00:00,,ns_sld_exact,1,9,88,5217,0.269,ok,,baseline
2026-02-25,house,24337,false,czds_zone,2026-02-25T01:39:27.860219+00:00,,ns_sld_exact,1914,287,61255,1193877,1.565,ok,,baseline
2026-02-25,how,3341,false,czds_zone,2026-02-25T01:39:28.071227+00:00,,ns_sld_exact,531,2,10090,815666,1.036,ok,,baseline
2026-02-25,hsbc,11,false,czds_zone,2026-02-25T01:39:28.159402+00:00,,ns_sld_exact,1,12,52,3863,0.262,ok,,baseline
2026-02-25,hughes,2,false,czds_zone,2026-02-25T01:39:28.424825+00:00,,ns_sld_exact,1,4,14,2247,0.271,ok,,baseline
2026-02-25,hyatt,22,false,czds_zone,2026-02-25T01:39:28.620878+00:00,,ns_sld_exact,1,12,138,4270,0.273,ok,,baseline
2026-02-25,hyundai,11,false,czds_zone,2026-02-25T01:39:28.698229+00:00,,ns_sld_exact,0,0,26,4458,0.261,ok,,baseline
2026-02-25,ibm,1,false,czds_zone,2026-02-25T01:39:28.894914+00:00,,ns_sld_exact,1,12,12,3573,0.259,ok,,baseline
2026-02-25,icbc,1,false,czds_zone,2026-02-25T01:39:28.960566+00:00,,ns_sld_exact,1,0,15,2184,0.258,ok,,rolling
2026-02-25,ice,10,false,czds_zone,2026-02-25T01:39:29.109089+00:00,,ns_sld_exact,0,4,80,2125,0.253,ok,,baseline
2026-02-25,icu,485512,false,czds_zone,2026-02-25T01:39:29.155593+00:00,,ns_sld_exact,6081,1623,1056894,9107722,11.796,ok,,rolling
2026-02-25,ieee,6,false,czds_zone,2026-02-25T01:39:29.220526+00:00,,ns_sld_exact,1,9,31,4820,0.262,ok,,baseline
2026-02-25,ifm,78,false,czds_zone,2026-02-25T01:39:29.363481+00:00,,ns_sld_exact,1,0,226,20753,0.26,ok,,baseline
2026-02-25,imamat,4,false,czds_zone,2026-02-25T01:39:29.426294+00:00,,ns_sld_exact,1,4,14,2258,0.252,ok,,baseline
2026-02-25,immo,21101,false,czds_zone,2026-02-25T01:39:29.484482+00:00,,ns_sld_exact,2905,85,56354,1538085,2.618,ok,,baseline
2026-02-25,immobilien,7491,false,czds_zone,2026-02-25T01:39:29.625254+00:00,,ns_sld_exact,144,15,21396,192135,0.734,ok,,rolling
2026-02-25,inc,6873,false,czds_zone,2026-02-25T01:39:29.680317+00:00,,ns_sld_exact,196,21,17797,200289,0.751,ok,,baseline
2026-02-25,industries,6982,false,czds_zone,2026-02-25T01:39:30.290681+00:00,,ns_sld_exact,771,90,19361,446911,1.305,ok,,baseline
2026-02-25,info,5153632,false,czds_zone,2026-02-25T01:39:30.361193+00:00,,ns_sld_exact,256315,134588,12778646,188959682,275.621,ok,,baseline
2026-02-25,ing,18961,false,czds_zone,2026-02-25T01:39:30.433742+00:00,,ns_sld_exact,953,72,46728,4117603,4.123,ok,,baseline
2026-02-25,institute,18059,false,czds_zone,2026-02-25T01:39:31.598490+00:00,,ns_sld_exact,1077,141,45305,756534,1.912,ok,,rolling
2026-02-25,insure,6089,false,czds_zone,2026-02-25T01:39:32.104720+00:00,,ns_sld_exact,261,72,15986,217992,0.774,ok,,baseline
2026-02-25,international,26128,false,czds_zone,2026-02-25T01:39:32.171635+00:00,,ns_sld_exact,1658,251,67416,1147892,1.812,ok,,baseline
2026-02-25,investments,7223,false,czds_zone,2026-02-25T01:39:32.879174+00:00,,ns_sld_exact,591,34,18424,369068,0.849,ok,,baseline
2026-02-25,ipiranga,38,false,czds_zone,2026-02-25T01:39:33.513045+00:00,,ns_sld_exact,1,8,112,4416,0.275,ok,,baseline
2026-02-25,irish,22927,false,czds_zone,2026-02-25T01:39:33.729745+00:00,,ns_sld_exact,263,31,48188,436771,0.986,ok,,baseline
2026-02-25,ismaili,34,false,czds_zone,2026-02-25T01:39:33.790508+00:00,,ns_sld_exact,1,4,79,2679,0.272,ok,,baseline
2026-02-25,ist,7662,false,czds_zone,2026-02-25T01:39:33.985591+00:00,,ns_sld_exact,121,161,17791,170764,0.677,ok,,baseline
2026-02-25,istanbul,4970,false,czds_zone,2026-02-25T01:39:34.064053+00:00,,ns_sld_exact,23,105,11367,87508,0.491,ok,,baseline
2026-02-25,itv,41,false,czds_zone,2026-02-25T01:39:34.559328+00:00,,ns_sld_exact,1,4,94,2879,0.278,ok,,baseline
2026-02-25,jaguar,4,false,czds_zone,2026-02-25T01:39:34.564223+00:00,,ns_sld_exact,0,4,24,1914,0.273,ok,,baseline
2026-02-25,java,8,false,czds_zone,2026-02-25T01:39:34.663444+00:00,,ns_sld_exact,1,4,40,2414,0.261,ok,,rolling
2026-02-25,jeep,1,false,czds_zone,2026-02-25T01:39:34.717938+00:00,,ns_sld_exact,1,4,8,2185,0.262,ok,,rolling
2026-02-25,jetzt,11083,false,czds_zone,2026-02-25T01:39:34.839580+00:00,,ns_sld_exact,407,55,30869,372946,0.777,ok,,baseline
2026-02-25,jewelry,3917,false,czds_zone,2026-02-25T01:39:34.842623+00:00,,ns_sld_exact,187,20,10362,148419,0.553,ok,,baseline
2026-02-25,jio,29,false,czds_zone,2026-02-25T01:39:34.925854+00:00,,ns_sld_exact,1,32,113,3097,0.26,ok,,baseline
2026-02-25,jll,11,false,czds_zone,2026-02-25T01:39:34.981343+00:00,,ns_sld_exact,1,4,56,2490,0.256,ok,,baseline
2026-02-25,jnj,130,false,czds_zone,2026-02-25T01:39:35.187317+00:00,,ns_sld_exact,1,4,1023,6779,0.272,ok,,baseline
2026-02-25,jobs,10801,false,czds_zone,2026-02-25T01:39:35.238083+00:00,,ns_sld_exact,201,23,31823,360379,1.087,ok,,baseline
2026-02-25,juegos,474,false,czds_zone,2026-02-25T01:39:35.397541+00:00,,ns_sld_exact,13,23,1583,13917,0.272,ok,,baseline
2026-02-25,juniper,1,false,czds_zone,2026-02-25T01:39:35.461149+00:00,,ns_sld_exact,1,4,8,2202,0.257,ok,,baseline
2026-02-25,kaufen,4673,false,czds_zone,2026-02-25T01:39:35.618813+00:00,,ns_sld_exact,86,10,13171,122697,0.617,ok,,baseline
2026-02-25,kerryhotels,1,false,czds_zone,2026-02-25T01:39:35.671553+00:00,,ns_sld_exact,0,4,8,1819,0.472,ok,,baseline
2026-02-25,kerryproperties,1,false,czds_zone,2026-02-25T01:39:35.720005+00:00,,ns_sld_exact,0,4,8,1821,0.264,ok,,baseline
2026-02-25,kfh,94,false,czds_zone,2026-02-25T01:39:35.986342+00:00,,ns_sld_exact,1,4,468,4224,0.266,ok,,baseline
2026-02-25,kia,3,false,czds_zone,2026-02-25T01:39:36.146145+00:00,,ns_sld_exact,0,0,10,2707,0.266,ok,,baseline
2026-02-25,kids,6171,false,czds_zone,2026-02-25T01:39:36.238113+00:00,,ns_sld_exact,166,25,15474,171088,0.66,ok,,baseline
2026-02-25,kim,7991,false,czds_zone,2026-02-25T01:39:36.254954+00:00,,ns_sld_exact,342,168,18950,269086,0.975,ok,,baseline
2026-02-25,kitchen,7446,false,czds_zone,2026-02-25T01:39:36.327674+00:00,,ns_sld_exact,487,53,19367,331280,0.98,ok,,baseline
2026-02-25,koeln,17365,false,czds_zone,2026-02-25T01:39:36.416635+00:00,,ns_sld_exact,284,26,52692,439941,1.118,ok,,baseline
2026-02-25,komatsu,84,false,czds_zone,2026-02-25T01:39:36.903989+00:00,,ns_sld_exact,0,0,334,21363,0.307,ok,,baseline
2026-02-25,kosher,1,false,czds_zone,2026-02-25T01:39:37.214245+00:00,,ns_sld_exact,1,4,8,2196,0.261,ok,,baseline
2026-02-25,kpmg,17,false,czds_zone,2026-02-25T01:39:37.230466+00:00,,ns_sld_exact,1,12,65,4032,0.263,ok,,rolling
2026-02-25,krd,1751,false,czds_zone,2026-02-25T01:39:37.309398+00:00,,ns_sld_exact,25,20,3873,41262,0.298,ok,,baseline
2026-02-25,kred,1642,false,czds_zone,2026-02-25T01:39:37.476807+00:00,,ns_sld_exact,0,4,2796,24030,0.328,ok,,baseline
2026-02-25,kuokgroup,1,false,czds_zone,2026-02-25T01:39:37.496215+00:00,,ns_sld_exact,0,4,8,1798,0.264,ok,,baseline
2026-02-25,lacaixa,1,false,czds_zone,2026-02-25T01:39:37.536857+00:00,,ns_sld_exact,1,0,6,2242,0.256,ok,,rolling
2026-02-25,lamer,1,false,czds_zone,2026-02-25T01:39:37.610479+00:00,,ns_sld_exact,1,4,8,2199,0.261,ok,,baseline
2026-02-25,land,20852,false,czds_zone,2026-02-25T01:39:37.761249+00:00,,ns_sld_exact,1695,315,52874,1054962,1.613,ok,,baseline
2026-02-25,landrover,4,false,czds_zone,2026-02-25T01:39:37.794939+00:00,,ns_sld_exact,0,4,24,1914,0.255,ok,,baseline
2026-02-25,lanxess,24,false,czds_zone,2026-02-25T01:39:37.806326+00:00,,ns_sld_exact,1,12,60,3936,0.253,ok,,rolling
2026-02-25,lasalle,1,false,czds_zone,2026-02-25T01:39:37.872973+00:00,,ns_sld_exact,1,4,8,2201,0.262,ok,,baseline
2026-02-25,lat,123648,false,czds_zone,2026-02-25T01:39:38.052470+00:00,,ns_sld_exact,6816,541,269879,4659585,5.437,ok,,baseline
2026-02-25,latino,1,false,czds_zone,2026-02-25T01:39:38.060874+00:00,,ns_sld_exact,1,0,6,1278,0.262,ok,,baseline
2026-02-25,latrobe,27,false,czds_zone,2026-02-25T01:39:38.136068+00:00,,ns_sld_exact,1,12,64,3960,0.258,ok,,baseline
2026-02-25,lawyer,8198,false,czds_zone,2026-02-25T01:39:38.324637+00:00,,ns_sld_exact,494,43,20792,345600,0.96,ok,,baseline
2026-02-25,lds,1,false,czds_zone,2026-02-25T01:39:38.395530+00:00,,ns_sld_exact,1,4,8,2192,0.259,ok,,baseline
2026-02-25,lease,1884,false,czds_zone,2026-02-25T01:39:38.655881+00:00,,ns_sld_exact,159,12,4944,99879,0.586,ok,,baseline
2026-02-25,leclerc,1176,false,czds_zone,2026-02-25T01:39:39.244260+00:00,,ns_sld_exact,1,0,2989,15579,0.281,ok,,baseline
2026-02-25,lefrak,1,false,czds_zone,2026-02-25T01:39:39.287558+00:00,,ns_sld_exact,0,4,8,1791,0.263,ok,,baseline
2026-02-25,legal,21261,false,czds_zone,2026-02-25T01:39:39.377449+00:00,,ns_sld_exact,1541,163,56468,1009682,1.834,ok,,baseline
2026-02-25,lego,2,false,czds_zone,2026-02-25T01:39:39.527091+00:00,,ns_sld_exact,0,6,14,1881,0.254,ok,,baseline
2026-02-25,lexus,10,false,czds_zone,2026-02-25T01:39:39.552238+00:00,,ns_sld_exact,0,0,30,4347,0.257,ok,,baseline
2026-02-25,lgbt,12195,false,czds_zone,2026-02-25T01:39:39.783145+00:00,,ns_sld_exact,229,50,26349,229931,0.86,ok,,baseline
2026-02-25,lidl,125,false,czds_zone,2026-02-25T01:39:39.811216+00:00,,ns_sld_exact,1,4,381,3064,0.269,ok,,baseline
2026-02-25,life,378428,false,czds_zone,2026-02-25T01:39:40.082122+00:00,,ns_sld_exact,9342,4282,874707,9495942,15.627,ok,,rolling
2026-02-25,lifestyle,11510,false,czds_zone,2026-02-25T01:39:40.645078+00:00,,ns_sld_exact,383,0,24157,311769,0.851,ok,,baseline
2026-02-25,lighting,5464,false,czds_zone,2026-02-25T01:39:40.952855+00:00,,ns_sld_exact,342,46,14145,238376,0.672,ok,,baseline
2026-02-25,lilly,9,false,czds_zone,2026-02-25T01:39:41.214538+00:00,,ns_sld_exact,1,12,36,3900,1.287,ok,,baseline
2026-02-25,limited,6852,false,czds_zone,2026-02-25T01:39:41.497677+00:00,,ns_sld_exact,489,136,18705,334480,0.747,ok,,baseline
2026-02-25,limo,2199,false,czds_zone,2026-02-25T01:39:41.626880+00:00,,ns_sld_exact,79,24,5302,71756,0.405,ok,,baseline
2026-02-25,link,279486,false,czds_zone,2026-02-25T01:39:42.033713+00:00,,ns_sld_exact,31848,6659,740946,14060474,22.994,ok,,baseline
2026-02-25,live,547571,false,czds_zone,2026-02-25T01:39:42.246254+00:00,,ns_sld_exact,14978,7103,1323164,15102214,25.752,ok,,baseline
2026-02-25,living,5943,false,czds_zone,2026-02-25T01:39:42.504098+00:00,,ns_sld_exact,157,4,12869,134550,0.577,ok,,baseline
2026-02-25,llc,47626,false,czds_zone,2026-02-25T01:39:43.082328+00:00,,ns_sld_exact,7716,425,125669,3878087,5.128,ok,,baseline
2026-02-25,loan,74488,false,czds_zone,2026-02-25T01:39:43.491946+00:00,,ns_sld_exact,366,32,152126,877444,2.048,ok,,baseline
2026-02-25,loans,7359,false,czds_zone,2026-02-25T01:39:45.542562+00:00,,ns_sld_exact,154,24,18066,174878,0.854,ok,,baseline
2026-02-25,locker,23389,false,czds_zone,2026-02-25T01:39:46.401235+00:00,,ns_sld_exact,100,6,47230,235533,0.974,ok,,baseline
2026-02-25,lol,221886,false,czds_zone,2026-02-25T01:39:47.377284+00:00,,ns_sld_exact,19231,431,486014,24835249,32.269,ok,,baseline
2026-02-25,london,34897,false,czds_zone,2026-02-25T01:39:48.212213+00:00,,ns_sld_exact,809,74,88314,938565,2.167,ok,,baseline
2026-02-25,lotto,104,false,czds_zone,2026-02-25T01:39:50.382936+00:00,,ns_sld_exact,4,4,320,5611,0.278,ok,,rolling
2026-02-25,love,67255,false,czds_zone,2026-02-25T01:39:50.662906+00:00,,ns_sld_exact,2666,51,166712,1855235,3.774,ok,,baseline
2026-02-25,ltd,111543,false,czds_zone,2026-02-25T01:39:54.438885+00:00,,ns_sld_exact,3596,1077,255603,3172496,5.157,ok,,rolling
2026-02-25,ltda,530,false,czds_zone,2026-02-25T01:39:55.713749+00:00,,ns_sld_exact,5,11,1647,13824,0.289,ok,,baseline
2026-02-25,lundbeck,272,false,czds_zone,2026-02-25T01:39:56.005352+00:00,,ns_sld_exact,0,4,550,4272,0.272,ok,,baseline
2026-02-25,luxury,3958,false,czds_zone,2026-02-25T01:39:56.281062+00:00,,ns_sld_exact,237,8,10211,185201,0.721,ok,,baseline
2026-02-25,madrid,3274,false,czds_zone,2026-02-25T01:39:57.004941+00:00,,ns_sld_exact,40,5,9081,811718,1.319,ok,,baseline
2026-02-25,maif,6,false,czds_zone,2026-02-25T01:39:58.328078+00:00,,ns_sld_exact,1,6,22,2343,0.264,ok,,rolling
2026-02-25,maison,1367,false,czds_zone,2026-02-25T01:39:58.593597+00:00,,ns_sld_exact,155,9,3936,91859,0.498,ok,,baseline
2026-02-25,makeup,90164,false,czds_zone,2026-02-25T01:39:59.094536+00:00,,ns_sld_exact,1107,24,184223,1377425,2.831,ok,,baseline
2026-02-25,man,204,false,czds_zone,2026-02-25T01:39:59.597525+00:00,,ns_sld_exact,1,0,623,51661,0.325,ok,,baseline
2026-02-25,management,12190,false,czds_zone,2026-02-25T01:39:59.925629+00:00,,ns_sld_exact,1153,64,33156,702033,1.48,ok,,baseline
2026-02-25,mango,50,false,czds_zone,2026-02-25T01:40:01.406674+00:00,,ns_sld_exact,1,0,202,13451,0.22,ok,,baseline
2026-02-25,map,1,false,czds_zone,2026-02-25T01:40:01.630902+00:00,,ns_sld_exact,0,0,9,1816,0.166,ok,,baseline
2026-02-25,market,18356,false,czds_zone,2026-02-25T01:40:01.799377+00:00,,ns_sld_exact,1033,281,47439,742717,1.315,ok,,baseline
2026-02-25,marketing,27250,false,czds_zone,2026-02-25T01:40:01.927997+00:00,,ns_sld_exact,1635,354,68899,1138599,1.919,ok,,baseline
2026-02-25,markets,5224,false,czds_zone,2026-02-25T01:40:03.117429+00:00,,ns_sld_exact,274,56,12488,195075,0.609,ok,,baseline
2026-02-25,mba,4791,false,czds_zone,2026-02-25T01:40:03.729202+00:00,,ns_sld_exact,227,34,11463,171782,0.491,ok,,baseline
2026-02-25,mckinsey,1,false,czds_zone,2026-02-25T01:40:03.848622+00:00,,ns_sld_exact,1,4,8,2212,0.47,ok,,baseline
2026-02-25,med,2443,false,czds_zone,2026-02-25T01:40:04.223426+00:00,,ns_sld_exact,15,9,6609,52730,0.257,ok,,rolling
2026-02-25,media,85469,false,czds_zone,2026-02-25T01:40:04.320308+00:00,,ns_sld_exact,5417,1312,214410,3676535,5.144,ok,,baseline
2026-02-25,meet,50,false,czds_zone,2026-02-25T01:40:04.481073+00:00,,ns_sld_exact,0,0,205,12073,0.183,ok,,baseline
2026-02-25,meme,6216,false,czds_zone,2026-02-25T01:40:04.667759+00:00,,ns_sld_exact,296,19,14582,1349963,1.549,ok,,baseline
2026-02-25,memorial,803,false,czds_zone,2026-02-25T01:40:05.029438+00:00,,ns_sld_exact,51,6,2197,39004,0.245,ok,,baseline
2026-02-25,men,11618,false,czds_zone,2026-02-25T01:40:05.276684+00:00,,ns_sld_exact,628,62,26503,488916,0.931,ok,,baseline
2026-02-25,menu,5280,false,czds_zone,2026-02-25T01:40:06.209709+00:00,,ns_sld_exact,133,45,14190,167872,0.577,ok,,baseline
2026-02-25,merckmsd,1,false,czds_zone,2026-02-25T01:40:06.218473+00:00,,ns_sld_exact,1,7,12,3504,0.194,ok,,baseline
2026-02-25,microsoft,83,false,czds_zone,2026-02-25T01:40:06.420174+00:00,,ns_sld_exact,7,9,351,10829,0.183,ok,,baseline
2026-02-25,mini,79,false,czds_zone,2026-02-25T01:40:06.606279+00:00,,ns_sld_exact,1,4,389,4012,0.473,ok,,baseline
2026-02-25,mitsubishi,1,false,czds_zone,2026-02-25T01:40:06.788251+00:00,,ns_sld_exact,0,0,6,2273,0.164,ok,,baseline
2026-02-25,mlb,46,false,czds_zone,2026-02-25T01:40:06.954292+00:00,,ns_sld_exact,1,12,342,5222,0.181,ok,,baseline
2026-02-25,mls,1,false,czds_zone,2026-02-25T01:40:07.080802+00:00,,ns_sld_exact,1,4,8,2558,0.177,ok,,baseline
2026-02-25,mma,1613,false,czds_zone,2026-02-25T01:40:07.137546+00:00,,ns_sld_exact,1,0,6451,29904,0.251,ok,,baseline
2026-02-25,mobi,406103,false,czds_zone,2026-02-25T01:40:07.261696+00:00,,ns_sld_exact,23103,2379,941103,14934663,17.947,ok,,baseline
2026-02-25,mobile,3456,false,czds_zone,2026-02-25T01:40:07.391559+00:00,,ns_sld_exact,99,0,9133,83423,0.408,ok,,baseline
2026-02-25,moda,2263,false,czds_zone,2026-02-25T01:40:07.802746+00:00,,ns_sld_exact,117,33,6248,91979,0.371,ok,,baseline
2026-02-25,moe,16512,false,czds_zone,2026-02-25T01:40:08.002731+00:00,,ns_sld_exact,1691,217,41287,1089858,1.632,ok,,baseline
2026-02-25,mom,50925,false,czds_zone,2026-02-25T01:40:08.176072+00:00,,ns_sld_exact,3072,228,110598,5642130,6.667,ok,,baseline
2026-02-25,money,20496,false,czds_zone,2026-02-25T01:40:09.468560+00:00,,ns_sld_exact,1109,176,49198,778037,1.307,ok,,baseline
2026-02-25,monster,31312,false,czds_zone,2026-02-25T01:40:09.636303+00:00,,ns_sld_exact,1315,454,72725,874112,1.726,ok,,baseline
2026-02-25,mormon,1,false,czds_zone,2026-02-25T01:40:10.777849+00:00,,ns_sld_exact,1,4,8,2201,0.187,ok,,baseline
2026-02-25,mortgage,3907,false,czds_zone,2026-02-25T01:40:10.966980+00:00,,ns_sld_exact,160,23,10260,136210,0.463,ok,,baseline
2026-02-25,moto,1,false,czds_zone,2026-02-25T01:40:11.363422+00:00,,ns_sld_exact,1,8,12,3547,0.171,ok,,baseline
2026-02-25,motorcycles,14200,false,czds_zone,2026-02-25T01:40:11.431946+00:00,,ns_sld_exact,1427,8,29246,775761,1.122,ok,,baseline
2026-02-25,mov,6081,false,czds_zone,2026-02-25T01:40:11.537617+00:00,,ns_sld_exact,462,3,15915,1367174,1.511,ok,,baseline
2026-02-25,movie,4193,false,czds_zone,2026-02-25T01:40:12.556812+00:00,,ns_sld_exact,119,23,13015,136196,0.411,ok,,baseline
2026-02-25,msd,1,false,czds_zone,2026-02-25T01:40:12.970083+00:00,,ns_sld_exact,1,6,12,3476,0.174,ok,,baseline
2026-02-25,mtn,5,false,czds_zone,2026-02-25T01:40:13.050676+00:00,,ns_sld_exact,1,9,28,4796,0.171,ok,,baseline
2026-02-25,museum,1028,false,czds_zone,2026-02-25T01:40:13.145896+00:00,,ns_sld_exact,117,4,2940,55433,0.241,ok,,baseline
2026-02-25,music,6996,false,czds_zone,2026-02-25T01:40:13.223601+00:00,,ns_sld_exact,159,3,19288,171373,0.497,ok,,baseline
2026-02-25,nab,4,false,czds_zone,2026-02-25T01:40:13.389566+00:00,,ns_sld_exact,0,4,14,1851,0.177,ok,,baseline
2026-02-25,navy,1144,false,czds_zone,2026-02-25T01:40:13.568301+00:00,,ns_sld_exact,138,24,3117,79786,0.322,ok,,baseline
2026-02-25,nba,1,false,czds_zone,2026-02-25T01:40:13.722174+00:00,,ns_sld_exact,1,12,12,3597,0.179,ok,,baseline
2026-02-25,nec,7,false,czds_zone,2026-02-25T01:40:13.894167+00:00,,ns_sld_exact,0,0,18,3588,0.174,ok,,baseline
2026-02-25,netbank,5,false,czds_zone,2026-02-25T01:40:13.903397+00:00,,ns_sld_exact,1,12,26,3794,0.171,ok,,baseline
2026-02-25,network,73219,false,czds_zone,2026-02-25T01:40:14.070828+00:00,,ns_sld_exact,6758,3177,184275,4059468,5.604,ok,,baseline
2026-02-25,new,2105,false,czds_zone,2026-02-25T01:40:14.077343+00:00,,ns_sld_exact,215,2,6121,491468,0.757,ok,,baseline
2026-02-25,news,71710,false,czds_zone,2026-02-25T01:40:14.837056+00:00,,ns_sld_exact,3062,1191,181863,2511155,4.014,ok,,baseline
2026-02-25,next,18,false,czds_zone,2026-02-25T01:40:14.845639+00:00,,ns_sld_exact,0,4,50,2089,0.183,ok,,baseline
2026-02-25,nextdirect,2,false,czds_zone,2026-02-25T01:40:15.031024+00:00,,ns_sld_exact,0,4,10,1829,0.179,ok,,baseline
2026-02-25,nexus,3778,false,czds_zone,2026-02-25T01:40:15.212925+00:00,,ns_sld_exact,674,10,9344,924774,1.227,ok,,baseline
2026-02-25,ngo,4678,false,czds_zone,2026-02-25T01:40:16.441933+00:00,,ns_sld_exact,122,92,11917,135240,0.498,ok,,baseline
2026-02-25,nikon,1,false,czds_zone,2026-02-25T01:40:16.942696+00:00,,ns_sld_exact,0,4,8,1796,0.164,ok,,baseline
2026-02-25,ninja,25148,false,czds_zone,2026-02-25T01:40:17.108267+00:00,,ns_sld_exact,2075,814,71547,1378189,2.384,ok,,baseline
2026-02-25,nissay,1,false,czds_zone,2026-02-25T01:40:18.855450+00:00,,ns_sld_exact,1,6,12,2252,0.185,ok,,baseline
2026-02-25,nokia,4,false,czds_zone,2026-02-25T01:40:19.042413+00:00,,ns_sld_exact,1,4,26,2266,0.175,ok,,baseline
2026-02-25,norton,1,false,czds_zone,2026-02-25T01:40:19.220284+00:00,,ns_sld_exact,1,7,12,4050,0.18,ok,,baseline
2026-02-25,nowruz,10,false,czds_zone,2026-02-25T01:40:19.402727+00:00,,ns_sld_exact,1,1,39,4770,0.181,ok,,baseline
2026-02-25,nowtv,1,false,czds_zone,2026-02-25T01:40:19.495117+00:00,,ns_sld_exact,1,4,8,2192,0.186,ok,,baseline
2026-02-25,nra,129,false,czds_zone,2026-02-25T01:40:19.586913+00:00,,ns_sld_exact,1,4,395,4222,0.191,ok,,baseline
2026-02-25,obi,1,false,czds_zone,2026-02-25T01:40:19.648776+00:00,,ns_sld_exact,1,4,8,2191,0.171,ok,,baseline
2026-02-25,observer,3018,false,czds_zone,2026-02-25T01:40:19.676730+00:00,,ns_sld_exact,154,35,7315,94243,0.341,ok,,baseline
2026-02-25,office,5,false,czds_zone,2026-02-25T01:40:19.683741+00:00,,ns_sld_exact,1,9,32,4914,0.171,ok,,baseline
2026-02-25,ollo,1,false,czds_zone,2026-02-25T01:40:19.779613+00:00,,ns_sld_exact,1,0,6,1281,0.166,ok,,baseline
2026-02-25,omega,3,false,czds_zone,2026-02-25T01:40:19.820264+00:00,,ns_sld_exact,1,9,24,4783,0.166,ok,,baseline
2026-02-25,ong,2165,false,czds_zone,2026-02-25T01:40:19.857825+00:00,,ns_sld_exact,45,37,5867,60887,0.318,ok,,baseline
2026-02-25,online,3231464,false,czds_zone,2026-02-25T01:40:19.946440+00:00,,ns_sld_exact,108645,10469,7514354,98981736,184.34,ok,,baseline
2026-02-25,open,1,false,czds_zone,2026-02-25T01:40:19.987866+00:00,,ns_sld_exact,1,12,12,3608,0.172,ok,,baseline
2026-02-25,oracle,3,false,czds_zone,2026-02-25T01:40:20.019213+00:00,,ns_sld_exact,1,4,20,2281,0.181,ok,,baseline
2026-02-25,orange,12,false,czds_zone,2026-02-25T01:40:20.161650+00:00,,ns_sld_exact,5,8,47,4087,0.17,ok,,baseline
2026-02-25,org,11661771,false,czds_zone,2026-02-25T01:40:20.177161+00:00,,ns_sld_exact,592381,387613,29453437,448451453,340.131,ok,,baseline
2026-02-25,organic,1540,false,czds_zone,2026-02-25T01:40:20.202145+00:00,,ns_sld_exact,86,5,4191,65448,0.283,ok,,baseline
2026-02-25,origins,1,false,czds_zone,2026-02-25T01:40:20.333264+00:00,,ns_sld_exact,1,4,8,2183,0.175,ok,,baseline
2026-02-25,osaka,999,false,czds_zone,2026-02-25T01:40:20.487767+00:00,,ns_sld_exact,10,20,3161,26957,0.242,ok,,baseline
2026-02-25,ott,1,false,czds_zone,2026-02-25T01:40:20.510830+00:00,,ns_sld_exact,1,0,6,1282,0.172,ok,,baseline
2026-02-25,ovh,83676,false,czds_zone,2026-02-25T01:40:20.685493+00:00,,ns_sld_exact,32196,1003,169720,10082313,9.823,ok,,baseline
2026-02-25,page,35425,false,czds_zone,2026-02-25T01:40:20.731433+00:00,,ns_sld_exact,12643,155,113599,10035780,9.48,ok,,baseline
2026-02-25,panasonic,3,false,czds_zone,2026-02-25T01:40:25.210902+00:00,,ns_sld_exact,0,0,16,2811,0.181,ok,,baseline
2026-02-25,paris,18331,false,czds_zone,2026-02-25T01:40:25.393775+00:00,,ns_sld_exact,3964,30,47423,1442395,1.792,ok,,baseline
2026-02-25,pars,1,false,czds_zone,2026-02-25T01:40:27.187269+00:00,,ns_sld_exact,1,1,16,4506,0.172,ok,,baseline
2026-02-25,partners,16316,false,czds_zone,2026-02-25T01:40:27.361430+00:00,,ns_sld_exact,1144,116,42474,759117,1.257,ok,,baseline
2026-02-25,parts,7260,false,czds_zone,2026-02-25T01:40:28.620569+00:00,,ns_sld_exact,434,74,18585,307915,0.679,ok,,baseline
2026-02-25,party,20153,false,czds_zone,2026-02-25T01:40:29.302914+00:00,,ns_sld_exact,1653,105,49815,1169934,1.719,ok,,baseline
2026-02-25,pccw,1,false,czds_zone,2026-02-25T01:40:30.215665+00:00,,ns_sld_exact,1,4,8,2194,0.23,ok,,baseline
2026-02-25,pet,24261,false,czds_zone,2026-02-25T01:40:30.448193+00:00,,ns_sld_exact,614,170,55163,596135,1.076,ok,,baseline
2026-02-25,pfizer,90,false,czds_zone,2026-02-25T01:40:30.512457+00:00,,ns_sld_exact,1,12,318,5400,0.187,ok,,baseline
2026-02-25,pharmacy,1078,false,czds_zone,2026-02-25T01:40:30.703090+00:00,,ns_sld_exact,14,9,2502,30056,0.225,ok,,baseline
2026-02-25,phd,2277,false,czds_zone,2026-02-25T01:40:30.934315+00:00,,ns_sld_exact,545,6,6483,591892,0.75,ok,,baseline
2026-02-25,philips,59,false,czds_zone,2026-02-25T01:40:31.023389+00:00,,ns_sld_exact,2,12,172,5158,0.187,ok,,baseline
2026-02-25,phone,1,false,czds_zone,2026-02-25T01:40:31.212149+00:00,,ns_sld_exact,1,0,6,1291,0.176,ok,,baseline
2026-02-25,photography,34441,false,czds_zone,2026-02-25T01:40:31.388973+00:00,,ns_sld_exact,2076,289,100793,1517575,2.369,ok,,baseline
2026-02-25,photos,19353,false,czds_zone,2026-02-25T01:40:31.527443+00:00,,ns_sld_exact,1485,162,52199,956876,1.48,ok,,baseline
2026-02-25,pics,82790,false,czds_zone,2026-02-25T01:40:31.686019+00:00,,ns_sld_exact,2950,231,179388,8854955,10.958,ok,,baseline
2026-02-25,pictet,42,false,czds_zone,2026-02-25T01:40:33.009336+00:00,,ns_sld_exact,1,10,164,3175,0.177,ok,,baseline
2026-02-25,pictures,11114,false,czds_zone,2026-02-25T01:40:33.189395+00:00,,ns_sld_exact,800,162,28225,509234,0.965,ok,,baseline
2026-02-25,pid,1,false,czds_zone,2026-02-25T01:40:33.759506+00:00,,ns_sld_exact,1,0,6,1288,0.172,ok,,baseline
2026-02-25,ping,3,false,czds_zone,2026-02-25T01:40:33.934845+00:00,,ns_sld_exact,2,12,21,4155,0.184,ok,,rolling
2026-02-25,pink,9147,false,czds_zone,2026-02-25T01:40:34.121314+00:00,,ns_sld_exact,278,101,21300,252397,0.626,ok,,baseline
2026-02-25,pioneer,26,false,czds_zone,2026-02-25T01:40:34.156461+00:00,,ns_sld_exact,1,9,115,5806,0.179,ok,,baseline
2026-02-25,pizza,13189,false,czds_zone,2026-02-25T01:40:34.337759+00:00,,ns_sld_exact,612,156,30698,439976,0.816,ok,,baseline
2026-02-25,place,9919,false,czds_zone,2026-02-25T01:40:34.751150+00:00,,ns_sld_exact,1284,137,26099,693587,1.628,ok,,baseline
2026-02-25,play,5,false,czds_zone,2026-02-25T01:40:35.155236+00:00,,ns_sld_exact,0,0,25,2674,0.269,ok,,baseline
2026-02-25,playstation,1,false,czds_zone,2026-02-25T01:40:35.431507+00:00,,ns_sld_exact,0,0,6,2272,0.187,ok,,baseline
2026-02-25,plumbing,2528,false,czds_zone,2026-02-25T01:40:35.621182+00:00,,ns_sld_exact,152,9,6605,109033,0.395,ok,,baseline
2026-02-25,plus,32008,false,czds_zone,2026-02-25T01:40:36.019769+00:00,,ns_sld_exact,1667,427,76170,1197813,2.134,ok,,baseline
2026-02-25,pnc,1,false,czds_zone,2026-02-25T01:40:36.381651+00:00,,ns_sld_exact,1,4,8,2191,0.193,ok,,baseline
2026-02-25,pohl,3,false,czds_zone,2026-02-25T01:40:36.575954+00:00,,ns_sld_exact,1,4,12,2220,0.183,ok,,baseline
2026-02-25,poker,8386,false,czds_zone,2026-02-25T01:40:36.759861+00:00,,ns_sld_exact,156,26,18975,181547,0.553,ok,,baseline
2026-02-25,praxi,19,false,czds_zone,2026-02-25T01:40:37.314657+00:00,,ns_sld_exact,1,12,84,4217,0.185,ok,,baseline
2026-02-25,press,17575,false,czds_zone,2026-02-25T01:40:37.502591+00:00,,ns_sld_exact,463,104,41977,480895,1.042,ok,,baseline
2026-02-25,pro,1034857,false,czds_zone,2026-02-25T01:40:38.156853+00:00,,ns_sld_exact,44545,11848,2365283,33718275,55.837,ok,,baseline
2026-02-25,prod,2,false,czds_zone,2026-02-25T01:40:38.546571+00:00,,ns_sld_exact,0,0,13,2034,0.172,ok,,baseline
2026-02-25,productions,10683,false,czds_zone,2026-02-25T01:40:38.720779+00:00,,ns_sld_exact,925,84,29243,574509,0.994,ok,,baseline
2026-02-25,prof,840,false,czds_zone,2026-02-25T01:40:39.716001+00:00,,ns_sld_exact,159,0,2440,211738,0.416,ok,,baseline
2026-02-25,progressive,1,false,czds_zone,2026-02-25T01:40:40.134157+00:00,,ns_sld_exact,1,4,8,2208,0.173,ok,,rolling
2026-02-25,promo,6854,false,czds_zone,2026-02-25T01:40:40.309373+00:00,,ns_sld_exact,339,78,17544,260482,0.591,ok,,baseline
2026-02-25,properties,13290,false,czds_zone,2026-02-25T01:40:40.902808+00:00,,ns_sld_exact,697,106,32378,507565,0.959,ok,,rolling
2026-02-25,property,5050,false,czds_zone,2026-02-25T01:40:41.863873+00:00,,ns_sld_exact,64,4,11386,96796,0.435,ok,,baseline
2026-02-25,protection,99,false,czds_zone,2026-02-25T01:40:42.301383+00:00,,ns_sld_exact,0,6,358,4128,0.182,ok,,baseline
2026-02-25,pub,18755,false,czds_zone,2026-02-25T01:40:42.486154+00:00,,ns_sld_exact,868,244,45701,659803,1.316,ok,,baseline
2026-02-25,pwc,3,false,czds_zone,2026-02-25T01:40:42.646606+00:00,,ns_sld_exact,1,4,12,2235,0.183,ok,,baseline
2026-02-25,qpon,61194,false,czds_zone,2026-02-25T01:40:42.830713+00:00,,ns_sld_exact,216,17,126759,829063,2.011,ok,,baseline
2026-02-25,quebec,7235,false,czds_zone,2026-02-25T01:40:43.804905+00:00,,ns_sld_exact,201,25,18144,1804810,2.01,ok,,baseline
2026-02-25,quest,48440,false,czds_zone,2026-02-25T01:40:44.843064+00:00,,ns_sld_exact,2443,90,110118,1903318,2.961,ok,,baseline
2026-02-25,racing,4308,false,czds_zone,2026-02-25T01:40:45.816210+00:00,,ns_sld_exact,370,23,11127,265469,0.682,ok,,rolling
2026-02-25,radio,2873,false,czds_zone,2026-02-25T01:40:46.499213+00:00,,ns_sld_exact,423,5,8709,803819,1.025,ok,,baseline
2026-02-25,realestate,14666,false,czds_zone,2026-02-25T01:40:47.526369+00:00,,ns_sld_exact,16,31,49330,274817,1.065,ok,,baseline
2026-02-25,realtor,27802,false,czds_zone,2026-02-25T01:40:47.805855+00:00,,ns_sld_exact,2,9,110222,496019,1.804,ok,,baseline
2026-02-25,realty,3067,false,czds_zone,2026-02-25T01:40:48.594935+00:00,,ns_sld_exact,107,11,7185,75403,0.322,ok,,baseline
2026-02-25,recipes,3958,false,czds_zone,2026-02-25T01:40:48.919243+00:00,,ns_sld_exact,243,36,10000,170955,0.509,ok,,baseline
2026-02-25,red,19212,false,czds_zone,2026-02-25T01:40:49.432013+00:00,,ns_sld_exact,1281,590,48395,854362,1.472,ok,,rolling
2026-02-25,redumbrella,2,false,czds_zone,2026-02-25T01:40:49.613254+00:00,,ns_sld_exact,1,4,10,2237,0.174,ok,,baseline
2026-02-25,rehab,2130,false,czds_zone,2026-02-25T01:40:49.789717+00:00,,ns_sld_exact,149,26,5464,100244,0.347,ok,,baseline
2026-02-25,reise,887,false,czds_zone,2026-02-25T01:40:50.139201+00:00,,ns_sld_exact,19,8,2654,27307,0.223,ok,,baseline
2026-02-25,reisen,4063,false,czds_zone,2026-02-25T01:40:50.365535+00:00,,ns_sld_exact,184,43,11546,154211,0.49,ok,,baseline
2026-02-25,reit,80,false,czds_zone,2026-02-25T01:40:50.857721+00:00,,ns_sld_exact,0,4,341,3637,0.176,ok,,baseline
2026-02-25,reliance,1,false,czds_zone,2026-02-25T01:40:50.906644+00:00,,ns_sld_exact,1,4,8,2201,0.172,ok,,baseline
2026-02-25,ren,12290,false,czds_zone,2026-02-25T01:40:51.035430+00:00,,ns_sld_exact,42,38,25688,2554282,2.732,ok,,baseline
2026-02-25,rent,9900,false,czds_zone,2026-02-25T01:40:51.080895+00:00,,ns_sld_exact,447,32,23111,345637,0.881,ok,,baseline
2026-02-25,rentals,12589,false,czds_zone,2026-02-25T01:40:51.963686+00:00,,ns_sld_exact,667,80,30878,486423,1.01,ok,,baseline
2026-02-25,repair,8475,false,czds_zone,2026-02-25T01:40:52.974820+00:00,,ns_sld_exact,415,100,20833,318359,0.641,ok,,baseline
2026-02-25,report,10532,false,czds_zone,2026-02-25T01:40:53.619265+00:00,,ns_sld_exact,928,120,27798,570225,0.905,ok,,baseline
2026-02-25,republican,1100,false,czds_zone,2026-02-25T01:40:53.769956+00:00,,ns_sld_exact,109,11,3182,67916,0.314,ok,,baseline
2026-02-25,rest,75950,false,czds_zone,2026-02-25T01:40:54.086217+00:00,,ns_sld_exact,1624,128,161479,1553896,3.18,ok,,baseline
2026-02-25,restaurant,8207,false,czds_zone,2026-02-25T01:40:54.525597+00:00,,ns_sld_exact,514,98,21323,365750,0.895,ok,,rolling
2026-02-25,review,7323,false,czds_zone,2026-02-25T01:40:55.423015+00:00,,ns_sld_exact,327,50,18713,300562,0.792,ok,,baseline
2026-02-25,reviews,12759,false,czds_zone,2026-02-25T01:40:56.217547+00:00,,ns_sld_exact,485,109,35745,437001,0.998,ok,,baseline
2026-02-25,rexroth,5,false,czds_zone,2026-02-25T01:40:57.217281+00:00,,ns_sld_exact,0,4,16,1853,0.181,ok,,baseline
2026-02-25,rich,311,false,czds_zone,2026-02-25T01:40:57.268612+00:00,,ns_sld_exact,3,4,921,8397,0.173,ok,,rolling
2026-02-25,richardli,1,false,czds_zone,2026-02-25T01:40:57.400204+00:00,,ns_sld_exact,1,4,8,2207,0.173,ok,,baseline
2026-02-25,ricoh,52,false,czds_zone,2026-02-25T01:40:57.445830+00:00,,ns_sld_exact,0,0,181,14161,0.186,ok,,baseline
2026-02-25,ril,1,false,czds_zone,2026-02-25T01:40:57.575829+00:00,,ns_sld_exact,1,4,8,2187,0.168,ok,,baseline
2026-02-25,rio,630,false,czds_zone,2026-02-25T01:40:57.633983+00:00,,ns_sld_exact,73,0,2094,33954,0.235,ok,,rolling
2026-02-25,rip,11777,false,czds_zone,2026-02-25T01:40:57.745642+00:00,,ns_sld_exact,969,138,29590,581055,1.123,ok,,baseline
2026-02-25,rocks,63252,false,czds_zone,2026-02-25T01:40:57.870326+00:00,,ns_sld_exact,3443,1086,162669,2555799,4.066,ok,,baseline
2026-02-25,rogers,4,false,czds_zone,2026-02-25T01:40:58.870513+00:00,,ns_sld_exact,1,4,17,2265,0.173,ok,,baseline
2026-02-25,rsvp,2531,false,czds_zone,2026-02-25T01:40:59.045910+00:00,,ns_sld_exact,426,4,6970,619999,0.902,ok,,baseline
2026-02-25,rugby,485,false,czds_zone,2026-02-25T01:40:59.948794+00:00,,ns_sld_exact,5,16,1705,15360,0.291,ok,,baseline
2026-02-25,ruhr,4356,false,czds_zone,2026-02-25T01:41:00.242683+00:00,,ns_sld_exact,231,17,12788,940127,1.392,ok,,baseline
2026-02-25,run,129793,false,czds_zone,2026-02-25T01:41:01.636638+00:00,,ns_sld_exact,2793,406,277318,2814826,5.303,ok,,baseline
2026-02-25,rwe,2,false,czds_zone,2026-02-25T01:41:01.937106+00:00,,ns_sld_exact,0,6,15,1884,0.263,ok,,baseline
2026-02-25,saarland,3667,false,czds_zone,2026-02-25T01:41:02.201896+00:00,,ns_sld_exact,73,17,10829,102458,0.521,ok,,baseline
2026-02-25,safety,1,false,czds_zone,2026-02-25T01:41:02.725040+00:00,,ns_sld_exact,1,12,12,3610,0.277,ok,,baseline
2026-02-25,sakura,2,false,czds_zone,2026-02-25T01:41:03.008350+00:00,,ns_sld_exact,2,8,12,2690,0.289,ok,,baseline
2026-02-25,sale,13148,false,czds_zone,2026-02-25T01:41:03.300776+00:00,,ns_sld_exact,558,95,33611,464372,1.318,ok,,baseline
2026-02-25,salon,4062,false,czds_zone,2026-02-25T01:41:03.522007+00:00,,ns_sld_exact,318,38,11592,206655,0.804,ok,,baseline
2026-02-25,samsclub,1,false,czds_zone,2026-02-25T01:41:04.330012+00:00,,ns_sld_exact,1,6,12,3560,0.273,ok,,baseline
2026-02-25,samsung,3,false,czds_zone,2026-02-25T01:41:04.606399+00:00,,ns_sld_exact,0,2,12,257,0.266,ok,,baseline
2026-02-25,sandvik,40,false,czds_zone,2026-02-25T01:41:04.620745+00:00,,ns_sld_exact,1,12,168,4449,0.274,ok,,baseline
2026-02-25,sandvikcoromant,29,false,czds_zone,2026-02-25T01:41:04.874561+00:00,,ns_sld_exact,1,12,124,4243,0.272,ok,,baseline
2026-02-25,sanofi,19,false,czds_zone,2026-02-25T01:41:04.897977+00:00,,ns_sld_exact,1,4,80,2610,0.27,ok,,baseline
2026-02-25,sap,32,false,czds_zone,2026-02-25T01:41:05.148770+00:00,,ns_sld_exact,2,0,131,10133,0.27,ok,,baseline
2026-02-25,sarl,1410,false,czds_zone,2026-02-25T01:41:05.169903+00:00,,ns_sld_exact,254,30,3565,130630,0.579,ok,,baseline
2026-02-25,saxo,94,false,czds_zone,2026-02-25T01:41:05.423161+00:00,,ns_sld_exact,1,6,562,4680,0.276,ok,,baseline
2026-02-25,sbi,119,false,czds_zone,2026-02-25T01:41:05.703611+00:00,,ns_sld_exact,111,6,711,48565,0.377,ok,,baseline
2026-02-25,sbs,1343810,false,czds_zone,2026-02-25T01:41:05.751480+00:00,,ns_sld_exact,28876,578,2868586,30833432,61.821,ok,,rolling
2026-02-25,schmidt,35,false,czds_zone,2026-02-25T01:41:06.082636+00:00,,ns_sld_exact,1,12,80,4042,0.272,ok,,baseline
2026-02-25,scholarships,1,false,czds_zone,2026-02-25T01:41:06.358032+00:00,,ns_sld_exact,1,4,8,2211,0.272,ok,,baseline
2026-02-25,school,23318,false,czds_zone,2026-02-25T01:41:06.632647+00:00,,ns_sld_exact,1463,259,60564,1017928,2.223,ok,,baseline
2026-02-25,schule,4620,false,czds_zone,2026-02-25T01:41:06.941894+00:00,,ns_sld_exact,140,35,13378,147040,0.815,ok,,baseline
2026-02-25,schwarz,734,false,czds_zone,2026-02-25T01:41:07.759289+00:00,,ns_sld_exact,2,6,2200,10990,0.291,ok,,baseline
2026-02-25,science,11347,false,czds_zone,2026-02-25T01:41:08.053273+00:00,,ns_sld_exact,1020,53,30422,720164,1.589,ok,,baseline
2026-02-25,search,1,false,czds_zone,2026-02-25T01:41:08.858142+00:00,,ns_sld_exact,0,0,9,1817,0.265,ok,,baseline
2026-02-25,seat,790,false,czds_zone,2026-02-25T01:41:09.126867+00:00,,ns_sld_exact,1,0,4495,201030,0.696,ok,,baseline
2026-02-25,security,833,false,czds_zone,2026-02-25T01:41:09.645458+00:00,,ns_sld_exact,68,6,2404,47799,0.408,ok,,baseline
2026-02-25,seek,8,false,czds_zone,2026-02-25T01:41:09.823372+00:00,,ns_sld_exact,1,12,40,3894,0.272,ok,,baseline
2026-02-25,sener,34,false,czds_zone,2026-02-25T01:41:10.057475+00:00,,ns_sld_exact,0,7,81,2397,0.275,ok,,rolling
2026-02-25,services,88677,false,czds_zone,2026-02-25T01:41:10.099192+00:00,,ns_sld_exact,4650,1169,212373,3392080,6.578,ok,,baseline
2026-02-25,seven,11,false,czds_zone,2026-02-25T01:41:10.333802+00:00,,ns_sld_exact,1,12,34,3761,0.273,ok,,baseline
2026-02-25,sexy,3029,false,czds_zone,2026-02-25T01:41:10.609403+00:00,,ns_sld_exact,113,18,8537,91201,0.616,ok,,baseline
2026-02-25,sfr,14,false,czds_zone,2026-02-25T01:41:11.229371+00:00,,ns_sld_exact,1,4,34,1481,0.263,ok,,baseline
2026-02-25,shangrila,1,false,czds_zone,2026-02-25T01:41:11.495453+00:00,,ns_sld_exact,0,4,8,1807,0.268,ok,,baseline
2026-02-25,sharp,20,false,czds_zone,2026-02-25T01:41:11.765845+00:00,,ns_sld_exact,0,2,45,6387,0.264,ok,,baseline
2026-02-25,shell,55,false,czds_zone,2026-02-25T01:41:12.031314+00:00,,ns_sld_exact,33,9,190,28207,0.348,ok,,baseline
2026-02-25,shia,1,false,czds_zone,2026-02-25T01:41:12.382161+00:00,,ns_sld_exact,1,1,16,4505,0.28,ok,,baseline
2026-02-25,shiksha,613,false,czds_zone,2026-02-25T01:41:12.664660+00:00,,ns_sld_exact,40,16,1490,28626,0.374,ok,,baseline
2026-02-25,shoes,3859,false,czds_zone,2026-02-25T01:41:13.041789+00:00,,ns_sld_exact,195,40,10594,153335,0.777,ok,,baseline
2026-02-25,shopping,7676,false,czds_zone,2026-02-25T01:41:13.820119+00:00,,ns_sld_exact,348,78,20772,286131,1.049,ok,,baseline
2026-02-25,shouji,1,false,czds_zone,2026-02-25T01:41:14.873505+00:00,,ns_sld_exact,1,2,6,3606,0.263,ok,,baseline
2026-02-25,show,17598,false,czds_zone,2026-02-25T01:41:15.141308+00:00,,ns_sld_exact,847,75,43722,646667,1.707,ok,,baseline
2026-02-25,sina,1,false,czds_zone,2026-02-25T01:41:16.679483+00:00,,ns_sld_exact,1,4,8,2191,0.29,ok,,baseline
2026-02-25,singles,2587,false,czds_zone,2026-02-25T01:41:16.848858+00:00,,ns_sld_exact,143,12,6387,105135,0.665,ok,,baseline
2026-02-25,site,1714172,false,czds_zone,2026-02-25T01:41:16.970855+00:00,,ns_sld_exact,37381,6097,3864487,41927065,88.887,ok,,baseline
2026-02-25,ski,6183,false,czds_zone,2026-02-25T01:41:17.515575+00:00,,ns_sld_exact,723,67,16649,411895,1.142,ok,,baseline
2026-02-25,skin,160461,false,czds_zone,2026-02-25T01:41:18.661593+00:00,,ns_sld_exact,2516,68,325787,2955032,7.066,ok,,baseline
2026-02-25,sky,143,false,czds_zone,2026-02-25T01:41:25.732212+00:00,,ns_sld_exact,1,9,804,8901,0.267,ok,,baseline
2026-02-25,skype,6,false,czds_zone,2026-02-25T01:41:26.001551+00:00,,ns_sld_exact,1,9,36,4945,0.271,ok,,rolling
2026-02-25,sling,1,false,czds_zone,2026-02-25T01:41:26.274854+00:00,,ns_sld_exact,1,0,6,1285,0.268,ok,,baseline
2026-02-25,smart,48,false,czds_zone,2026-02-25T01:41:26.545135+00:00,,ns_sld_exact,0,4,173,2454,0.28,ok,,baseline
2026-02-25,sncf,64,false,czds_zone,2026-02-25T01:41:26.828273+00:00,,ns_sld_exact,1,0,312,2984,0.286,ok,,baseline
2026-02-25,soccer,3517,false,czds_zone,2026-02-25T01:41:27.115943+00:00,,ns_sld_exact,235,26,9333,160120,0.749,ok,,baseline
2026-02-25,social,46090,false,czds_zone,2026-02-25T01:41:27.866766+00:00,,ns_sld_exact,3218,450,122422,2139310,4.733,ok,,baseline
2026-02-25,softbank,5,false,czds_zone,2026-02-25T01:41:32.601669+00:00,,ns_sld_exact,0,0,18,3221,0.311,ok,,baseline
2026-02-25,software,24766,false,czds_zone,2026-02-25T01:41:32.914673+00:00,,ns_sld_exact,1958,398,66970,1264538,2.776,ok,,baseline
2026-02-25,sohu,7,false,czds_zone,2026-02-25T01:41:33.996074+00:00,,ns_sld_exact,0,5,50,3429,0.275,ok,,baseline
2026-02-25,solar,9669,false,czds_zone,2026-02-25T01:41:34.278611+00:00,,ns_sld_exact,761,73,25446,482326,1.202,ok,,rolling
2026-02-25,solutions,102475,false,czds_zone,2026-02-25T01:41:35.483445+00:00,,ns_sld_exact,5119,1673,248655,3804345,7.59,ok,,baseline
2026-02-25,sony,10,false,czds_zone,2026-02-25T01:41:35.692575+00:00,,ns_sld_exact,0,0,51,4461,0.306,ok,,baseline
2026-02-25,soy,1901,false,czds_zone,2026-02-25T01:41:36.001042+00:00,,ns_sld_exact,294,13,5682,465565,0.956,ok,,baseline
2026-02-25,space,512987,false,czds_zone,2026-02-25T01:41:36.959001+00:00,,ns_sld_exact,15679,2436,1186743,14580808,31.758,ok,,baseline
2026-02-25,srl,10290,false,czds_zone,2026-02-25T01:41:43.081671+00:00,,ns_sld_exact,176,86,32437,264156,1.185,ok,,baseline
2026-02-25,stada,125,false,czds_zone,2026-02-25T01:41:44.271657+00:00,,ns_sld_exact,1,4,380,3814,0.283,ok,,baseline
2026-02-25,staples,1,false,czds_zone,2026-02-25T01:41:44.559302+00:00,,ns_sld_exact,1,12,12,3611,0.285,ok,,rolling
2026-02-25,star,2,false,czds_zone,2026-02-25T01:41:44.850126+00:00,,ns_sld_exact,1,4,12,2246,0.267,ok,,baseline
2026-02-25,statebank,39,false,czds_zone,2026-02-25T01:41:45.119977+00:00,,ns_sld_exact,38,4,234,17811,0.285,ok,,baseline
2026-02-25,stc,10,false,czds_zone,2026-02-25T01:41:45.406959+00:00,,ns_sld_exact,0,4,43,2092,0.279,ok,,baseline
2026-02-25,stcgroup,1,false,czds_zone,2026-02-25T01:41:45.688840+00:00,,ns_sld_exact,0,4,8,1721,0.266,ok,,baseline
2026-02-25,stockholm,198,false,czds_zone,2026-02-25T01:41:45.957626+00:00,,ns_sld_exact,1,4,432,4855,0.277,ok,,baseline
2026-02-25,storage,614,false,czds_zone,2026-02-25T01:41:46.237164+00:00,,ns_sld_exact,25,4,1740,19435,0.463,ok,,baseline
2026-02-25,store,2084483,false,czds_zone,2026-02-25T01:41:46.703588+00:00,,ns_sld_exact,47919,2547,5062109,53005505,106.585,ok,,baseline
2026-02-25,stream,14016,false,czds_zone,2026-02-25T01:41:58.681374+00:00,,ns_sld_exact,1261,124,34169,865561,2.079,ok,,baseline
2026-02-25,studio,163676,false,czds_zone,2026-02-25T01:42:00.762790+00:00,,ns_sld_exact,14511,1245,447584,8726683,16.343,ok,,baseline
2026-02-25,style,11328,false,czds_zone,2026-02-25T01:42:07.574547+00:00,,ns_sld_exact,556,125,30556,430927,1.3,ok,,baseline
2026-02-25,supplies,2900,false,czds_zone,2026-02-25T01:42:08.718889+00:00,,ns_sld_exact,210,17,7784,142210,0.71,ok,,baseline
2026-02-25,supply,7584,false,czds_zone,2026-02-25T01:42:08.877118+00:00,,ns_sld_exact,711,65,20366,425462,1.059,ok,,rolling
2026-02-25,support,39845,false,czds_zone,2026-02-25T01:42:09.431538+00:00,,ns_sld_exact,2948,514,102093,1932094,4.423,ok,,baseline
2026-02-25,surgery,1657,false,czds_zone,2026-02-25T01:42:09.937780+00:00,,ns_sld_exact,104,14,4416,75777,0.411,ok,,baseline
2026-02-25,swatch,8,false,czds_zone,2026-02-25T01:42:10.351983+00:00,,ns_sld_exact,1,9,44,4935,0.274,ok,,baseline
2026-02-25,swiss,22773,false,czds_zone,2026-02-25T01:42:10.628902+00:00,,ns_sld_exact,4370,79,58751,6502616,8.207,ok,,baseline
2026-02-25,systems,40425,false,czds_zone,2026-02-25T01:42:13.857061+00:00,,ns_sld_exact,3350,1578,109155,2154777,4.142,ok,,baseline
2026-02-25,tab,2,false,czds_zone,2026-02-25T01:42:17.108016+00:00,,ns_sld_exact,1,12,18,3623,0.275,ok,,baseline
2026-02-25,taobao,1,false,czds_zone,2026-02-25T01:42:17.384755+00:00,,ns_sld_exact,1,4,8,2200,0.265,ok,,baseline
2026-02-25,target,147,false,czds_zone,2026-02-25T01:42:17.654883+00:00,,ns_sld_exact,1,12,308,5302,0.286,ok,,baseline
2026-02-25,tatamotors,25,false,czds_zone,2026-02-25T01:42:17.943589+00:00,,ns_sld_exact,0,4,112,2742,0.351,ok,,baseline
2026-02-25,tax,16257,false,czds_zone,2026-02-25T01:42:18.002038+00:00,,ns_sld_exact,867,89,39150,609926,1.643,ok,,baseline
2026-02-25,taxi,6549,false,czds_zone,2026-02-25T01:42:18.301901+00:00,,ns_sld_exact,488,100,16547,318611,1.01,ok,,baseline
2026-02-25,tci,1,false,czds_zone,2026-02-25T01:42:18.838897+00:00,,ns_sld_exact,1,1,16,4506,0.485,ok,,baseline
2026-02-25,tdk,1,false,czds_zone,2026-02-25T01:42:19.318149+00:00,,ns_sld_exact,1,12,12,3599,0.288,ok,,baseline
2026-02-25,team,54608,false,czds_zone,2026-02-25T01:42:19.326106+00:00,,ns_sld_exact,3209,661,139194,2264424,4.737,ok,,baseline
2026-02-25,tech,475218,false,czds_zone,2026-02-25T01:42:19.609305+00:00,,ns_sld_exact,28541,2193,1182002,19645614,36.771,ok,,baseline
2026-02-25,technology,32737,false,czds_zone,2026-02-25T01:42:19.645943+00:00,,ns_sld_exact,2257,529,85743,1525032,3.292,ok,,baseline
2026-02-25,tel,37309,false,czds_zone,2026-02-25T01:42:22.940978+00:00,,ns_sld_exact,437,158,139127,9187664,11.206,ok,,baseline
2026-02-25,temasek,10,false,czds_zone,2026-02-25T01:42:24.063758+00:00,,ns_sld_exact,1,5,39,2489,0.302,ok,,rolling
2026-02-25,tennis,1855,false,czds_zone,2026-02-25T01:42:24.367745+00:00,,ns_sld_exact,149,17,4981,97553,0.456,ok,,baseline
2026-02-25,teva,94,false,czds_zone,2026-02-25T01:42:24.826475+00:00,,ns_sld_exact,1,12,291,4899,0.312,ok,,baseline
2026-02-25,thd,1,false,czds_zone,2026-02-25T01:42:25.140910+00:00,,ns_sld_exact,1,4,8,2184,0.269,ok,,baseline
2026-02-25,theater,1368,false,czds_zone,2026-02-25T01:42:25.412539+00:00,,ns_sld_exact,89,16,3819,65131,0.423,ok,,baseline
2026-02-25,theatre,151,false,czds_zone,2026-02-25T01:42:25.838624+00:00,,ns_sld_exact,6,4,452,7410,0.275,ok,,rolling
2026-02-25,tiaa,1,false,czds_zone,2026-02-25T01:42:26.115999+00:00,,ns_sld_exact,1,6,12,2246,0.263,ok,,baseline
2026-02-25,tickets,1080,false,czds_zone,2026-02-25T01:42:26.381962+00:00,,ns_sld_exact,27,6,3833,36234,0.346,ok,,baseline
2026-02-25,tienda,2301,false,czds_zone,2026-02-25T01:42:26.730854+00:00,,ns_sld_exact,75,56,5829,73830,0.475,ok,,baseline
2026-02-25,tips,20537,false,czds_zone,2026-02-25T01:42:27.208299+00:00,,ns_sld_exact,1084,160,51704,805131,1.9,ok,,baseline
2026-02-25,tires,1243,false,czds_zone,2026-02-25T01:42:29.110611+00:00,,ns_sld_exact,54,12,3015,43757,0.396,ok,,baseline
2026-02-25,tmall,1,false,czds_zone,2026-02-25T01:42:29.509822+00:00,,ns_sld_exact,1,4,8,2189,0.276,ok,,baseline
2026-02-25,today,209377,false,czds_zone,2026-02-25T01:42:29.792054+00:00,,ns_sld_exact,2954,1043,451891,4221843,10.63,ok,,baseline
2026-02-25,tools,26291,false,czds_zone,2026-02-25T01:42:34.149430+00:00,,ns_sld_exact,2130,387,68876,1349207,2.968,ok,,baseline
2026-02-25,toray,86,false,czds_zone,2026-02-25T01:42:37.120063+00:00,,ns_sld_exact,77,0,500,38271,0.268,ok,,baseline
2026-02-25,tours,12319,false,czds_zone,2026-02-25T01:42:37.396609+00:00,,ns_sld_exact,478,147,30858,412462,1.08,ok,,baseline
2026-02-25,town,35458,false,czds_zone,2026-02-25T01:42:38.479382+00:00,,ns_sld_exact,608,125,79510,660756,1.752,ok,,rolling
2026-02-25,toyota,243,false,czds_zone,2026-02-25T01:42:40.233373+00:00,,ns_sld_exact,0,3,920,59479,0.266,ok,,baseline
2026-02-25,toys,5555,false,czds_zone,2026-02-25T01:42:40.424197+00:00,,ns_sld_exact,318,37,14255,224349,0.632,ok,,baseline
2026-02-25,trade,22835,false,czds_zone,2026-02-25T01:42:40.502568+00:00,,ns_sld_exact,1193,108,53392,965452,2.42,ok,,baseline
2026-02-25,trading,5214,false,czds_zone,2026-02-25T01:42:41.058203+00:00,,ns_sld_exact,286,62,12921,205366,0.652,ok,,baseline
2026-02-25,training,22344,false,czds_zone,2026-02-25T01:42:41.712844+00:00,,ns_sld_exact,1333,121,57480,957477,2.501,ok,,baseline
2026-02-25,travel,26455,false,czds_zone,2026-02-25T01:42:42.925319+00:00,,ns_sld_exact,597,362,66883,704133,1.966,ok,,baseline
2026-02-25,travelers,3,false,czds_zone,2026-02-25T01:42:44.220809+00:00,,ns_sld_exact,1,4,12,2235,0.174,ok,,baseline
2026-02-25,travelersinsurance,2,false,czds_zone,2026-02-25T01:42:44.397771+00:00,,ns_sld_exact,1,4,10,2247,0.192,ok,,baseline
2026-02-25,trust,51,false,czds_zone,2026-02-25T01:42:44.592702+00:00,,ns_sld_exact,13,96,110,5686,0.206,ok,,baseline
2026-02-25,trv,2,false,czds_zone,2026-02-25T01:42:44.802993+00:00,,ns_sld_exact,1,4,10,2215,0.201,ok,,baseline
2026-02-25,tube,5334,false,czds_zone,2026-02-25T01:42:44.893449+00:00,,ns_sld_exact,208,93,13072,1334072,1.978,ok,,baseline
2026-02-25,tui,98,false,czds_zone,2026-02-25T01:42:45.005266+00:00,,ns_sld_exact,1,4,323,4854,0.181,ok,,baseline
2026-02-25,tvs,4,false,czds_zone,2026-02-25T01:42:45.187850+00:00,,ns_sld_exact,1,4,17,2259,0.196,ok,,baseline
2026-02-25,ubank,1,false,czds_zone,2026-02-25T01:42:45.386646+00:00,,ns_sld_exact,0,4,8,1795,0.178,ok,,baseline
2026-02-25,ubs,2,false,czds_zone,2026-02-25T01:42:45.566866+00:00,,ns_sld_exact,0,4,10,1814,0.294,ok,,baseline
2026-02-25,unicom,3,false,czds_zone,2026-02-25T01:42:45.860449+00:00,,ns_sld_exact,0,0,18,2366,0.177,ok,,baseline
2026-02-25,university,8062,false,czds_zone,2026-02-25T01:42:45.864552+00:00,,ns_sld_exact,509,145,21305,361030,0.964,ok,,baseline
2026-02-25,uno,37005,false,czds_zone,2026-02-25T01:42:46.040294+00:00,,ns_sld_exact,788,89,80294,855879,1.796,ok,,rolling
2026-02-25,uol,55,false,czds_zone,2026-02-25T01:42:46.831400+00:00,,ns_sld_exact,1,3,173,2120,0.178,ok,,rolling
2026-02-25,ups,2,false,czds_zone,2026-02-25T01:42:46.874598+00:00,,ns_sld_exact,1,4,10,2211,0.182,ok,,baseline
2026-02-25,vacations,4893,false,czds_zone,2026-02-25T01:42:47.012222+00:00,,ns_sld_exact,174,23,12054,150974,0.508,ok,,baseline
2026-02-25,vana,46,false,czds_zone,2026-02-25T01:42:47.058719+00:00,,ns_sld_exact,13,0,140,5900,0.181,ok,,baseline
2026-02-25,vanguard,18,false,czds_zone,2026-02-25T01:42:47.241887+00:00,,ns_sld_exact,0,4,110,2313,0.182,ok,,baseline
2026-02-25,vegas,11395,false,czds_zone,2026-02-25T01:42:47.429978+00:00,,ns_sld_exact,166,32,26627,241229,0.869,ok,,baseline
2026-02-25,ventures,23033,false,czds_zone,2026-02-25T01:42:47.522680+00:00,,ns_sld_exact,1676,109,57654,1055546,2.166,ok,,baseline
2026-02-25,vet,10951,false,czds_zone,2026-02-25T01:42:47.839096+00:00,,ns_sld_exact,862,88,29302,551448,1.245,ok,,baseline
2026-02-25,viajes,691,false,czds_zone,2026-02-25T01:42:48.301351+00:00,,ns_sld_exact,30,23,1870,28192,0.236,ok,,baseline
2026-02-25,video,24331,false,czds_zone,2026-02-25T01:42:48.539075+00:00,,ns_sld_exact,1766,263,62467,1151696,2.403,ok,,baseline
2026-02-25,vig,39,false,czds_zone,2026-02-25T01:42:49.086187+00:00,,ns_sld_exact,1,4,120,2994,0.206,ok,,baseline
2026-02-25,viking,1,false,czds_zone,2026-02-25T01:42:49.294498+00:00,,ns_sld_exact,1,4,8,2197,0.191,ok,,baseline
2026-02-25,villas,7440,false,czds_zone,2026-02-25T01:42:49.489449+00:00,,ns_sld_exact,92,38,15952,120609,0.482,ok,,baseline
2026-02-25,vin,10107,false,czds_zone,2026-02-25T01:42:49.691146+00:00,,ns_sld_exact,660,45,24069,428760,1.002,ok,,rolling
2026-02-25,virgin,1,false,czds_zone,2026-02-25T01:42:49.973943+00:00,,ns_sld_exact,1,9,16,4699,0.19,ok,,rolling
2026-02-25,visa,1,false,czds_zone,2026-02-25T01:42:50.166988+00:00,,ns_sld_exact,1,6,12,2244,0.187,ok,,baseline
2026-02-25,vision,11265,false,czds_zone,2026-02-25T01:42:50.355294+00:00,,ns_sld_exact,880,102,30389,568129,1.277,ok,,baseline
2026-02-25,viva,1,false,czds_zone,2026-02-25T01:42:50.697244+00:00,,ns_sld_exact,0,4,8,1706,0.194,ok,,baseline
2026-02-25,vlaanderen,5158,false,czds_zone,2026-02-25T01:42:50.892547+00:00,,ns_sld_exact,1473,43,15186,520118,1.127,ok,,baseline
2026-02-25,volvo,4,false,czds_zone,2026-02-25T01:42:50.943958+00:00,,ns_sld_exact,0,4,20,1867,0.179,ok,,baseline
2026-02-25,vote,6015,false,czds_zone,2026-02-25T01:42:51.124517+00:00,,ns_sld_exact,322,32,14398,230066,0.674,ok,,baseline
2026-02-25,voto,743,false,czds_zone,2026-02-25T01:42:51.635312+00:00,,ns_sld_exact,30,14,1720,25542,0.216,ok,,baseline
2026-02-25,voyage,3069,false,czds_zone,2026-02-25T01:42:51.800172+00:00,,ns_sld_exact,197,17,8432,138639,0.49,ok,,baseline
2026-02-25,wales,12954,false,czds_zone,2026-02-25T01:42:51.853813+00:00,,ns_sld_exact,270,64,34087,432179,1.026,ok,,baseline
2026-02-25,walmart,1,false,czds_zone,2026-02-25T01:42:52.024686+00:00,,ns_sld_exact,1,6,12,3552,0.187,ok,,baseline
2026-02-25,walter,26,false,czds_zone,2026-02-25T01:42:52.214018+00:00,,ns_sld_exact,1,12,111,4159,0.188,ok,,baseline
2026-02-25,wang,40778,false,czds_zone,2026-02-25T01:42:52.292735+00:00,,ns_sld_exact,145,147,93224,8321473,10.733,ok,,baseline
2026-02-25,watch,20412,false,czds_zone,2026-02-25T01:42:52.404051+00:00,,ns_sld_exact,933,114,46663,714072,1.469,ok,,baseline
2026-02-25,watches,337,false,czds_zone,2026-02-25T01:42:52.885904+00:00,,ns_sld_exact,18,5,1059,15887,0.211,ok,,rolling
2026-02-25,webcam,2073,false,czds_zone,2026-02-25T01:42:53.098927+00:00,,ns_sld_exact,88,38,5770,88138,0.35,ok,,baseline
2026-02-25,website,220828,false,czds_zone,2026-02-25T01:42:53.450981+00:00,,ns_sld_exact,8931,1316,517113,7303039,14.449,ok,,baseline
2026-02-25,wed,21,false,czds_zone,2026-02-25T01:42:53.874278+00:00,,ns_sld_exact,1,0,72,4344,0.178,ok,,rolling
2026-02-25,weibo,1,false,czds_zone,2026-02-25T01:42:54.054480+00:00,,ns_sld_exact,1,4,8,2199,0.176,ok,,baseline
2026-02-25,weir,191,false,czds_zone,2026-02-25T01:42:54.232818+00:00,,ns_sld_exact,0,4,410,4028,0.186,ok,,baseline
2026-02-25,whoswho,909,false,czds_zone,2026-02-25T01:42:54.420686+00:00,,ns_sld_exact,44,5,2756,227236,0.549,ok,,baseline
2026-02-25,wien,15000,false,czds_zone,2026-02-25T01:42:54.970599+00:00,,ns_sld_exact,361,27,43894,412839,1.203,ok,,baseline
2026-02-25,win,106960,false,czds_zone,2026-02-25T01:42:56.176216+00:00,,ns_sld_exact,5724,316,234781,4350942,7.917,ok,,baseline
2026-02-25,windows,22,false,czds_zone,2026-02-25T01:42:56.385502+00:00,,ns_sld_exact,1,9,100,5323,0.213,ok,,baseline
2026-02-25,wine,17319,false,czds_zone,2026-02-25T01:42:56.599308+00:00,,ns_sld_exact,1144,125,44447,773439,1.773,ok,,baseline
2026-02-25,wme,7,false,czds_zone,2026-02-25T01:42:58.373409+00:00,,ns_sld_exact,0,4,32,1847,0.186,ok,,rolling
2026-02-25,woodside,22,false,czds_zone,2026-02-25T01:42:58.561982+00:00,,ns_sld_exact,1,12,95,4520,0.183,ok,,baseline
2026-02-25,works,33642,false,czds_zone,2026-02-25T01:42:58.747545+00:00,,ns_sld_exact,2744,512,91862,1736130,3.446,ok,,baseline
2026-02-25,world,388219,false,czds_zone,2026-02-25T01:43:02.194361+00:00,,ns_sld_exact,12922,2686,942446,11668847,24.153,ok,,baseline
2026-02-25,wtf,36821,false,czds_zone,2026-02-25T01:43:03.028103+00:00,,ns_sld_exact,3459,86415,90452,2472554,5.318,ok,,rolling
2026-02-25,xbox,24,false,czds_zone,2026-02-25T01:43:04.095863+00:00,,ns_sld_exact,1,9,108,5418,0.183,ok,,baseline
2026-02-25,xihuan,1,false,czds_zone,2026-02-25T01:43:04.283572+00:00,,ns_sld_exact,1,2,6,3079,0.19,ok,,baseline
2026-02-25,xin,61669,false,czds_zone,2026-02-25T01:43:04.476175+00:00,,ns_sld_exact,58,125,125293,726448,2.142,ok,,baseline
2026-02-25,xn--30rr7y,1,false,czds_zone,2026-02-25T01:43:06.620579+00:00,,ns_sld_exact,0,0,12,2110,0.209,ok,,baseline
2026-02-25,xn--45q11c,39,false,czds_zone,2026-02-25T01:43:06.831832+00:00,,ns_sld_exact,0,0,158,10349,0.235,ok,,baseline
2026-02-25,xn--4gbrim,77,false,czds_zone,2026-02-25T01:43:07.069173+00:00,,ns_sld_exact,2,4,260,4484,0.195,ok,,baseline
2026-02-25,xn--55qw42g,1,false,czds_zone,2026-02-25T01:43:07.266276+00:00,,ns_sld_exact,1,0,10,3062,0.188,ok,,baseline
2026-02-25,xn--55qx5d,21189,false,czds_zone,2026-02-25T01:43:07.457153+00:00,,ns_sld_exact,2,0,47089,351897,1.123,ok,,baseline
2026-02-25,xn--5su34j936bgsg,1,false,czds_zone,2026-02-25T01:43:07.902194+00:00,,ns_sld_exact,1,6,12,2274,0.219,ok,,baseline
2026-02-25,xn--5tzm5g,2507,false,czds_zone,2026-02-25T01:43:08.123248+00:00,,ns_sld_exact,11,4,5716,54033,0.366,ok,,baseline
2026-02-25,xn--6frz82g,2519,false,czds_zone,2026-02-25T01:43:08.348087+00:00,,ns_sld_exact,17,27,5750,52170,0.303,ok,,baseline
2026-02-25,xn--80asehdb,1986,false,czds_zone,2026-02-25T01:43:08.490958+00:00,,ns_sld_exact,4,10,5085,429410,0.708,ok,,baseline
2026-02-25,xn--80aswg,1642,false,czds_zone,2026-02-25T01:43:08.582379+00:00,,ns_sld_exact,5,2,4221,393472,0.646,ok,,baseline
2026-02-25,xn--8y0a063a,3,false,czds_zone,2026-02-25T01:43:08.652676+00:00,,ns_sld_exact,0,0,18,2378,0.186,ok,,baseline
2026-02-25,xn--9et52u,1,false,czds_zone,2026-02-25T01:43:08.841927+00:00,,ns_sld_exact,0,0,12,2114,0.179,ok,,baseline
2026-02-25,xn--9krt00a,1,false,czds_zone,2026-02-25T01:43:09.024042+00:00,,ns_sld_exact,1,4,8,2206,0.191,ok,,baseline
2026-02-25,xn--b4w605ferd,1,false,czds_zone,2026-02-25T01:43:09.201888+00:00,,ns_sld_exact,1,4,8,2218,0.176,ok,,baseline
2026-02-25,xn--c1avg,774,false,czds_zone,2026-02-25T01:43:09.220039+00:00,,ns_sld_exact,4,11,2020,17517,0.221,ok,,baseline
2026-02-25,xn--cg4bki,1,false,czds_zone,2026-02-25T01:43:09.230980+00:00,,ns_sld_exact,0,0,9,163,0.184,ok,,baseline
2026-02-25,xn--czrs0t,1224,false,czds_zone,2026-02-25T01:43:09.379434+00:00,,ns_sld_exact,2,6,3169,22784,0.228,ok,,baseline
2026-02-25,xn--fiq64b,170,false,czds_zone,2026-02-25T01:43:09.417695+00:00,,ns_sld_exact,0,0,556,37461,0.279,ok,,baseline
2026-02-25,xn--fjq720a,219,false,czds_zone,2026-02-25T01:43:09.442503+00:00,,ns_sld_exact,1,6,626,6783,0.186,ok,,baseline
2026-02-25,xn--flw351e,1,false,czds_zone,2026-02-25T01:43:09.609453+00:00,,ns_sld_exact,0,0,9,1826,0.175,ok,,baseline
2026-02-25,xn--fzys8d69uvgm,1,false,czds_zone,2026-02-25T01:43:09.630289+00:00,,ns_sld_exact,1,4,8,2213,0.2,ok,,baseline
2026-02-25,xn--i1b6b1a6a2e,423,false,czds_zone,2026-02-25T01:43:09.699298+00:00,,ns_sld_exact,4,4,929,10134,0.204,ok,,baseline
2026-02-25,xn--imr513n,147,false,czds_zone,2026-02-25T01:43:09.786382+00:00,,ns_sld_exact,0,0,365,32395,0.242,ok,,rolling
2026-02-25,xn--io0a7i,15385,false,czds_zone,2026-02-25T01:43:09.836788+00:00,,ns_sld_exact,1,0,34720,259133,0.93,ok,,baseline
2026-02-25,xn--kcrx77d1x4a,10,false,czds_zone,2026-02-25T01:43:09.907338+00:00,,ns_sld_exact,1,12,39,3817,0.197,ok,,baseline
2026-02-25,xn--mgba3a3ejt,1,false,czds_zone,2026-02-25T01:43:10.031831+00:00,,ns_sld_exact,1,8,12,3571,0.187,ok,,baseline
2026-02-25,xn--mgbab2bd,591,false,czds_zone,2026-02-25T01:43:10.105098+00:00,,ns_sld_exact,8,0,1307,145019,0.436,ok,,baseline
2026-02-25,xn--mgbt3dhd,1,false,czds_zone,2026-02-25T01:43:10.221893+00:00,,ns_sld_exact,1,1,16,4525,0.211,ok,,baseline
2026-02-25,xn--ngbe9e0a,26,false,czds_zone,2026-02-25T01:43:10.435581+00:00,,ns_sld_exact,0,4,131,2866,0.182,ok,,baseline
2026-02-25,xn--ngbrx,1,false,czds_zone,2026-02-25T01:43:10.543323+00:00,,ns_sld_exact,1,5,8,4327,0.176,ok,,baseline
2026-02-25,xn--nqv7f,402,false,czds_zone,2026-02-25T01:43:10.621801+00:00,,ns_sld_exact,6,7,1000,13006,0.556,ok,,baseline
2026-02-25,xn--nqv7fs00ema,1,false,czds_zone,2026-02-25T01:43:10.721857+00:00,,ns_sld_exact,1,4,8,2212,0.177,ok,,baseline
2026-02-25,xn--nyqy26a,17,false,czds_zone,2026-02-25T01:43:10.769712+00:00,,ns_sld_exact,1,2,56,4027,0.185,ok,,baseline
2026-02-25,xn--otu796d,65,false,czds_zone,2026-02-25T01:43:10.900320+00:00,,ns_sld_exact,0,0,201,15569,0.194,ok,,baseline
2026-02-25,xn--q9jyb4c,1693,false,czds_zone,2026-02-25T01:43:10.956647+00:00,,ns_sld_exact,37,1,4716,364533,0.714,ok,,baseline
2026-02-25,xn--qcka1pmc,1,false,czds_zone,2026-02-25T01:43:11.096222+00:00,,ns_sld_exact,0,0,9,1830,0.194,ok,,baseline
2026-02-25,xn--rhqv96g,399,false,czds_zone,2026-02-25T01:43:11.180970+00:00,,ns_sld_exact,3,2,1131,13101,0.195,ok,,baseline
2026-02-25,xn--unup4y,265,false,czds_zone,2026-02-25T01:43:11.292446+00:00,,ns_sld_exact,1,6,839,7995,0.21,ok,,baseline
2026-02-25,xn--vermgensberater-ctb,2,false,czds_zone,2026-02-25T01:43:11.378262+00:00,,ns_sld_exact,1,4,7,2197,0.182,ok,,baseline
2026-02-25,xn--vermgensberatung-pwb,3,false,czds_zone,2026-02-25T01:43:11.504730+00:00,,ns_sld_exact,1,4,11,2249,0.187,ok,,baseline
2026-02-25,xn--vhquv,2733,false,czds_zone,2026-02-25T01:43:11.562533+00:00,,ns_sld_exact,0,6,6382,42054,0.296,ok,,baseline
2026-02-25,xn--w4r85el8fhu5dnra,1,false,czds_zone,2026-02-25T01:43:11.673657+00:00,,ns_sld_exact,1,6,12,2285,0.186,ok,,baseline
2026-02-25,xn--w4rs40l,1,false,czds_zone,2026-02-25T01:43:11.693656+00:00,,ns_sld_exact,1,6,12,2269,0.193,ok,,baseline
2026-02-25,xn--zfr164b,1,false,czds_zone,2026-02-25T01:43:11.860801+00:00,,ns_sld_exact,1,0,10,3067,0.973,ok,,baseline
2026-02-25,xyz,8067011,false,czds_zone,2026-02-25T01:43:11.863828+00:00,,ns_sld_exact,106341,8303,20233813,146378071,114.448,ok,,core
2026-02-25,yachts,87195,false,czds_zone,2026-02-25T01:43:11.889034+00:00,,ns_sld_exact,1710,19,178453,1641942,4.552,ok,,baseline
2026-02-25,yahoo,5,false,czds_zone,2026-02-25T01:43:12.836134+00:00,,ns_sld_exact,1,12,32,2446,0.193,ok,,baseline
2026-02-25,yandex,112,false,czds_zone,2026-02-25T01:43:13.031745+00:00,,ns_sld_exact,1,0,235,2457,0.197,ok,,baseline
2026-02-25,youtube,25,false,czds_zone,2026-02-25T01:43:13.233567+00:00,,ns_sld_exact,1,0,105,7205,0.183,ok,,baseline
2026-02-25,yun,1756,false,czds_zone,2026-02-25T01:43:13.418714+00:00,,ns_sld_exact,1,2,3582,19112,0.219,ok,,baseline
2026-02-25,zara,4,false,czds_zone,2026-02-25T01:43:13.641314+00:00,,ns_sld_exact,1,4,27,2314,0.194,ok,,baseline
2026-02-25,zip,13856,false,czds_zone,2026-02-25T01:43:13.838083+00:00,,ns_sld_exact,3455,90,39760,3619536,5.613,ok,,baseline
2026-02-25,zone,59575,false,czds_zone,2026-02-25T01:43:16.443872+00:00,,ns_sld_exact,2071,1098,204440,2088774,5.181,ok,,baseline
2026-02-25,zuerich,1274,false,czds_zone,2026-02-25T01:43:19.455482+00:00,,ns_sld_exact,132,4,3572,77483,0.361,ok,,baseline
