date_utc,tld,count,is_estimate,source,fetched_at_utc,notes,count_mode,count_ds_sld,count_glue_hosts,count_ns_rr,bytes_downloaded,fetch_seconds,status,error,cadence
2026-03-01,aaa,3,false,czds_zone,2026-03-01T08:06:57.621992+00:00,,ns_sld_exact,1,12,23,4104,0.143,ok,,baseline
2026-03-01,aarp,4,false,czds_zone,2026-03-01T08:06:57.623053+00:00,,ns_sld_exact,1,7,24,3593,0.141,ok,,baseline
2026-03-01,abb,33,false,czds_zone,2026-03-01T08:06:57.623944+00:00,,ns_sld_exact,1,4,92,2855,0.145,ok,,rolling
2026-03-01,abbvie,37,false,czds_zone,2026-03-01T08:06:57.765356+00:00,,ns_sld_exact,1,9,160,5487,0.1,ok,,baseline
2026-03-01,abc,21,false,czds_zone,2026-03-01T08:06:57.766406+00:00,,ns_sld_exact,0,6,64,2270,0.119,ok,,baseline
2026-03-01,able,4,false,czds_zone,2026-03-01T08:06:57.769959+00:00,,ns_sld_exact,1,12,24,3752,0.115,ok,,baseline
2026-03-01,abogado,703,false,czds_zone,2026-03-01T08:06:57.865729+00:00,,ns_sld_exact,47,18,2002,38834,0.1,ok,,baseline
2026-03-01,abudhabi,916,false,czds_zone,2026-03-01T08:06:57.886291+00:00,,ns_sld_exact,1,6,2738,233879,0.167,ok,,baseline
2026-03-01,academy,69654,false,czds_zone,2026-03-01T08:06:57.887697+00:00,,ns_sld_exact,4510,800,170963,3022547,1.526,ok,,baseline
2026-03-01,accenture,1,false,czds_zone,2026-03-01T08:06:57.965906+00:00,,ns_sld_exact,1,6,12,2278,0.08,ok,,baseline
2026-03-01,accountant,1303,false,czds_zone,2026-03-01T08:06:58.046276+00:00,,ns_sld_exact,116,12,3520,86248,0.187,ok,,baseline
2026-03-01,accountants,1712,false,czds_zone,2026-03-01T08:06:58.053773+00:00,,ns_sld_exact,113,14,4377,78169,0.149,ok,,baseline
2026-03-01,aco,368,false,czds_zone,2026-03-01T08:06:58.203764+00:00,,ns_sld_exact,1,0,1815,81505,0.159,ok,,rolling
2026-03-01,actor,3143,false,czds_zone,2026-03-01T08:06:58.236895+00:00,,ns_sld_exact,224,22,7960,148635,0.225,ok,,baseline
2026-03-01,ads,2,false,czds_zone,2026-03-01T08:06:58.364441+00:00,,ns_sld_exact,0,0,13,2026,0.124,ok,,baseline
2026-03-01,adult,6282,false,czds_zone,2026-03-01T08:06:58.465178+00:00,,ns_sld_exact,145,12,18426,196835,0.264,ok,,baseline
2026-03-01,aeg,6,false,czds_zone,2026-03-01T08:06:58.490452+00:00,,ns_sld_exact,1,6,34,2372,0.102,ok,,baseline
2026-03-01,aero,13145,false,czds_zone,2026-03-01T08:06:58.593358+00:00,,ns_sld_exact,200,641,35310,320225,0.44,ok,,baseline
2026-03-01,aetna,7,false,czds_zone,2026-03-01T08:06:58.730475+00:00,,ns_sld_exact,1,12,48,3799,0.104,ok,,baseline
2026-03-01,afl,148,false,czds_zone,2026-03-01T08:06:58.836008+00:00,,ns_sld_exact,1,12,444,7178,0.112,ok,,baseline
2026-03-01,agakhan,1,false,czds_zone,2026-03-01T08:06:58.948749+00:00,,ns_sld_exact,1,4,8,2208,0.117,ok,,baseline
2026-03-01,agency,121998,false,czds_zone,2026-03-01T08:06:59.034804+00:00,,ns_sld_exact,7458,1600,289051,4951207,2.394,ok,,baseline
2026-03-01,aig,51,false,czds_zone,2026-03-01T08:06:59.067071+00:00,,ns_sld_exact,1,12,135,4353,0.098,ok,,baseline
2026-03-01,airbus,48,false,czds_zone,2026-03-01T08:06:59.166511+00:00,,ns_sld_exact,1,6,106,2767,0.112,ok,,baseline
2026-03-01,airforce,783,false,czds_zone,2026-03-01T08:06:59.279588+00:00,,ns_sld_exact,95,20,2107,55889,0.16,ok,,baseline
2026-03-01,akdn,3,false,czds_zone,2026-03-01T08:06:59.416488+00:00,,ns_sld_exact,1,4,12,2229,0.108,ok,,baseline
2026-03-01,alibaba,10,false,czds_zone,2026-03-01T08:06:59.441091+00:00,,ns_sld_exact,1,4,26,2332,0.11,ok,,baseline
2026-03-01,alipay,1,false,czds_zone,2026-03-01T08:06:59.525060+00:00,,ns_sld_exact,1,4,8,2194,0.099,ok,,baseline
2026-03-01,allfinanz,1769,false,czds_zone,2026-03-01T08:06:59.552064+00:00,,ns_sld_exact,1,4,6061,34377,0.165,ok,,baseline
2026-03-01,allstate,21,false,czds_zone,2026-03-01T08:06:59.625583+00:00,,ns_sld_exact,1,4,48,2451,0.107,ok,,baseline
2026-03-01,ally,24,false,czds_zone,2026-03-01T08:06:59.717631+00:00,,ns_sld_exact,1,12,64,4111,0.101,ok,,baseline
2026-03-01,alsace,2333,false,czds_zone,2026-03-01T08:06:59.733878+00:00,,ns_sld_exact,603,6,5725,212890,0.231,ok,,baseline
2026-03-01,americanexpress,4,false,czds_zone,2026-03-01T08:06:59.819458+00:00,,ns_sld_exact,1,12,18,3675,0.103,ok,,baseline
2026-03-01,americanfamily,1,false,czds_zone,2026-03-01T08:06:59.926588+00:00,,ns_sld_exact,1,7,12,3530,0.104,ok,,baseline
2026-03-01,amex,9,false,czds_zone,2026-03-01T08:06:59.966779+00:00,,ns_sld_exact,1,12,52,3840,0.098,ok,,baseline
2026-03-01,amfam,9,false,czds_zone,2026-03-01T08:07:00.031512+00:00,,ns_sld_exact,1,7,44,3711,0.109,ok,,baseline
2026-03-01,amsterdam,18232,false,czds_zone,2026-03-01T08:07:00.065897+00:00,,ns_sld_exact,2643,6,42605,3016599,1.083,ok,,baseline
2026-03-01,android,4,false,czds_zone,2026-03-01T08:07:00.142099+00:00,,ns_sld_exact,0,0,21,2488,0.101,ok,,rolling
2026-03-01,anquan,2,false,czds_zone,2026-03-01T08:07:00.244273+00:00,,ns_sld_exact,1,2,8,3638,0.118,ok,,baseline
2026-03-01,anz,41,false,czds_zone,2026-03-01T08:07:00.363350+00:00,,ns_sld_exact,4,12,150,5847,0.131,ok,,baseline
2026-03-01,aol,1,false,czds_zone,2026-03-01T08:07:00.495377+00:00,,ns_sld_exact,0,4,8,1796,0.129,ok,,baseline
2026-03-01,apartments,4300,false,czds_zone,2026-03-01T08:07:00.627567+00:00,,ns_sld_exact,166,16,11110,147951,0.277,ok,,baseline
2026-03-01,app,1094857,false,czds_zone,2026-03-01T08:07:00.905490+00:00,,ns_sld_exact,92056,3139,2718057,242790948,70.844,ok,,core
2026-03-01,apple,69,false,czds_zone,2026-03-01T08:07:01.153973+00:00,,ns_sld_exact,1,9,277,4520,0.119,ok,,baseline
2026-03-01,aquarelle,49,false,czds_zone,2026-03-01T08:07:01.273870+00:00,,ns_sld_exact,1,4,226,7298,0.126,ok,,rolling
2026-03-01,arab,1,false,czds_zone,2026-03-01T08:07:01.401184+00:00,,ns_sld_exact,1,4,8,2539,0.126,ok,,baseline
2026-03-01,aramco,1,false,czds_zone,2026-03-01T08:07:01.430070+00:00,,ns_sld_exact,1,8,12,3554,0.108,ok,,baseline
2026-03-01,archi,3725,false,czds_zone,2026-03-01T08:07:01.528184+00:00,,ns_sld_exact,713,17,9324,348974,0.19,ok,,baseline
2026-03-01,army,5139,false,czds_zone,2026-03-01T08:07:01.538784+00:00,,ns_sld_exact,457,72,12670,271431,0.232,ok,,baseline
2026-03-01,art,284945,false,czds_zone,2026-03-01T08:07:01.719003+00:00,,ns_sld_exact,22214,676,723748,13960001,7.406,ok,,baseline
2026-03-01,arte,14,false,czds_zone,2026-03-01T08:07:01.772478+00:00,,ns_sld_exact,1,6,38,2413,0.11,ok,,baseline
2026-03-01,asia,518376,false,czds_zone,2026-03-01T08:07:01.883599+00:00,,ns_sld_exact,13682,4154,1474301,13588945,12.091,ok,,baseline
2026-03-01,associates,3796,false,czds_zone,2026-03-01T08:07:09.125927+00:00,,ns_sld_exact,303,43,10059,195956,0.274,ok,,baseline
2026-03-01,athleta,1,false,czds_zone,2026-03-01T08:07:09.401514+00:00,,ns_sld_exact,1,12,12,3612,0.101,ok,,rolling
2026-03-01,attorney,4602,false,czds_zone,2026-03-01T08:07:09.503678+00:00,,ns_sld_exact,190,34,11642,160075,0.266,ok,,baseline
2026-03-01,auction,9758,false,czds_zone,2026-03-01T08:07:09.770898+00:00,,ns_sld_exact,335,45,22658,283317,0.332,ok,,baseline
2026-03-01,audi,1669,false,czds_zone,2026-03-01T08:07:10.104187+00:00,,ns_sld_exact,1,4,3375,21448,0.138,ok,,baseline
2026-03-01,audio,5123,false,czds_zone,2026-03-01T08:07:10.243610+00:00,,ns_sld_exact,378,31,13868,586449,0.374,ok,,baseline
2026-03-01,auspost,116,false,czds_zone,2026-03-01T08:07:10.618445+00:00,,ns_sld_exact,1,16,328,6232,0.115,ok,,baseline
2026-03-01,auto,512,false,czds_zone,2026-03-01T08:07:10.734097+00:00,,ns_sld_exact,10,7,1512,55721,0.133,ok,,baseline
2026-03-01,autos,239754,false,czds_zone,2026-03-01T08:07:10.868552+00:00,,ns_sld_exact,5316,73,499669,4918670,4.453,ok,,baseline
2026-03-01,axa,71,false,czds_zone,2026-03-01T08:07:13.976209+00:00,,ns_sld_exact,1,12,327,5259,0.115,ok,,baseline
2026-03-01,azure,83,false,czds_zone,2026-03-01T08:07:14.092232+00:00,,ns_sld_exact,1,9,728,8356,0.123,ok,,baseline
2026-03-01,baby,47684,false,czds_zone,2026-03-01T08:07:14.216437+00:00,,ns_sld_exact,2664,281,100762,1737184,1.086,ok,,baseline
2026-03-01,baidu,1,false,czds_zone,2026-03-01T08:07:15.303924+00:00,,ns_sld_exact,0,0,12,1975,0.123,ok,,baseline
2026-03-01,banamex,1,false,czds_zone,2026-03-01T08:07:15.322652+00:00,,ns_sld_exact,1,12,12,3616,0.095,ok,,baseline
2026-03-01,band,19096,false,czds_zone,2026-03-01T08:07:15.418946+00:00,,ns_sld_exact,1524,144,53735,990329,0.607,ok,,baseline
2026-03-01,bar,37860,false,czds_zone,2026-03-01T08:07:15.427997+00:00,,ns_sld_exact,1289,123,91402,985347,0.826,ok,,baseline
2026-03-01,barcelona,4595,false,czds_zone,2026-03-01T08:07:16.039834+00:00,,ns_sld_exact,378,27,13503,1214690,0.421,ok,,baseline
2026-03-01,barclaycard,28,false,czds_zone,2026-03-01T08:07:16.254900+00:00,,ns_sld_exact,6,4,144,5210,0.124,ok,,baseline
2026-03-01,barclays,139,false,czds_zone,2026-03-01T08:07:16.380315+00:00,,ns_sld_exact,27,4,740,17517,0.111,ok,,baseline
2026-03-01,barefoot,1,false,czds_zone,2026-03-01T08:07:16.462335+00:00,,ns_sld_exact,1,4,8,2214,0.1,ok,,baseline
2026-03-01,bargains,1841,false,czds_zone,2026-03-01T08:07:16.492600+00:00,,ns_sld_exact,65,16,5162,63655,0.142,ok,,baseline
2026-03-01,baseball,1,false,czds_zone,2026-03-01T08:07:16.563460+00:00,,ns_sld_exact,1,12,12,3620,0.103,ok,,baseline
2026-03-01,basketball,655,false,czds_zone,2026-03-01T08:07:16.635917+00:00,,ns_sld_exact,10,23,2091,29182,0.109,ok,,baseline
2026-03-01,bauhaus,39,false,czds_zone,2026-03-01T08:07:16.667399+00:00,,ns_sld_exact,1,0,138,11503,0.098,ok,,baseline
2026-03-01,bayern,28046,false,czds_zone,2026-03-01T08:07:16.745919+00:00,,ns_sld_exact,386,34,89679,6868926,1.536,ok,,baseline
2026-03-01,bbc,6,false,czds_zone,2026-03-01T08:07:16.766685+00:00,,ns_sld_exact,1,9,30,4846,0.113,ok,,baseline
2026-03-01,bbt,1,false,czds_zone,2026-03-01T08:07:16.880820+00:00,,ns_sld_exact,0,4,8,1792,0.094,ok,,baseline
2026-03-01,bbva,13,false,czds_zone,2026-03-01T08:07:16.975329+00:00,,ns_sld_exact,1,9,94,5173,0.098,ok,,baseline
2026-03-01,bcg,2,false,czds_zone,2026-03-01T08:07:17.074870+00:00,,ns_sld_exact,1,4,10,2213,0.107,ok,,baseline
2026-03-01,bcn,3,false,czds_zone,2026-03-01T08:07:17.183738+00:00,,ns_sld_exact,1,0,14,2806,0.109,ok,,baseline
2026-03-01,beats,3,false,czds_zone,2026-03-01T08:07:17.293860+00:00,,ns_sld_exact,1,4,16,1439,0.118,ok,,baseline
2026-03-01,beauty,75911,false,czds_zone,2026-03-01T08:07:17.412808+00:00,,ns_sld_exact,2224,70,160883,2109474,1.508,ok,,rolling
2026-03-01,beer,104590,false,czds_zone,2026-03-01T08:07:18.283125+00:00,,ns_sld_exact,9330,51,216455,5761575,2.846,ok,,baseline
2026-03-01,berlin,43333,false,czds_zone,2026-03-01T08:07:18.926668+00:00,,ns_sld_exact,533,58,122160,1009149,1.23,ok,,baseline
2026-03-01,best,34017,false,czds_zone,2026-03-01T08:07:20.157943+00:00,,ns_sld_exact,3150,310,77106,1835803,1.084,ok,,baseline
2026-03-01,bestbuy,1,false,czds_zone,2026-03-01T08:07:21.130769+00:00,,ns_sld_exact,1,4,8,2204,0.123,ok,,baseline
2026-03-01,bet,117525,false,czds_zone,2026-03-01T08:07:21.243544+00:00,,ns_sld_exact,1812,515,257568,2338663,2.258,ok,,rolling
2026-03-01,bharti,1,false,czds_zone,2026-03-01T08:07:21.255076+00:00,,ns_sld_exact,1,6,12,3718,0.094,ok,,baseline
2026-03-01,bible,1354,false,czds_zone,2026-03-01T08:07:21.350523+00:00,,ns_sld_exact,242,22,4064,144829,0.424,ok,,baseline
2026-03-01,bid,41428,false,czds_zone,2026-03-01T08:07:21.775919+00:00,,ns_sld_exact,355,242,89026,685434,1.039,ok,,baseline
2026-03-01,bike,15863,false,czds_zone,2026-03-01T08:07:22.816113+00:00,,ns_sld_exact,1102,174,40761,728515,0.559,ok,,baseline
2026-03-01,bing,18,false,czds_zone,2026-03-01T08:07:23.376371+00:00,,ns_sld_exact,1,9,84,5194,0.109,ok,,baseline
2026-03-01,bingo,2465,false,czds_zone,2026-03-01T08:07:23.487381+00:00,,ns_sld_exact,99,20,6266,85311,0.217,ok,,baseline
2026-03-01,bio,54063,false,czds_zone,2026-03-01T08:07:23.502323+00:00,,ns_sld_exact,2747,2326,142111,2060057,1.333,ok,,baseline
2026-03-01,biz,1209123,false,czds_zone,2026-03-01T08:07:23.707672+00:00,,ns_sld_exact,41243,7470,3048458,41627956,28.091,ok,,baseline
2026-03-01,black,6010,false,czds_zone,2026-03-01T08:07:24.836389+00:00,,ns_sld_exact,360,62,15181,252136,0.276,ok,,baseline
2026-03-01,blackfriday,857,false,czds_zone,2026-03-01T08:07:25.122713+00:00,,ns_sld_exact,44,11,2882,33507,0.158,ok,,baseline
2026-03-01,blockbuster,1,false,czds_zone,2026-03-01T08:07:25.282830+00:00,,ns_sld_exact,1,0,6,1301,0.152,ok,,baseline
2026-03-01,blog,366298,false,czds_zone,2026-03-01T08:07:25.436620+00:00,,ns_sld_exact,14758,201,934057,12260197,10.117,ok,,baseline
2026-03-01,bloomberg,77,false,czds_zone,2026-03-01T08:07:35.554437+00:00,,ns_sld_exact,1,6,543,4588,0.37,ok,,baseline
2026-03-01,blue,14809,false,czds_zone,2026-03-01T08:07:35.925733+00:00,,ns_sld_exact,1333,285,38535,808533,0.952,ok,,baseline
2026-03-01,bms,3,false,czds_zone,2026-03-01T08:07:36.879240+00:00,,ns_sld_exact,0,4,16,1862,0.314,ok,,baseline
2026-03-01,bmw,131,false,czds_zone,2026-03-01T08:07:37.195741+00:00,,ns_sld_exact,1,4,535,5604,0.292,ok,,baseline
2026-03-01,boats,57687,false,czds_zone,2026-03-01T08:07:37.489107+00:00,,ns_sld_exact,1643,31,118713,1368031,1.673,ok,,baseline
2026-03-01,boehringer,1,false,czds_zone,2026-03-01T08:07:39.162838+00:00,,ns_sld_exact,1,4,8,2205,0.281,ok,,rolling
2026-03-01,bofa,1,false,czds_zone,2026-03-01T08:07:39.446285+00:00,,ns_sld_exact,1,6,12,2252,0.296,ok,,baseline
2026-03-01,bom,1,false,czds_zone,2026-03-01T08:07:39.743571+00:00,,ns_sld_exact,1,0,8,1159,0.261,ok,,rolling
2026-03-01,bond,1133447,false,czds_zone,2026-03-01T08:07:40.005436+00:00,,ns_sld_exact,5557,37,2334632,13500237,16.548,ok,,baseline
2026-03-01,boo,3247,false,czds_zone,2026-03-01T08:07:51.799911+00:00,,ns_sld_exact,487,9,8441,780287,1.01,ok,,baseline
2026-03-01,booking,1,false,czds_zone,2026-03-01T08:07:52.810555+00:00,,ns_sld_exact,1,12,12,3622,0.271,ok,,baseline
2026-03-01,bosch,1,false,czds_zone,2026-03-01T08:07:53.082554+00:00,,ns_sld_exact,0,4,8,1794,0.282,ok,,baseline
2026-03-01,bostik,38,false,czds_zone,2026-03-01T08:07:53.366245+00:00,,ns_sld_exact,2,0,80,2079,0.278,ok,,baseline
2026-03-01,boston,4614,false,czds_zone,2026-03-01T08:07:53.645667+00:00,,ns_sld_exact,151,16,10630,150730,0.544,ok,,baseline
2026-03-01,boutique,15955,false,czds_zone,2026-03-01T08:07:54.191012+00:00,,ns_sld_exact,1230,100,38088,766262,0.98,ok,,baseline
2026-03-01,box,2833,false,czds_zone,2026-03-01T08:07:55.172218+00:00,,ns_sld_exact,2,8,6198,28416,0.328,ok,,baseline
2026-03-01,bradesco,219,false,czds_zone,2026-03-01T08:07:55.501366+00:00,,ns_sld_exact,1,4,750,6158,0.278,ok,,baseline
2026-03-01,bridgestone,68,false,czds_zone,2026-03-01T08:07:55.780670+00:00,,ns_sld_exact,1,0,254,18741,0.277,ok,,baseline
2026-03-01,broadway,340,false,czds_zone,2026-03-01T08:07:56.059676+00:00,,ns_sld_exact,1,9,1102,10672,0.289,ok,,baseline
2026-03-01,broker,2945,false,czds_zone,2026-03-01T08:07:56.349589+00:00,,ns_sld_exact,170,84,7458,120414,0.479,ok,,baseline
2026-03-01,brother,9,false,czds_zone,2026-03-01T08:07:56.554963+00:00,,ns_sld_exact,0,0,34,4155,0.276,ok,,baseline
2026-03-01,brussels,7960,false,czds_zone,2026-03-01T08:07:56.829226+00:00,,ns_sld_exact,2088,22,19392,717399,0.878,ok,,baseline
2026-03-01,build,8815,false,czds_zone,2026-03-01T08:07:56.831949+00:00,,ns_sld_exact,282,20,21042,282718,0.625,ok,,baseline
2026-03-01,builders,6168,false,czds_zone,2026-03-01T08:07:57.458528+00:00,,ns_sld_exact,436,42,15872,285899,0.66,ok,,baseline
2026-03-01,business,33917,false,czds_zone,2026-03-01T08:07:57.708265+00:00,,ns_sld_exact,2656,721,88142,1704392,1.337,ok,,baseline
2026-03-01,buzz,162111,false,czds_zone,2026-03-01T08:07:58.119248+00:00,,ns_sld_exact,5684,308,350788,5007408,3.157,ok,,baseline
2026-03-01,cab,3692,false,czds_zone,2026-03-01T08:07:59.046060+00:00,,ns_sld_exact,219,60,8946,155200,0.505,ok,,baseline
2026-03-01,cafe,23113,false,czds_zone,2026-03-01T08:07:59.553191+00:00,,ns_sld_exact,1517,269,57829,1016846,0.994,ok,,rolling
2026-03-01,cal,1,false,czds_zone,2026-03-01T08:08:00.548276+00:00,,ns_sld_exact,0,0,9,1814,0.289,ok,,baseline
2026-03-01,cam,41738,false,czds_zone,2026-03-01T08:08:00.838864+00:00,,ns_sld_exact,4817,282,90331,2559462,1.208,ok,,baseline
2026-03-01,camera,3182,false,czds_zone,2026-03-01T08:08:01.280985+00:00,,ns_sld_exact,179,49,8928,135902,0.448,ok,,baseline
2026-03-01,camp,8116,false,czds_zone,2026-03-01T08:08:01.730161+00:00,,ns_sld_exact,645,78,22080,413809,0.622,ok,,baseline
2026-03-01,capital,32638,false,czds_zone,2026-03-01T08:08:02.047951+00:00,,ns_sld_exact,2304,239,80755,1464112,1.036,ok,,baseline
2026-03-01,capitalone,1,false,czds_zone,2026-03-01T08:08:02.353816+00:00,,ns_sld_exact,1,7,12,3760,0.271,ok,,baseline
2026-03-01,car,293,false,czds_zone,2026-03-01T08:08:02.626125+00:00,,ns_sld_exact,8,8,907,32993,0.287,ok,,baseline
2026-03-01,caravan,2,false,czds_zone,2026-03-01T08:08:02.913716+00:00,,ns_sld_exact,1,12,15,3649,0.276,ok,,baseline
2026-03-01,cards,12055,false,czds_zone,2026-03-01T08:08:03.085078+00:00,,ns_sld_exact,728,80,32263,511413,0.754,ok,,baseline
2026-03-01,care,44757,false,czds_zone,2026-03-01T08:08:03.190567+00:00,,ns_sld_exact,3497,448,112293,2174541,1.365,ok,,baseline
2026-03-01,career,1338,false,czds_zone,2026-03-01T08:08:03.840610+00:00,,ns_sld_exact,52,9,4304,68676,0.537,ok,,baseline
2026-03-01,careers,9373,false,czds_zone,2026-03-01T08:08:04.381390+00:00,,ns_sld_exact,594,89,25746,427528,0.638,ok,,baseline
2026-03-01,cars,283,false,czds_zone,2026-03-01T08:08:04.557073+00:00,,ns_sld_exact,6,4,839,31135,0.296,ok,,baseline
2026-03-01,casa,58982,false,czds_zone,2026-03-01T08:08:04.853881+00:00,,ns_sld_exact,3431,213,126441,2581606,1.501,ok,,baseline
2026-03-01,case,44,false,czds_zone,2026-03-01T08:08:05.020659+00:00,,ns_sld_exact,1,4,164,2191,0.27,ok,,rolling
2026-03-01,cash,18694,false,czds_zone,2026-03-01T08:08:05.291180+00:00,,ns_sld_exact,1069,189,43941,728781,0.84,ok,,baseline
2026-03-01,casino,61676,false,czds_zone,2026-03-01T08:08:06.132931+00:00,,ns_sld_exact,6199,996,134202,3269246,1.51,ok,,baseline
2026-03-01,cat,114719,false,czds_zone,2026-03-01T08:08:06.356424+00:00,,ns_sld_exact,12045,1105,336499,30473680,8.52,ok,,baseline
2026-03-01,catering,3007,false,czds_zone,2026-03-01T08:08:07.643815+00:00,,ns_sld_exact,196,23,8115,140777,0.16,ok,,baseline
2026-03-01,catholic,22,false,czds_zone,2026-03-01T08:08:07.805098+00:00,,ns_sld_exact,5,16,86,6118,0.101,ok,,baseline
2026-03-01,cba,83,false,czds_zone,2026-03-01T08:08:07.906742+00:00,,ns_sld_exact,1,12,309,6186,0.122,ok,,baseline
2026-03-01,cbn,5,false,czds_zone,2026-03-01T08:08:08.030008+00:00,,ns_sld_exact,1,12,36,3746,0.132,ok,,baseline
2026-03-01,cbre,1,false,czds_zone,2026-03-01T08:08:08.162768+00:00,,ns_sld_exact,1,12,12,3608,0.134,ok,,baseline
2026-03-01,center,43297,false,czds_zone,2026-03-01T08:08:08.297676+00:00,,ns_sld_exact,1611,702,104648,1412660,1.022,ok,,baseline
2026-03-01,cern,95,false,czds_zone,2026-03-01T08:08:09.320687+00:00,,ns_sld_exact,1,4,196,3202,0.114,ok,,baseline
2026-03-01,cfa,7,false,czds_zone,2026-03-01T08:08:09.436212+00:00,,ns_sld_exact,1,6,24,2336,0.13,ok,,baseline
2026-03-01,cfd,478706,false,czds_zone,2026-03-01T08:08:09.567191+00:00,,ns_sld_exact,19801,574,1187579,16147963,12.154,ok,,baseline
2026-03-01,chanel,5,false,czds_zone,2026-03-01T08:08:11.751547+00:00,,ns_sld_exact,0,4,16,1857,0.108,ok,,baseline
2026-03-01,channel,3399,false,czds_zone,2026-03-01T08:08:11.872068+00:00,,ns_sld_exact,153,4,8638,742165,0.347,ok,,baseline
2026-03-01,charity,4737,false,czds_zone,2026-03-01T08:08:12.220773+00:00,,ns_sld_exact,322,24,12794,220206,0.239,ok,,baseline
2026-03-01,chase,95,false,czds_zone,2026-03-01T08:08:12.460891+00:00,,ns_sld_exact,1,8,434,5662,0.126,ok,,rolling
2026-03-01,chat,50944,false,czds_zone,2026-03-01T08:08:12.587642+00:00,,ns_sld_exact,2639,481,118977,1891846,1.189,ok,,baseline
2026-03-01,cheap,7103,false,czds_zone,2026-03-01T08:08:13.778018+00:00,,ns_sld_exact,158,47,15666,177780,0.283,ok,,baseline
2026-03-01,chintai,7,false,czds_zone,2026-03-01T08:08:14.062594+00:00,,ns_sld_exact,1,12,30,3840,0.108,ok,,rolling
2026-03-01,christmas,10119,false,czds_zone,2026-03-01T08:08:14.171328+00:00,,ns_sld_exact,2456,18,21399,1386136,0.62,ok,,baseline
2026-03-01,chrome,2,false,czds_zone,2026-03-01T08:08:14.793170+00:00,,ns_sld_exact,0,0,13,2038,0.111,ok,,baseline
2026-03-01,church,33518,false,czds_zone,2026-03-01T08:08:14.877957+00:00,,ns_sld_exact,1747,360,85378,1282663,0.96,ok,,baseline
2026-03-01,cipriani,1,false,czds_zone,2026-03-01T08:08:14.904863+00:00,,ns_sld_exact,1,4,8,2209,0.106,ok,,baseline
2026-03-01,cisco,40,false,czds_zone,2026-03-01T08:08:15.014375+00:00,,ns_sld_exact,18,12,149,12745,0.127,ok,,baseline
2026-03-01,citadel,1,false,czds_zone,2026-03-01T08:08:15.144795+00:00,,ns_sld_exact,1,4,8,2204,0.12,ok,,baseline
2026-03-01,citi,4,false,czds_zone,2026-03-01T08:08:15.266045+00:00,,ns_sld_exact,1,12,30,3708,0.118,ok,,baseline
2026-03-01,citic,157,false,czds_zone,2026-03-01T08:08:15.386266+00:00,,ns_sld_exact,0,7,514,34631,0.104,ok,,baseline
2026-03-01,city,30531,false,czds_zone,2026-03-01T08:08:15.491910+00:00,,ns_sld_exact,1775,565,74603,1242695,0.905,ok,,baseline
2026-03-01,claims,5673,false,czds_zone,2026-03-01T08:08:15.839264+00:00,,ns_sld_exact,263,17,13620,197214,0.285,ok,,baseline
2026-03-01,cleaning,2534,false,czds_zone,2026-03-01T08:08:16.137934+00:00,,ns_sld_exact,223,38,6862,140941,0.183,ok,,baseline
2026-03-01,click,687822,false,czds_zone,2026-03-01T08:08:16.322853+00:00,,ns_sld_exact,16944,5619,1512707,15065539,18.287,ok,,baseline
2026-03-01,clinic,17355,false,czds_zone,2026-03-01T08:08:16.398251+00:00,,ns_sld_exact,766,174,44806,622073,0.665,ok,,baseline
2026-03-01,clinique,1,false,czds_zone,2026-03-01T08:08:17.065146+00:00,,ns_sld_exact,1,4,8,2203,0.106,ok,,baseline
2026-03-01,clothing,9751,false,czds_zone,2026-03-01T08:08:17.172274+00:00,,ns_sld_exact,639,49,26809,442999,0.463,ok,,baseline
2026-03-01,cloud,461219,false,czds_zone,2026-03-01T08:08:17.636910+00:00,,ns_sld_exact,34328,4887,1196777,18353870,13.957,ok,,baseline
2026-03-01,club,524996,false,czds_zone,2026-03-01T08:08:21.722720+00:00,,ns_sld_exact,14788,1783,1233849,15657172,13.407,ok,,baseline
2026-03-01,clubmed,32,false,czds_zone,2026-03-01T08:08:31.604564+00:00,,ns_sld_exact,1,6,84,2786,0.101,ok,,baseline
2026-03-01,coach,25225,false,czds_zone,2026-03-01T08:08:31.709879+00:00,,ns_sld_exact,1546,98,64626,1074263,0.919,ok,,baseline
2026-03-01,codes,16896,false,czds_zone,2026-03-01T08:08:32.630313+00:00,,ns_sld_exact,1553,283,44465,931932,0.658,ok,,baseline
2026-03-01,coffee,26970,false,czds_zone,2026-03-01T08:08:33.289900+00:00,,ns_sld_exact,1971,242,69409,1260748,0.964,ok,,baseline
2026-03-01,college,7062,false,czds_zone,2026-03-01T08:08:34.255373+00:00,,ns_sld_exact,199,15,16565,201759,0.36,ok,,baseline
2026-03-01,cologne,3955,false,czds_zone,2026-03-01T08:08:34.611021+00:00,,ns_sld_exact,96,11,12363,117737,0.217,ok,,baseline
2026-03-01,commbank,8,false,czds_zone,2026-03-01T08:08:34.616968+00:00,,ns_sld_exact,1,12,40,3954,0.115,ok,,baseline
2026-03-01,community,24112,false,czds_zone,2026-03-01T08:08:34.733350+00:00,,ns_sld_exact,2979,154,70031,1682276,0.989,ok,,baseline
2026-03-01,company,77912,false,czds_zone,2026-03-01T08:08:34.829053+00:00,,ns_sld_exact,6882,1033,207113,4191560,2.381,ok,,baseline
2026-03-01,compare,911,false,czds_zone,2026-03-01T08:08:35.131458+00:00,,ns_sld_exact,39,14,2557,39482,0.14,ok,,baseline
2026-03-01,computer,8804,false,czds_zone,2026-03-01T08:08:35.273212+00:00,,ns_sld_exact,870,173,23452,512357,0.434,ok,,baseline
2026-03-01,condos,1438,false,czds_zone,2026-03-01T08:08:35.715105+00:00,,ns_sld_exact,57,8,3496,49713,0.122,ok,,baseline
2026-03-01,construction,9386,false,czds_zone,2026-03-01T08:08:35.724068+00:00,,ns_sld_exact,963,49,24933,557832,0.425,ok,,baseline
2026-03-01,consulting,39150,false,czds_zone,2026-03-01T08:08:35.838829+00:00,,ns_sld_exact,4211,328,107697,2443415,1.47,ok,,baseline
2026-03-01,contact,11343,false,czds_zone,2026-03-01T08:08:36.151279+00:00,,ns_sld_exact,2075,114,30626,1039726,0.551,ok,,baseline
2026-03-01,contractors,3411,false,czds_zone,2026-03-01T08:08:36.703651+00:00,,ns_sld_exact,220,47,8986,154818,0.356,ok,,baseline
2026-03-01,cooking,2246,false,czds_zone,2026-03-01T08:08:37.060998+00:00,,ns_sld_exact,110,20,6020,100164,0.179,ok,,baseline
2026-03-01,cool,21864,false,czds_zone,2026-03-01T08:08:37.223844+00:00,,ns_sld_exact,1425,251,53127,942655,0.56,ok,,baseline
2026-03-01,coop,8258,false,czds_zone,2026-03-01T08:08:37.242186+00:00,,ns_sld_exact,218,187,21032,217208,0.277,ok,,baseline
2026-03-01,corsica,2309,false,czds_zone,2026-03-01T08:08:37.309690+00:00,,ns_sld_exact,723,23,5418,235764,0.217,ok,,baseline
2026-03-01,country,3074,false,czds_zone,2026-03-01T08:08:37.520844+00:00,,ns_sld_exact,25,5,6902,41390,0.205,ok,,baseline
2026-03-01,coupons,7037,false,czds_zone,2026-03-01T08:08:37.528196+00:00,,ns_sld_exact,2308,39,15547,1034828,0.372,ok,,baseline
2026-03-01,courses,11517,false,czds_zone,2026-03-01T08:08:37.727473+00:00,,ns_sld_exact,344,24,26437,357523,0.332,ok,,baseline
2026-03-01,cpa,6425,false,czds_zone,2026-03-01T08:08:37.785140+00:00,,ns_sld_exact,41,17,13418,92238,0.215,ok,,baseline
2026-03-01,credit,5668,false,czds_zone,2026-03-01T08:08:37.901951+00:00,,ns_sld_exact,252,42,14216,201105,0.227,ok,,baseline
2026-03-01,creditcard,1488,false,czds_zone,2026-03-01T08:08:38.001158+00:00,,ns_sld_exact,52,12,3981,49151,0.134,ok,,baseline
2026-03-01,creditunion,414,false,czds_zone,2026-03-01T08:08:38.061357+00:00,,ns_sld_exact,20,1,1217,13520,0.115,ok,,baseline
2026-03-01,cricket,962,false,czds_zone,2026-03-01T08:08:38.130030+00:00,,ns_sld_exact,64,22,2437,52029,0.11,ok,,baseline
2026-03-01,crs,562,false,czds_zone,2026-03-01T08:08:38.135974+00:00,,ns_sld_exact,538,4,1130,211562,0.13,ok,,baseline
2026-03-01,cruise,1,false,czds_zone,2026-03-01T08:08:38.179858+00:00,,ns_sld_exact,1,4,8,2201,0.082,ok,,baseline
2026-03-01,cruises,2203,false,czds_zone,2026-03-01T08:08:38.240994+00:00,,ns_sld_exact,80,14,5942,74700,0.115,ok,,baseline
2026-03-01,cuisinella,14,false,czds_zone,2026-03-01T08:08:38.262478+00:00,,ns_sld_exact,1,12,38,3796,0.094,ok,,baseline
2026-03-01,cymru,8382,false,czds_zone,2026-03-01T08:08:38.266588+00:00,,ns_sld_exact,156,31,21652,268839,0.233,ok,,baseline
2026-03-01,cyou,426096,false,czds_zone,2026-03-01T08:08:38.357319+00:00,,ns_sld_exact,7807,662,893221,7531406,6.904,ok,,baseline
2026-03-01,dad,3388,false,czds_zone,2026-03-01T08:08:38.358329+00:00,,ns_sld_exact,515,16,8909,818865,0.358,ok,,baseline
2026-03-01,dance,8317,false,czds_zone,2026-03-01T08:08:38.502030+00:00,,ns_sld_exact,681,34,22092,429726,0.368,ok,,baseline
2026-03-01,data,1,false,czds_zone,2026-03-01T08:08:38.717191+00:00,,ns_sld_exact,1,0,6,1285,0.104,ok,,baseline
2026-03-01,date,9046,false,czds_zone,2026-03-01T08:08:38.823982+00:00,,ns_sld_exact,379,46,21539,331414,0.311,ok,,baseline
2026-03-01,dating,3933,false,czds_zone,2026-03-01T08:08:38.871364+00:00,,ns_sld_exact,285,88,10114,188752,0.262,ok,,baseline
2026-03-01,day,11923,false,czds_zone,2026-03-01T08:08:39.136728+00:00,,ns_sld_exact,1883,23,31492,2871174,1.069,ok,,baseline
2026-03-01,dclk,1,false,czds_zone,2026-03-01T08:08:39.138091+00:00,,ns_sld_exact,0,0,9,1819,0.101,ok,,baseline
2026-03-01,dds,1,false,czds_zone,2026-03-01T08:08:39.240206+00:00,,ns_sld_exact,1,12,12,3579,0.097,ok,,baseline
2026-03-01,dealer,172,false,czds_zone,2026-03-01T08:08:39.338095+00:00,,ns_sld_exact,4,4,509,6853,0.105,ok,,baseline
2026-03-01,deals,8948,false,czds_zone,2026-03-01T08:08:39.443889+00:00,,ns_sld_exact,447,115,23021,342456,0.395,ok,,baseline
2026-03-01,degree,1021,false,czds_zone,2026-03-01T08:08:39.842651+00:00,,ns_sld_exact,54,15,2679,42636,0.133,ok,,baseline
2026-03-01,delivery,8906,false,czds_zone,2026-03-01T08:08:39.982175+00:00,,ns_sld_exact,619,140,22026,408890,0.391,ok,,baseline
2026-03-01,dell,24,false,czds_zone,2026-03-01T08:08:40.207597+00:00,,ns_sld_exact,1,12,87,4033,0.104,ok,,baseline
2026-03-01,deloitte,86,false,czds_zone,2026-03-01T08:08:40.315168+00:00,,ns_sld_exact,55,4,482,21029,0.122,ok,,baseline
2026-03-01,delta,1,false,czds_zone,2026-03-01T08:08:40.374489+00:00,,ns_sld_exact,1,4,8,2194,0.116,ok,,baseline
2026-03-01,democrat,989,false,czds_zone,2026-03-01T08:08:40.438445+00:00,,ns_sld_exact,77,9,2877,53278,0.139,ok,,baseline
2026-03-01,dental,8695,false,czds_zone,2026-03-01T08:08:40.491266+00:00,,ns_sld_exact,490,43,23093,358874,0.371,ok,,rolling
2026-03-01,dentist,2624,false,czds_zone,2026-03-01T08:08:40.578701+00:00,,ns_sld_exact,113,17,6506,93890,0.211,ok,,baseline
2026-03-01,desi,1851,false,czds_zone,2026-03-01T08:08:40.790888+00:00,,ns_sld_exact,19,7,6152,49229,0.157,ok,,baseline
2026-03-01,design,113609,false,czds_zone,2026-03-01T08:08:40.863112+00:00,,ns_sld_exact,8122,148,297612,5846424,3.169,ok,,baseline
2026-03-01,dev,600768,false,czds_zone,2026-03-01T08:08:40.949546+00:00,,ns_sld_exact,100271,2702,1594284,144572492,40.302,ok,,core
2026-03-01,dhl,93,false,czds_zone,2026-03-01T08:08:44.035098+00:00,,ns_sld_exact,66,4,215,23073,0.107,ok,,baseline
2026-03-01,diamonds,2032,false,czds_zone,2026-03-01T08:08:44.143672+00:00,,ns_sld_exact,109,21,5369,83930,0.158,ok,,baseline
2026-03-01,diet,986,false,czds_zone,2026-03-01T08:08:44.303059+00:00,,ns_sld_exact,29,8,2522,106850,0.178,ok,,baseline
2026-03-01,digital,275045,false,czds_zone,2026-03-01T08:08:44.484130+00:00,,ns_sld_exact,10143,2992,617976,8531618,5.132,ok,,rolling
2026-03-01,direct,12832,false,czds_zone,2026-03-01T08:08:45.262065+00:00,,ns_sld_exact,693,141,32501,504361,0.433,ok,,baseline
2026-03-01,directory,16102,false,czds_zone,2026-03-01T08:08:45.697163+00:00,,ns_sld_exact,701,209,38627,558107,0.506,ok,,baseline
2026-03-01,discount,3058,false,czds_zone,2026-03-01T08:08:46.205189+00:00,,ns_sld_exact,137,33,8539,115098,0.182,ok,,baseline
2026-03-01,discover,101,false,czds_zone,2026-03-01T08:08:46.389060+00:00,,ns_sld_exact,1,6,216,3279,0.115,ok,,baseline
2026-03-01,dish,2,false,czds_zone,2026-03-01T08:08:46.506680+00:00,,ns_sld_exact,1,0,8,1318,0.1,ok,,baseline
2026-03-01,diy,8534,false,czds_zone,2026-03-01T08:08:46.607410+00:00,,ns_sld_exact,183,12,18431,171947,0.255,ok,,baseline
2026-03-01,docs,2,false,czds_zone,2026-03-01T08:08:46.864495+00:00,,ns_sld_exact,0,0,13,2035,0.105,ok,,baseline
2026-03-01,doctor,7629,false,czds_zone,2026-03-01T08:08:46.971318+00:00,,ns_sld_exact,347,32,17798,260380,0.286,ok,,baseline
2026-03-01,dog,16767,false,czds_zone,2026-03-01T08:08:47.258564+00:00,,ns_sld_exact,1291,116,43367,816188,0.538,ok,,baseline
2026-03-01,domains,7364,false,czds_zone,2026-03-01T08:08:47.797925+00:00,,ns_sld_exact,542,636,19981,367603,0.3,ok,,baseline
2026-03-01,dot,1,false,czds_zone,2026-03-01T08:08:48.100641+00:00,,ns_sld_exact,1,0,6,1284,0.103,ok,,baseline
2026-03-01,download,9375,false,czds_zone,2026-03-01T08:08:48.205309+00:00,,ns_sld_exact,494,69,22819,414503,0.413,ok,,baseline
2026-03-01,drive,1,false,czds_zone,2026-03-01T08:08:48.619795+00:00,,ns_sld_exact,0,0,9,1813,0.11,ok,,baseline
2026-03-01,dtv,1,false,czds_zone,2026-03-01T08:08:48.731740+00:00,,ns_sld_exact,1,0,6,1286,0.125,ok,,baseline
2026-03-01,dupont,7,false,czds_zone,2026-03-01T08:08:48.858215+00:00,,ns_sld_exact,1,8,36,3710,0.105,ok,,baseline
2026-03-01,dvag,9058,false,czds_zone,2026-03-01T08:08:48.963916+00:00,,ns_sld_exact,1,4,34038,163707,0.372,ok,,baseline
2026-03-01,dvr,1,false,czds_zone,2026-03-01T08:08:49.338256+00:00,,ns_sld_exact,1,0,6,1283,0.104,ok,,baseline
2026-03-01,earth,40038,false,czds_zone,2026-03-01T08:08:49.443166+00:00,,ns_sld_exact,2678,83,99760,1918660,1.005,ok,,baseline
2026-03-01,eat,3,false,czds_zone,2026-03-01T08:08:49.617430+00:00,,ns_sld_exact,0,0,17,2246,0.104,ok,,baseline
2026-03-01,eco,6807,false,czds_zone,2026-03-01T08:08:49.724075+00:00,,ns_sld_exact,936,8,18619,528540,0.317,ok,,baseline
2026-03-01,edeka,114,false,czds_zone,2026-03-01T08:08:50.042091+00:00,,ns_sld_exact,1,4,368,4481,0.112,ok,,baseline
2026-03-01,education,29831,false,czds_zone,2026-03-01T08:08:50.155569+00:00,,ns_sld_exact,2631,428,81072,1643514,1.035,ok,,rolling
2026-03-01,email,121001,false,czds_zone,2026-03-01T08:08:50.449194+00:00,,ns_sld_exact,9702,2385,304712,6076459,3.217,ok,,baseline
2026-03-01,emerck,10,false,czds_zone,2026-03-01T08:08:51.191446+00:00,,ns_sld_exact,1,4,53,2456,0.122,ok,,rolling
2026-03-01,energy,25783,false,czds_zone,2026-03-01T08:08:51.313746+00:00,,ns_sld_exact,1858,193,64690,1195449,0.915,ok,,baseline
2026-03-01,engineer,7276,false,czds_zone,2026-03-01T08:08:52.230184+00:00,,ns_sld_exact,725,104,20959,437229,0.488,ok,,baseline
2026-03-01,engineering,10628,false,czds_zone,2026-03-01T08:08:52.719378+00:00,,ns_sld_exact,1019,114,29328,626025,0.531,ok,,baseline
2026-03-01,enterprises,9012,false,czds_zone,2026-03-01T08:08:53.251506+00:00,,ns_sld_exact,767,121,23493,476154,0.518,ok,,baseline
2026-03-01,epson,2,false,czds_zone,2026-03-01T08:08:53.667205+00:00,,ns_sld_exact,0,0,12,2524,0.124,ok,,baseline
2026-03-01,equipment,5099,false,czds_zone,2026-03-01T08:08:53.770397+00:00,,ns_sld_exact,284,34,12996,208495,0.223,ok,,baseline
2026-03-01,ericsson,5,false,czds_zone,2026-03-01T08:08:53.792826+00:00,,ns_sld_exact,1,4,20,2279,0.101,ok,,baseline
2026-03-01,esq,2223,false,czds_zone,2026-03-01T08:08:53.899574+00:00,,ns_sld_exact,626,0,6208,593947,0.215,ok,,baseline
2026-03-01,estate,11235,false,czds_zone,2026-03-01T08:08:53.996092+00:00,,ns_sld_exact,661,153,28075,467869,0.366,ok,,baseline
2026-03-01,eurovision,4,false,czds_zone,2026-03-01T08:08:54.115156+00:00,,ns_sld_exact,1,0,15,2990,0.108,ok,,baseline
2026-03-01,eus,15557,false,czds_zone,2026-03-01T08:08:54.224635+00:00,,ns_sld_exact,1396,266,46222,4117272,1.251,ok,,baseline
2026-03-01,events,33586,false,czds_zone,2026-03-01T08:08:54.363234+00:00,,ns_sld_exact,2458,300,88997,1626484,0.883,ok,,baseline
2026-03-01,exchange,17761,false,czds_zone,2026-03-01T08:08:55.247506+00:00,,ns_sld_exact,893,195,42637,651488,0.478,ok,,baseline
2026-03-01,expert,27148,false,czds_zone,2026-03-01T08:08:55.477180+00:00,,ns_sld_exact,1554,299,68649,1110585,0.814,ok,,baseline
2026-03-01,exposed,3001,false,czds_zone,2026-03-01T08:08:55.726538+00:00,,ns_sld_exact,257,29,8452,164821,0.279,ok,,rolling
2026-03-01,express,8631,false,czds_zone,2026-03-01T08:08:56.011877+00:00,,ns_sld_exact,578,169,21910,387322,0.367,ok,,baseline
2026-03-01,extraspace,18,false,czds_zone,2026-03-01T08:08:56.292811+00:00,,ns_sld_exact,1,4,72,2863,0.113,ok,,baseline
2026-03-01,fage,62,false,czds_zone,2026-03-01T08:08:56.380062+00:00,,ns_sld_exact,1,4,130,2764,0.106,ok,,baseline
2026-03-01,fail,4195,false,czds_zone,2026-03-01T08:08:56.407151+00:00,,ns_sld_exact,388,82,11767,242409,0.195,ok,,baseline
2026-03-01,fairwinds,14,false,czds_zone,2026-03-01T08:08:56.486424+00:00,,ns_sld_exact,1,9,62,5063,0.121,ok,,baseline
2026-03-01,faith,5145,false,czds_zone,2026-03-01T08:08:56.603670+00:00,,ns_sld_exact,298,26,13076,241429,0.232,ok,,baseline
2026-03-01,family,34640,false,czds_zone,2026-03-01T08:08:56.609379+00:00,,ns_sld_exact,5586,490,96978,2878305,1.234,ok,,baseline
2026-03-01,fan,7953,false,czds_zone,2026-03-01T08:08:56.837228+00:00,,ns_sld_exact,540,36,20108,356563,0.345,ok,,baseline
2026-03-01,fans,8473,false,czds_zone,2026-03-01T08:08:57.183773+00:00,,ns_sld_exact,1042,100,22400,579743,0.345,ok,,baseline
2026-03-01,farm,26020,false,czds_zone,2026-03-01T08:08:57.530142+00:00,,ns_sld_exact,2089,283,65682,1290642,0.781,ok,,baseline
2026-03-01,farmers,1,false,czds_zone,2026-03-01T08:08:57.844073+00:00,,ns_sld_exact,1,12,12,3616,0.11,ok,,rolling
2026-03-01,fashion,12123,false,czds_zone,2026-03-01T08:08:57.954901+00:00,,ns_sld_exact,505,26,30087,462619,0.456,ok,,baseline
2026-03-01,fedex,1,false,czds_zone,2026-03-01T08:08:58.325462+00:00,,ns_sld_exact,1,4,8,2198,0.094,ok,,baseline
2026-03-01,feedback,14637,false,czds_zone,2026-03-01T08:08:58.411851+00:00,,ns_sld_exact,26,2,29668,116726,0.333,ok,,baseline
2026-03-01,ferrari,1,false,czds_zone,2026-03-01T08:08:58.420076+00:00,,ns_sld_exact,1,4,8,2200,0.119,ok,,baseline
2026-03-01,ferrero,6,false,czds_zone,2026-03-01T08:08:58.540165+00:00,,ns_sld_exact,1,12,22,3701,0.1,ok,,baseline
2026-03-01,fidelity,1,false,czds_zone,2026-03-01T08:08:58.641229+00:00,,ns_sld_exact,0,4,8,1808,0.128,ok,,baseline
2026-03-01,fido,1,false,czds_zone,2026-03-01T08:08:58.745949+00:00,,ns_sld_exact,1,4,8,2202,0.098,ok,,baseline
2026-03-01,film,6718,false,czds_zone,2026-03-01T08:08:58.770102+00:00,,ns_sld_exact,194,23,17050,218237,0.249,ok,,baseline
2026-03-01,final,1,false,czds_zone,2026-03-01T08:08:58.845108+00:00,,ns_sld_exact,1,0,8,1159,0.133,ok,,baseline
2026-03-01,finance,33097,false,czds_zone,2026-03-01T08:08:58.978746+00:00,,ns_sld_exact,2253,205,80621,1460269,0.905,ok,,baseline
2026-03-01,financial,7829,false,czds_zone,2026-03-01T08:08:59.020168+00:00,,ns_sld_exact,469,58,20184,330631,0.303,ok,,baseline
2026-03-01,firestone,2,false,czds_zone,2026-03-01T08:08:59.323899+00:00,,ns_sld_exact,0,0,8,2494,0.125,ok,,baseline
2026-03-01,fish,5533,false,czds_zone,2026-03-01T08:08:59.450194+00:00,,ns_sld_exact,563,97,14973,332823,0.383,ok,,baseline
2026-03-01,fishing,2524,false,czds_zone,2026-03-01T08:08:59.834927+00:00,,ns_sld_exact,40,14,5993,63317,0.144,ok,,rolling
2026-03-01,fit,62731,false,czds_zone,2026-03-01T08:08:59.885484+00:00,,ns_sld_exact,1433,129,138836,1649900,1.167,ok,,baseline
2026-03-01,fitness,12622,false,czds_zone,2026-03-01T08:08:59.980219+00:00,,ns_sld_exact,865,92,32613,574271,0.488,ok,,baseline
2026-03-01,flickr,10,false,czds_zone,2026-03-01T08:09:00.478779+00:00,,ns_sld_exact,1,12,44,3966,0.148,ok,,baseline
2026-03-01,flights,2191,false,czds_zone,2026-03-01T08:09:00.628057+00:00,,ns_sld_exact,167,23,5815,111173,0.185,ok,,baseline
2026-03-01,florist,1692,false,czds_zone,2026-03-01T08:09:00.813994+00:00,,ns_sld_exact,69,11,4379,61578,0.158,ok,,baseline
2026-03-01,flowers,980,false,czds_zone,2026-03-01T08:09:00.973070+00:00,,ns_sld_exact,49,9,2444,108010,0.141,ok,,baseline
2026-03-01,fly,4,false,czds_zone,2026-03-01T08:09:01.053396+00:00,,ns_sld_exact,0,0,21,2496,0.094,ok,,baseline
2026-03-01,foo,3927,false,czds_zone,2026-03-01T08:09:01.115486+00:00,,ns_sld_exact,644,24,10502,962203,0.316,ok,,baseline
2026-03-01,food,26085,false,czds_zone,2026-03-01T08:09:01.150021+00:00,,ns_sld_exact,380,26,59991,480241,0.657,ok,,baseline
2026-03-01,football,5923,false,czds_zone,2026-03-01T08:09:01.433553+00:00,,ns_sld_exact,354,50,15265,253532,0.265,ok,,baseline
2026-03-01,forex,1294,false,czds_zone,2026-03-01T08:09:01.700515+00:00,,ns_sld_exact,53,21,3015,43078,0.143,ok,,baseline
2026-03-01,forsale,4619,false,czds_zone,2026-03-01T08:09:01.807977+00:00,,ns_sld_exact,156,38,11523,141853,0.315,ok,,baseline
2026-03-01,forum,61761,false,czds_zone,2026-03-01T08:09:01.846538+00:00,,ns_sld_exact,8600,37,130637,3294813,1.67,ok,,baseline
2026-03-01,foundation,31248,false,czds_zone,2026-03-01T08:09:02.128516+00:00,,ns_sld_exact,1993,165,77727,1352196,1.177,ok,,baseline
2026-03-01,fresenius,44,false,czds_zone,2026-03-01T08:09:03.307316+00:00,,ns_sld_exact,1,4,217,3200,0.113,ok,,baseline
2026-03-01,frl,10068,false,czds_zone,2026-03-01T08:09:03.421552+00:00,,ns_sld_exact,3579,35,24529,1108599,0.44,ok,,baseline
2026-03-01,frogans,5,false,czds_zone,2026-03-01T08:09:03.517964+00:00,,ns_sld_exact,1,8,24,2431,0.126,ok,,baseline
2026-03-01,frontier,1,false,czds_zone,2026-03-01T08:09:03.644852+00:00,,ns_sld_exact,1,12,12,3613,0.104,ok,,baseline
2026-03-01,ftr,2,false,czds_zone,2026-03-01T08:09:03.749951+00:00,,ns_sld_exact,1,12,15,3652,0.123,ok,,baseline
2026-03-01,fujitsu,5,false,czds_zone,2026-03-01T08:09:03.862991+00:00,,ns_sld_exact,0,0,28,3244,0.112,ok,,rolling
2026-03-01,fun,387726,false,czds_zone,2026-03-01T08:09:03.873488+00:00,,ns_sld_exact,13152,852,868517,11136799,7.663,ok,,baseline
2026-03-01,fund,21389,false,czds_zone,2026-03-01T08:09:03.975917+00:00,,ns_sld_exact,1112,98,51699,795283,0.642,ok,,baseline
2026-03-01,furniture,2376,false,czds_zone,2026-03-01T08:09:04.620978+00:00,,ns_sld_exact,180,24,6337,119402,0.205,ok,,baseline
2026-03-01,futbol,2749,false,czds_zone,2026-03-01T08:09:04.827537+00:00,,ns_sld_exact,141,38,6794,107246,0.21,ok,,baseline
2026-03-01,fyi,67952,false,czds_zone,2026-03-01T08:09:05.038913+00:00,,ns_sld_exact,3206,347,226970,2635925,2.709,ok,,baseline
2026-03-01,gal,7622,false,czds_zone,2026-03-01T08:09:07.749840+00:00,,ns_sld_exact,196,97,24318,1901081,0.79,ok,,baseline
2026-03-01,gallery,17686,false,czds_zone,2026-03-01T08:09:08.541060+00:00,,ns_sld_exact,1145,155,48054,801210,0.7,ok,,baseline
2026-03-01,gallo,1,false,czds_zone,2026-03-01T08:09:09.249319+00:00,,ns_sld_exact,1,4,8,2200,0.115,ok,,baseline
2026-03-01,gallup,1,false,czds_zone,2026-03-01T08:09:09.378804+00:00,,ns_sld_exact,1,4,8,2198,0.111,ok,,baseline
2026-03-01,game,7256,false,czds_zone,2026-03-01T08:09:09.492370+00:00,,ns_sld_exact,137,21,18133,766428,0.484,ok,,baseline
2026-03-01,games,61716,false,czds_zone,2026-03-01T08:09:09.977126+00:00,,ns_sld_exact,4781,562,153695,2991255,1.784,ok,,baseline
2026-03-01,gap,1,false,czds_zone,2026-03-01T08:09:11.539094+00:00,,ns_sld_exact,1,12,12,3603,0.118,ok,,baseline
2026-03-01,garden,9093,false,czds_zone,2026-03-01T08:09:11.658534+00:00,,ns_sld_exact,2325,31,21603,1249274,0.507,ok,,baseline
2026-03-01,gay,17567,false,czds_zone,2026-03-01T08:09:11.762404+00:00,,ns_sld_exact,1329,62,43994,942838,0.524,ok,,baseline
2026-03-01,gbiz,1,false,czds_zone,2026-03-01T08:09:12.166981+00:00,,ns_sld_exact,0,0,9,1820,0.114,ok,,rolling
2026-03-01,gea,19,false,czds_zone,2026-03-01T08:09:12.282342+00:00,,ns_sld_exact,1,0,84,7684,0.114,ok,,baseline
2026-03-01,gent,3700,false,czds_zone,2026-03-01T08:09:12.287607+00:00,,ns_sld_exact,1717,20,9426,506140,0.261,ok,,baseline
2026-03-01,genting,8,false,czds_zone,2026-03-01T08:09:12.396914+00:00,,ns_sld_exact,1,6,32,2457,0.116,ok,,baseline
2026-03-01,george,1,false,czds_zone,2026-03-01T08:09:12.515088+00:00,,ns_sld_exact,1,6,12,4191,0.108,ok,,baseline
2026-03-01,gift,4945,false,czds_zone,2026-03-01T08:09:12.552710+00:00,,ns_sld_exact,137,13,13700,129870,0.183,ok,,baseline
2026-03-01,gifts,4483,false,czds_zone,2026-03-01T08:09:12.624217+00:00,,ns_sld_exact,234,35,11490,177856,0.197,ok,,baseline
2026-03-01,gives,3803,false,czds_zone,2026-03-01T08:09:12.737134+00:00,,ns_sld_exact,229,33,9562,159318,0.182,ok,,baseline
2026-03-01,giving,1934,false,czds_zone,2026-03-01T08:09:12.822043+00:00,,ns_sld_exact,62,9,4755,59145,0.137,ok,,baseline
2026-03-01,glass,3559,false,czds_zone,2026-03-01T08:09:12.919661+00:00,,ns_sld_exact,292,58,9551,185953,0.172,ok,,baseline
2026-03-01,gle,21,false,czds_zone,2026-03-01T08:09:12.962629+00:00,,ns_sld_exact,0,0,89,6058,0.119,ok,,baseline
2026-03-01,global,65857,false,czds_zone,2026-03-01T08:09:13.083802+00:00,,ns_sld_exact,2656,668,160245,2200324,1.616,ok,,baseline
2026-03-01,globo,181,false,czds_zone,2026-03-01T08:09:13.093073+00:00,,ns_sld_exact,1,0,716,4762,0.1,ok,,rolling
2026-03-01,gmail,5,false,czds_zone,2026-03-01T08:09:13.193456+00:00,,ns_sld_exact,0,0,25,2684,0.098,ok,,baseline
2026-03-01,gmbh,33033,false,czds_zone,2026-03-01T08:09:13.303073+00:00,,ns_sld_exact,879,196,95746,961775,1.003,ok,,baseline
2026-03-01,gmx,478,false,czds_zone,2026-03-01T08:09:14.307668+00:00,,ns_sld_exact,4,0,1914,117719,0.183,ok,,baseline
2026-03-01,godaddy,111,false,czds_zone,2026-03-01T08:09:14.491695+00:00,,ns_sld_exact,3,19,256,6009,0.112,ok,,baseline
2026-03-01,gold,16924,false,czds_zone,2026-03-01T08:09:14.605023+00:00,,ns_sld_exact,562,149,38415,472993,0.496,ok,,baseline
2026-03-01,golf,16635,false,czds_zone,2026-03-01T08:09:14.701002+00:00,,ns_sld_exact,780,90,40093,589710,0.516,ok,,baseline
2026-03-01,goodyear,1,false,czds_zone,2026-03-01T08:09:15.106163+00:00,,ns_sld_exact,1,4,8,2206,0.142,ok,,baseline
2026-03-01,goog,452,false,czds_zone,2026-03-01T08:09:15.218817+00:00,,ns_sld_exact,22,20,1621,105527,0.135,ok,,baseline
2026-03-01,google,264,false,czds_zone,2026-03-01T08:09:15.249114+00:00,,ns_sld_exact,26,4,1061,64064,0.122,ok,,baseline
2026-03-01,gop,982,false,czds_zone,2026-03-01T08:09:15.355211+00:00,,ns_sld_exact,5,9,2559,24235,0.155,ok,,baseline
2026-03-01,gov,15331,false,czds_zone,2026-03-01T08:09:15.371716+00:00,,ns_sld_exact,2032,938,41635,465495,0.421,ok,,baseline
2026-03-01,grainger,5,false,czds_zone,2026-03-01T08:09:15.512484+00:00,,ns_sld_exact,1,12,24,3750,0.126,ok,,baseline
2026-03-01,graphics,5465,false,czds_zone,2026-03-01T08:09:15.639863+00:00,,ns_sld_exact,438,75,15075,283263,0.279,ok,,baseline
2026-03-01,gratis,3085,false,czds_zone,2026-03-01T08:09:15.793273+00:00,,ns_sld_exact,241,58,7876,158228,0.208,ok,,rolling
2026-03-01,green,8276,false,czds_zone,2026-03-01T08:09:15.919662+00:00,,ns_sld_exact,610,53,21023,399431,0.321,ok,,rolling
2026-03-01,gripe,1206,false,czds_zone,2026-03-01T08:09:16.002066+00:00,,ns_sld_exact,80,10,3498,57642,0.171,ok,,rolling
2026-03-01,grocery,1,false,czds_zone,2026-03-01T08:09:16.174227+00:00,,ns_sld_exact,1,6,12,3556,0.143,ok,,baseline
2026-03-01,group,117667,false,czds_zone,2026-03-01T08:09:16.243712+00:00,,ns_sld_exact,7548,1151,294594,4989140,2.886,ok,,baseline
2026-03-01,gucci,15,false,czds_zone,2026-03-01T08:09:16.318342+00:00,,ns_sld_exact,2,9,71,5758,0.104,ok,,baseline
2026-03-01,guge,1,false,czds_zone,2026-03-01T08:09:16.426253+00:00,,ns_sld_exact,0,0,9,1814,0.136,ok,,baseline
2026-03-01,guide,18792,false,czds_zone,2026-03-01T08:09:16.563754+00:00,,ns_sld_exact,1169,124,48903,817852,0.678,ok,,baseline
2026-03-01,guitars,597,false,czds_zone,2026-03-01T08:09:17.242686+00:00,,ns_sld_exact,18,4,1576,64309,0.159,ok,,baseline
2026-03-01,guru,53881,false,czds_zone,2026-03-01T08:09:17.402783+00:00,,ns_sld_exact,2036,713,123483,1717214,1.351,ok,,baseline
2026-03-01,hair,48623,false,czds_zone,2026-03-01T08:09:18.754247+00:00,,ns_sld_exact,3213,20,101157,2142345,1.106,ok,,baseline
2026-03-01,hamburg,15324,false,czds_zone,2026-03-01T08:09:19.132641+00:00,,ns_sld_exact,262,15,43020,384964,0.503,ok,,baseline
2026-03-01,hangout,1,false,czds_zone,2026-03-01T08:09:19.638990+00:00,,ns_sld_exact,0,0,9,1816,0.115,ok,,rolling
2026-03-01,haus,8162,false,czds_zone,2026-03-01T08:09:19.754770+00:00,,ns_sld_exact,749,162,22358,454405,0.329,ok,,baseline
2026-03-01,hbo,4,false,czds_zone,2026-03-01T08:09:19.861452+00:00,,ns_sld_exact,1,12,24,3742,0.122,ok,,baseline
2026-03-01,hdfc,1,false,czds_zone,2026-03-01T08:09:19.985528+00:00,,ns_sld_exact,1,4,8,2182,0.107,ok,,baseline
2026-03-01,hdfcbank,2,false,czds_zone,2026-03-01T08:09:20.084868+00:00,,ns_sld_exact,1,4,12,2233,0.112,ok,,baseline
2026-03-01,health,48288,false,czds_zone,2026-03-01T08:09:20.093462+00:00,,ns_sld_exact,2474,67,115095,1951417,1.413,ok,,baseline
2026-03-01,healthcare,9204,false,czds_zone,2026-03-01T08:09:20.198284+00:00,,ns_sld_exact,481,69,25225,373562,0.484,ok,,baseline
2026-03-01,help,145205,false,czds_zone,2026-03-01T08:09:20.686196+00:00,,ns_sld_exact,1826,1298,408254,2818032,3.725,ok,,baseline
2026-03-01,here,4,false,czds_zone,2026-03-01T08:09:21.253126+00:00,,ns_sld_exact,0,0,21,2457,0.101,ok,,baseline
2026-03-01,hermes,8,false,czds_zone,2026-03-01T08:09:21.356854+00:00,,ns_sld_exact,1,4,22,2290,0.101,ok,,baseline
2026-03-01,hiphop,1181,false,czds_zone,2026-03-01T08:09:21.461895+00:00,,ns_sld_exact,30,2,2919,29388,0.124,ok,,baseline
2026-03-01,hisamitsu,29,false,czds_zone,2026-03-01T08:09:21.510386+00:00,,ns_sld_exact,0,0,62,8302,0.117,ok,,baseline
2026-03-01,hiv,181,false,czds_zone,2026-03-01T08:09:21.587820+00:00,,ns_sld_exact,6,0,721,7136,0.103,ok,,baseline
2026-03-01,hkt,1,false,czds_zone,2026-03-01T08:09:21.629257+00:00,,ns_sld_exact,1,4,8,2193,0.104,ok,,baseline
2026-03-01,hockey,1744,false,czds_zone,2026-03-01T08:09:21.692507+00:00,,ns_sld_exact,98,15,4877,75028,0.141,ok,,baseline
2026-03-01,holdings,8793,false,czds_zone,2026-03-01T08:09:21.734091+00:00,,ns_sld_exact,712,67,23534,451341,0.378,ok,,baseline
2026-03-01,holiday,3959,false,czds_zone,2026-03-01T08:09:21.835091+00:00,,ns_sld_exact,181,21,10589,150169,0.231,ok,,baseline
2026-03-01,homedepot,1,false,czds_zone,2026-03-01T08:09:22.067705+00:00,,ns_sld_exact,1,4,8,2209,0.109,ok,,baseline
2026-03-01,homegoods,1,false,czds_zone,2026-03-01T08:09:22.116023+00:00,,ns_sld_exact,1,12,12,3619,0.097,ok,,baseline
2026-03-01,homes,78344,false,czds_zone,2026-03-01T08:09:22.178467+00:00,,ns_sld_exact,4755,88,183578,3172149,2.301,ok,,baseline
2026-03-01,homesense,1,false,czds_zone,2026-03-01T08:09:22.214045+00:00,,ns_sld_exact,1,12,12,3614,0.102,ok,,baseline
2026-03-01,honda,6,false,czds_zone,2026-03-01T08:09:22.317944+00:00,,ns_sld_exact,0,0,26,3524,0.112,ok,,baseline
2026-03-01,horse,4487,false,czds_zone,2026-03-01T08:09:22.431177+00:00,,ns_sld_exact,241,82,11359,201094,0.273,ok,,baseline
2026-03-01,hospital,1953,false,czds_zone,2026-03-01T08:09:22.705989+00:00,,ns_sld_exact,112,30,4961,83331,0.171,ok,,rolling
2026-03-01,host,22322,false,czds_zone,2026-03-01T08:09:22.882118+00:00,,ns_sld_exact,738,1228,51186,681703,0.62,ok,,baseline
2026-03-01,hosting,2284,false,czds_zone,2026-03-01T08:09:23.503580+00:00,,ns_sld_exact,162,251,6512,265214,0.261,ok,,baseline
2026-03-01,hotels,1,false,czds_zone,2026-03-01T08:09:23.766577+00:00,,ns_sld_exact,1,12,12,3602,0.095,ok,,baseline
2026-03-01,hotmail,19,false,czds_zone,2026-03-01T08:09:23.862972+00:00,,ns_sld_exact,1,9,88,5208,0.111,ok,,baseline
2026-03-01,house,24360,false,czds_zone,2026-03-01T08:09:23.976723+00:00,,ns_sld_exact,1916,287,61300,1194938,0.753,ok,,baseline
2026-03-01,how,3335,false,czds_zone,2026-03-01T08:09:24.412874+00:00,,ns_sld_exact,530,2,10069,814214,0.329,ok,,baseline
2026-03-01,hsbc,11,false,czds_zone,2026-03-01T08:09:24.480547+00:00,,ns_sld_exact,1,12,52,3864,0.114,ok,,baseline
2026-03-01,hughes,2,false,czds_zone,2026-03-01T08:09:24.595651+00:00,,ns_sld_exact,1,4,14,2246,0.124,ok,,baseline
2026-03-01,hyatt,22,false,czds_zone,2026-03-01T08:09:24.720846+00:00,,ns_sld_exact,1,12,138,4269,0.101,ok,,baseline
2026-03-01,hyundai,11,false,czds_zone,2026-03-01T08:09:24.730981+00:00,,ns_sld_exact,0,0,26,4468,0.113,ok,,baseline
2026-03-01,ibm,1,false,czds_zone,2026-03-01T08:09:24.742970+00:00,,ns_sld_exact,1,12,12,3586,0.104,ok,,rolling
2026-03-01,icbc,1,false,czds_zone,2026-03-01T08:09:24.823031+00:00,,ns_sld_exact,1,0,15,2187,0.074,ok,,baseline
2026-03-01,ice,10,false,czds_zone,2026-03-01T08:09:24.845962+00:00,,ns_sld_exact,0,4,80,2129,0.097,ok,,baseline
2026-03-01,icu,483208,false,czds_zone,2026-03-01T08:09:24.848592+00:00,,ns_sld_exact,6084,1600,1052362,9081343,8.832,ok,,baseline
2026-03-01,ieee,6,false,czds_zone,2026-03-01T08:09:24.898327+00:00,,ns_sld_exact,1,9,31,4819,0.077,ok,,baseline
2026-03-01,ifm,78,false,czds_zone,2026-03-01T08:09:24.943652+00:00,,ns_sld_exact,1,0,226,20753,0.112,ok,,baseline
2026-03-01,ikano,29,false,czds_zone,2026-03-01T08:09:24.976282+00:00,,ns_sld_exact,1,0,113,3067,0.105,ok,,baseline
2026-03-01,imamat,4,false,czds_zone,2026-03-01T08:09:25.056806+00:00,,ns_sld_exact,1,4,14,2259,0.102,ok,,baseline
2026-03-01,immo,21103,false,czds_zone,2026-03-01T08:09:25.082348+00:00,,ns_sld_exact,2907,85,56358,1537951,0.941,ok,,baseline
2026-03-01,immobilien,7483,false,czds_zone,2026-03-01T08:09:25.159610+00:00,,ns_sld_exact,146,15,21381,192890,0.36,ok,,baseline
2026-03-01,inc,6886,false,czds_zone,2026-03-01T08:09:25.521891+00:00,,ns_sld_exact,195,21,17813,200228,0.334,ok,,baseline
2026-03-01,industries,6989,false,czds_zone,2026-03-01T08:09:25.857168+00:00,,ns_sld_exact,771,90,19367,447059,0.423,ok,,baseline
2026-03-01,info,5166741,false,czds_zone,2026-03-01T08:09:26.025166+00:00,,ns_sld_exact,262049,134486,12809771,191352948,124.909,ok,,baseline
2026-03-01,ing,19009,false,czds_zone,2026-03-01T08:09:26.281452+00:00,,ns_sld_exact,955,72,46852,4127842,1.59,ok,,baseline
2026-03-01,ink,102412,false,czds_zone,2026-03-01T08:09:27.872498+00:00,,ns_sld_exact,3658,848,224268,3305924,2.549,ok,,baseline
2026-03-01,institute,18238,false,czds_zone,2026-03-01T08:09:30.424481+00:00,,ns_sld_exact,1081,141,45664,760124,0.656,ok,,baseline
2026-03-01,insure,6092,false,czds_zone,2026-03-01T08:09:31.082079+00:00,,ns_sld_exact,263,72,15994,218985,0.295,ok,,baseline
2026-03-01,international,26098,false,czds_zone,2026-03-01T08:09:31.378751+00:00,,ns_sld_exact,1653,251,67344,1145361,0.9,ok,,baseline
2026-03-01,intuit,1,false,czds_zone,2026-03-01T08:09:32.282096+00:00,,ns_sld_exact,1,8,12,3543,0.108,ok,,baseline
2026-03-01,investments,7221,false,czds_zone,2026-03-01T08:09:32.391543+00:00,,ns_sld_exact,588,34,18434,367825,0.418,ok,,baseline
2026-03-01,ipiranga,38,false,czds_zone,2026-03-01T08:09:32.810992+00:00,,ns_sld_exact,1,8,112,4414,0.11,ok,,baseline
2026-03-01,irish,23309,false,czds_zone,2026-03-01T08:09:32.924213+00:00,,ns_sld_exact,266,31,48942,442176,0.608,ok,,baseline
2026-03-01,ismaili,34,false,czds_zone,2026-03-01T08:09:33.534877+00:00,,ns_sld_exact,1,4,79,2673,0.102,ok,,baseline
2026-03-01,ist,7662,false,czds_zone,2026-03-01T08:09:33.638083+00:00,,ns_sld_exact,120,159,17796,170273,0.276,ok,,baseline
2026-03-01,istanbul,4970,false,czds_zone,2026-03-01T08:09:33.681460+00:00,,ns_sld_exact,23,105,11364,87534,0.246,ok,,baseline
2026-03-01,itv,41,false,czds_zone,2026-03-01T08:09:33.915467+00:00,,ns_sld_exact,2,4,94,3329,0.108,ok,,rolling
2026-03-01,jaguar,4,false,czds_zone,2026-03-01T08:09:33.928654+00:00,,ns_sld_exact,0,4,24,1916,0.113,ok,,baseline
2026-03-01,java,8,false,czds_zone,2026-03-01T08:09:34.024528+00:00,,ns_sld_exact,1,4,40,2416,0.095,ok,,baseline
2026-03-01,jeep,1,false,czds_zone,2026-03-01T08:09:34.043056+00:00,,ns_sld_exact,1,4,8,2184,0.098,ok,,baseline
2026-03-01,jetzt,11105,false,czds_zone,2026-03-01T08:09:34.120605+00:00,,ns_sld_exact,409,55,30863,373964,0.373,ok,,baseline
2026-03-01,jewelry,3916,false,czds_zone,2026-03-01T08:09:34.142770+00:00,,ns_sld_exact,187,20,10356,148359,0.266,ok,,baseline
2026-03-01,jio,29,false,czds_zone,2026-03-01T08:09:34.410383+00:00,,ns_sld_exact,1,32,113,3094,0.112,ok,,baseline
2026-03-01,jll,11,false,czds_zone,2026-03-01T08:09:34.495228+00:00,,ns_sld_exact,1,4,56,2488,0.111,ok,,baseline
2026-03-01,jnj,130,false,czds_zone,2026-03-01T08:09:34.525196+00:00,,ns_sld_exact,1,4,1023,6778,0.109,ok,,baseline
2026-03-01,jobs,10798,false,czds_zone,2026-03-01T08:09:34.607222+00:00,,ns_sld_exact,202,23,31815,360991,0.426,ok,,rolling
2026-03-01,jpmorgan,74,false,czds_zone,2026-03-01T08:09:34.637736+00:00,,ns_sld_exact,2,8,350,5835,0.098,ok,,baseline
2026-03-01,jprs,30,false,czds_zone,2026-03-01T08:09:34.737008+00:00,,ns_sld_exact,19,84,107,10716,0.116,ok,,baseline
2026-03-01,juegos,475,false,czds_zone,2026-03-01T08:09:34.854914+00:00,,ns_sld_exact,13,23,1585,13930,0.124,ok,,baseline
2026-03-01,juniper,1,false,czds_zone,2026-03-01T08:09:34.980082+00:00,,ns_sld_exact,1,4,8,2203,0.098,ok,,baseline
2026-03-01,kaufen,4679,false,czds_zone,2026-03-01T08:09:35.034491+00:00,,ns_sld_exact,86,10,13209,122850,0.236,ok,,baseline
2026-03-01,kerryhotels,1,false,czds_zone,2026-03-01T08:09:35.079344+00:00,,ns_sld_exact,0,4,8,1820,0.102,ok,,baseline
2026-03-01,kerryproperties,1,false,czds_zone,2026-03-01T08:09:35.182150+00:00,,ns_sld_exact,0,4,8,1817,0.1,ok,,baseline
2026-03-01,kfh,94,false,czds_zone,2026-03-01T08:09:35.272276+00:00,,ns_sld_exact,1,4,468,4222,0.11,ok,,baseline
2026-03-01,kia,3,false,czds_zone,2026-03-01T08:09:35.283458+00:00,,ns_sld_exact,0,0,10,2710,0.111,ok,,rolling
2026-03-01,kids,6202,false,czds_zone,2026-03-01T08:09:35.383370+00:00,,ns_sld_exact,169,25,15554,172837,0.248,ok,,baseline
2026-03-01,kim,7944,false,czds_zone,2026-03-01T08:09:35.395416+00:00,,ns_sld_exact,340,168,18829,267430,0.343,ok,,baseline
2026-03-01,kitchen,7448,false,czds_zone,2026-03-01T08:09:35.632771+00:00,,ns_sld_exact,486,54,19362,330692,0.338,ok,,baseline
2026-03-01,koeln,17363,false,czds_zone,2026-03-01T08:09:35.739034+00:00,,ns_sld_exact,284,26,52693,439974,0.607,ok,,baseline
2026-03-01,komatsu,85,false,czds_zone,2026-03-01T08:09:35.972242+00:00,,ns_sld_exact,0,0,338,21572,0.102,ok,,baseline
2026-03-01,kosher,1,false,czds_zone,2026-03-01T08:09:36.075661+00:00,,ns_sld_exact,1,4,8,2195,0.116,ok,,baseline
2026-03-01,kpmg,17,false,czds_zone,2026-03-01T08:09:36.194713+00:00,,ns_sld_exact,1,12,65,4031,0.102,ok,,baseline
2026-03-01,krd,1751,false,czds_zone,2026-03-01T08:09:36.298222+00:00,,ns_sld_exact,26,20,3875,41834,0.15,ok,,baseline
2026-03-01,kred,1642,false,czds_zone,2026-03-01T08:09:36.350034+00:00,,ns_sld_exact,0,4,2796,24033,0.144,ok,,baseline
2026-03-01,kuokgroup,1,false,czds_zone,2026-03-01T08:09:36.449919+00:00,,ns_sld_exact,0,4,8,1798,0.104,ok,,baseline
2026-03-01,lacaixa,1,false,czds_zone,2026-03-01T08:09:36.497201+00:00,,ns_sld_exact,1,0,6,2242,0.097,ok,,baseline
2026-03-01,lamborghini,246,false,czds_zone,2026-03-01T08:09:36.555140+00:00,,ns_sld_exact,1,4,988,10567,0.106,ok,,baseline
2026-03-01,lamer,1,false,czds_zone,2026-03-01T08:09:36.595249+00:00,,ns_sld_exact,1,4,8,2195,0.101,ok,,baseline
2026-03-01,land,20833,false,czds_zone,2026-03-01T08:09:36.662374+00:00,,ns_sld_exact,1692,312,52812,1052809,0.633,ok,,baseline
2026-03-01,landrover,4,false,czds_zone,2026-03-01T08:09:36.697566+00:00,,ns_sld_exact,0,4,24,1915,0.091,ok,,baseline
2026-03-01,lanxess,24,false,czds_zone,2026-03-01T08:09:36.791214+00:00,,ns_sld_exact,1,12,60,3945,0.107,ok,,baseline
2026-03-01,lasalle,1,false,czds_zone,2026-03-01T08:09:36.901422+00:00,,ns_sld_exact,1,4,8,2194,0.106,ok,,baseline
2026-03-01,lat,124885,false,czds_zone,2026-03-01T08:09:37.019289+00:00,,ns_sld_exact,6949,529,272074,4731407,3.136,ok,,baseline
2026-03-01,latino,1,false,czds_zone,2026-03-01T08:09:37.300270+00:00,,ns_sld_exact,1,0,6,1279,0.124,ok,,baseline
2026-03-01,latrobe,27,false,czds_zone,2026-03-01T08:09:37.425491+00:00,,ns_sld_exact,1,12,64,3965,0.105,ok,,baseline
2026-03-01,law,24434,false,czds_zone,2026-03-01T08:09:37.531476+00:00,,ns_sld_exact,682,41,57597,718035,0.713,ok,,baseline
2026-03-01,lawyer,8197,false,czds_zone,2026-03-01T08:09:38.245833+00:00,,ns_sld_exact,494,43,20807,345732,0.414,ok,,baseline
2026-03-01,lds,1,false,czds_zone,2026-03-01T08:09:38.660841+00:00,,ns_sld_exact,1,4,8,2196,0.14,ok,,baseline
2026-03-01,lease,1883,false,czds_zone,2026-03-01T08:09:38.804408+00:00,,ns_sld_exact,160,12,4948,100211,0.202,ok,,baseline
2026-03-01,leclerc,1177,false,czds_zone,2026-03-01T08:09:39.007489+00:00,,ns_sld_exact,1,0,2991,15608,0.127,ok,,baseline
2026-03-01,lefrak,1,false,czds_zone,2026-03-01T08:09:39.135497+00:00,,ns_sld_exact,0,4,8,1789,0.109,ok,,rolling
2026-03-01,legal,21308,false,czds_zone,2026-03-01T08:09:39.246118+00:00,,ns_sld_exact,1547,165,56622,1013237,0.842,ok,,baseline
2026-03-01,lego,2,false,czds_zone,2026-03-01T08:09:40.090431+00:00,,ns_sld_exact,0,6,14,1883,0.116,ok,,baseline
2026-03-01,lexus,10,false,czds_zone,2026-03-01T08:09:40.156569+00:00,,ns_sld_exact,0,0,30,4343,0.097,ok,,baseline
2026-03-01,lgbt,12144,false,czds_zone,2026-03-01T08:09:40.207052+00:00,,ns_sld_exact,230,50,26245,230178,0.332,ok,,baseline
2026-03-01,lidl,125,false,czds_zone,2026-03-01T08:09:40.254559+00:00,,ns_sld_exact,1,4,380,3060,0.107,ok,,baseline
2026-03-01,life,381606,false,czds_zone,2026-03-01T08:09:40.362782+00:00,,ns_sld_exact,9478,4276,881266,9577237,9.569,ok,,baseline
2026-03-01,lifeinsurance,1,false,czds_zone,2026-03-01T08:09:40.540024+00:00,,ns_sld_exact,1,12,12,3635,0.106,ok,,baseline
2026-03-01,lifestyle,11550,false,czds_zone,2026-03-01T08:09:40.647405+00:00,,ns_sld_exact,386,0,24239,313831,0.45,ok,,rolling
2026-03-01,lighting,5467,false,czds_zone,2026-03-01T08:09:41.112882+00:00,,ns_sld_exact,343,45,14151,238642,0.302,ok,,rolling
2026-03-01,lilly,9,false,czds_zone,2026-03-01T08:09:41.416643+00:00,,ns_sld_exact,1,12,36,3903,0.101,ok,,baseline
2026-03-01,limited,6844,false,czds_zone,2026-03-01T08:09:41.519154+00:00,,ns_sld_exact,489,136,18685,334083,0.328,ok,,baseline
2026-03-01,limo,2203,false,czds_zone,2026-03-01T08:09:41.849857+00:00,,ns_sld_exact,79,24,5314,71804,0.171,ok,,baseline
2026-03-01,link,280726,false,czds_zone,2026-03-01T08:09:42.022199+00:00,,ns_sld_exact,32879,6593,745467,14396585,10.175,ok,,rolling
2026-03-01,live,548030,false,czds_zone,2026-03-01T08:09:49.932831+00:00,,ns_sld_exact,15133,7130,1321182,15149501,14.328,ok,,baseline
2026-03-01,living,5962,false,czds_zone,2026-03-01T08:09:52.198563+00:00,,ns_sld_exact,161,4,12913,136170,0.249,ok,,baseline
2026-03-01,llc,47809,false,czds_zone,2026-03-01T08:09:52.448812+00:00,,ns_sld_exact,7721,425,126050,3883151,2.187,ok,,baseline
2026-03-01,loan,72104,false,czds_zone,2026-03-01T08:09:54.637809+00:00,,ns_sld_exact,374,32,147295,863697,1.424,ok,,rolling
2026-03-01,loans,7349,false,czds_zone,2026-03-01T08:09:56.063440+00:00,,ns_sld_exact,149,24,18045,172781,0.292,ok,,baseline
2026-03-01,locker,23441,false,czds_zone,2026-03-01T08:09:56.359561+00:00,,ns_sld_exact,101,6,47335,236772,0.56,ok,,baseline
2026-03-01,locus,21,false,czds_zone,2026-03-01T08:09:56.920691+00:00,,ns_sld_exact,1,9,90,5511,0.121,ok,,baseline
2026-03-01,lol,253921,false,czds_zone,2026-03-01T08:09:57.044263+00:00,,ns_sld_exact,19490,429,549977,28139069,13.884,ok,,baseline
2026-03-01,london,34922,false,czds_zone,2026-03-01T08:10:04.261772+00:00,,ns_sld_exact,814,74,88344,941890,1.159,ok,,baseline
2026-03-01,lotto,104,false,czds_zone,2026-03-01T08:10:05.422533+00:00,,ns_sld_exact,4,4,320,5612,0.139,ok,,baseline
2026-03-01,love,67107,false,czds_zone,2026-03-01T08:10:05.563582+00:00,,ns_sld_exact,2674,52,166395,1857337,1.797,ok,,baseline
2026-03-01,ltd,111387,false,czds_zone,2026-03-01T08:10:07.361786+00:00,,ns_sld_exact,3585,1081,255127,3165811,2.573,ok,,baseline
2026-03-01,ltda,528,false,czds_zone,2026-03-01T08:10:09.935981+00:00,,ns_sld_exact,5,11,1638,13778,0.312,ok,,rolling
2026-03-01,lundbeck,272,false,czds_zone,2026-03-01T08:10:10.251504+00:00,,ns_sld_exact,0,4,550,4276,0.268,ok,,baseline
2026-03-01,luxe,8892,false,czds_zone,2026-03-01T08:10:10.523449+00:00,,ns_sld_exact,186,12,19765,230014,0.546,ok,,baseline
2026-03-01,luxury,3962,false,czds_zone,2026-03-01T08:10:10.930121+00:00,,ns_sld_exact,238,8,10223,185639,0.487,ok,,baseline
2026-03-01,madrid,3269,false,czds_zone,2026-03-01T08:10:11.071350+00:00,,ns_sld_exact,39,5,9062,808217,0.792,ok,,baseline
2026-03-01,maif,6,false,czds_zone,2026-03-01T08:10:11.417814+00:00,,ns_sld_exact,1,6,22,2338,0.263,ok,,baseline
2026-03-01,maison,1365,false,czds_zone,2026-03-01T08:10:11.682267+00:00,,ns_sld_exact,152,9,3924,90453,0.378,ok,,baseline
2026-03-01,makeup,104555,false,czds_zone,2026-03-01T08:10:11.864739+00:00,,ns_sld_exact,1120,22,213310,1518128,1.851,ok,,baseline
2026-03-01,man,204,false,czds_zone,2026-03-01T08:10:12.061687+00:00,,ns_sld_exact,1,0,623,51639,0.281,ok,,baseline
2026-03-01,management,12185,false,czds_zone,2026-03-01T08:10:12.344006+00:00,,ns_sld_exact,1157,64,33132,703225,0.883,ok,,baseline
2026-03-01,mango,50,false,czds_zone,2026-03-01T08:10:13.229066+00:00,,ns_sld_exact,1,0,202,13449,0.289,ok,,baseline
2026-03-01,map,1,false,czds_zone,2026-03-01T08:10:13.521949+00:00,,ns_sld_exact,0,0,9,1814,0.261,ok,,baseline
2026-03-01,market,18351,false,czds_zone,2026-03-01T08:10:13.717808+00:00,,ns_sld_exact,1030,278,47422,741113,0.954,ok,,baseline
2026-03-01,marketing,27264,false,czds_zone,2026-03-01T08:10:13.784075+00:00,,ns_sld_exact,1639,354,68936,1140794,1.193,ok,,baseline
2026-03-01,markets,5238,false,czds_zone,2026-03-01T08:10:14.675078+00:00,,ns_sld_exact,274,56,12526,195033,0.515,ok,,baseline
2026-03-01,marriott,54,false,czds_zone,2026-03-01T08:10:14.978925+00:00,,ns_sld_exact,1,4,203,3985,0.275,ok,,baseline
2026-03-01,marshalls,1,false,czds_zone,2026-03-01T08:10:15.191437+00:00,,ns_sld_exact,1,12,12,3622,0.259,ok,,baseline
2026-03-01,mattel,6,false,czds_zone,2026-03-01T08:10:15.255125+00:00,,ns_sld_exact,1,12,32,3751,0.266,ok,,baseline
2026-03-01,mba,4787,false,czds_zone,2026-03-01T08:10:15.452039+00:00,,ns_sld_exact,226,34,11446,171348,0.503,ok,,baseline
2026-03-01,mckinsey,1,false,czds_zone,2026-03-01T08:10:15.522080+00:00,,ns_sld_exact,1,4,8,2208,0.268,ok,,rolling
2026-03-01,med,2455,false,czds_zone,2026-03-01T08:10:15.791874+00:00,,ns_sld_exact,16,9,6641,53629,0.31,ok,,baseline
2026-03-01,media,85375,false,czds_zone,2026-03-01T08:10:15.956989+00:00,,ns_sld_exact,5417,1310,214223,3671366,2.472,ok,,baseline
2026-03-01,meet,50,false,czds_zone,2026-03-01T08:10:16.102974+00:00,,ns_sld_exact,0,0,205,12055,0.274,ok,,baseline
2026-03-01,melbourne,5047,false,czds_zone,2026-03-01T08:10:16.378419+00:00,,ns_sld_exact,32,23,12872,108836,0.526,ok,,baseline
2026-03-01,meme,6182,false,czds_zone,2026-03-01T08:10:16.906385+00:00,,ns_sld_exact,292,19,14505,1341987,1.154,ok,,baseline
2026-03-01,memorial,803,false,czds_zone,2026-03-01T08:10:18.061955+00:00,,ns_sld_exact,51,6,2195,39003,0.376,ok,,baseline
2026-03-01,men,11632,false,czds_zone,2026-03-01T08:10:18.430457+00:00,,ns_sld_exact,633,62,26517,491287,0.68,ok,,baseline
2026-03-01,menu,5287,false,czds_zone,2026-03-01T08:10:18.439542+00:00,,ns_sld_exact,133,45,14223,168035,0.55,ok,,baseline
2026-03-01,merckmsd,1,false,czds_zone,2026-03-01T08:10:18.991781+00:00,,ns_sld_exact,1,7,12,3510,0.275,ok,,baseline
2026-03-01,miami,12837,false,czds_zone,2026-03-01T08:10:19.112116+00:00,,ns_sld_exact,205,34,28860,299593,0.58,ok,,baseline
2026-03-01,microsoft,83,false,czds_zone,2026-03-01T08:10:19.267709+00:00,,ns_sld_exact,8,9,351,11513,0.27,ok,,baseline
2026-03-01,mini,79,false,czds_zone,2026-03-01T08:10:19.539147+00:00,,ns_sld_exact,1,4,389,4011,0.26,ok,,baseline
2026-03-01,mint,1,false,czds_zone,2026-03-01T08:10:19.692824+00:00,,ns_sld_exact,1,8,12,3546,0.27,ok,,baseline
2026-03-01,mit,3,false,czds_zone,2026-03-01T08:10:19.800783+00:00,,ns_sld_exact,1,4,24,2283,0.248,ok,,baseline
2026-03-01,mitsubishi,1,false,czds_zone,2026-03-01T08:10:19.964599+00:00,,ns_sld_exact,0,0,6,2267,0.279,ok,,rolling
2026-03-01,mlb,46,false,czds_zone,2026-03-01T08:10:20.050435+00:00,,ns_sld_exact,1,12,342,5222,0.483,ok,,baseline
2026-03-01,mls,1,false,czds_zone,2026-03-01T08:10:20.245173+00:00,,ns_sld_exact,1,4,8,2558,0.272,ok,,baseline
2026-03-01,mma,1612,false,czds_zone,2026-03-01T08:10:20.518858+00:00,,ns_sld_exact,1,0,6449,29893,0.325,ok,,baseline
2026-03-01,mobi,405397,false,czds_zone,2026-03-01T08:10:20.534811+00:00,,ns_sld_exact,23104,2374,939596,14926852,9.981,ok,,baseline
2026-03-01,mobile,3572,false,czds_zone,2026-03-01T08:10:20.844480+00:00,,ns_sld_exact,116,0,9438,90439,0.424,ok,,rolling
2026-03-01,moda,2266,false,czds_zone,2026-03-01T08:10:21.269906+00:00,,ns_sld_exact,113,33,6249,90435,0.461,ok,,baseline
2026-03-01,moe,16534,false,czds_zone,2026-03-01T08:10:21.753155+00:00,,ns_sld_exact,1693,215,41328,1091132,1.247,ok,,baseline
2026-03-01,mom,51103,false,czds_zone,2026-03-01T08:10:23.004380+00:00,,ns_sld_exact,3167,227,110863,5679199,3.353,ok,,baseline
2026-03-01,monash,64,false,czds_zone,2026-03-01T08:10:26.359006+00:00,,ns_sld_exact,1,12,217,4720,0.269,ok,,rolling
2026-03-01,money,20499,false,czds_zone,2026-03-01T08:10:26.629421+00:00,,ns_sld_exact,1109,174,49197,777299,1.3,ok,,baseline
2026-03-01,monster,31127,false,czds_zone,2026-03-01T08:10:27.930876+00:00,,ns_sld_exact,1288,451,72310,864373,1.19,ok,,baseline
2026-03-01,mormon,1,false,czds_zone,2026-03-01T08:10:29.122000+00:00,,ns_sld_exact,1,4,8,2194,0.273,ok,,baseline
2026-03-01,mortgage,3910,false,czds_zone,2026-03-01T08:10:29.396044+00:00,,ns_sld_exact,160,23,10265,136232,0.54,ok,,baseline
2026-03-01,moto,1,false,czds_zone,2026-03-01T08:10:29.938285+00:00,,ns_sld_exact,1,8,12,3548,0.289,ok,,baseline
2026-03-01,motorcycles,14186,false,czds_zone,2026-03-01T08:10:30.228969+00:00,,ns_sld_exact,1438,8,29201,780369,0.807,ok,,baseline
2026-03-01,mov,6096,false,czds_zone,2026-03-01T08:10:30.517650+00:00,,ns_sld_exact,461,2,15952,1370029,0.999,ok,,baseline
2026-03-01,movie,4211,false,czds_zone,2026-03-01T08:10:31.038783+00:00,,ns_sld_exact,120,24,13072,137117,0.584,ok,,rolling
2026-03-01,msd,1,false,czds_zone,2026-03-01T08:10:31.518636+00:00,,ns_sld_exact,1,6,12,3478,0.272,ok,,baseline
2026-03-01,mtn,5,false,czds_zone,2026-03-01T08:10:31.624200+00:00,,ns_sld_exact,1,9,28,4796,0.272,ok,,baseline
2026-03-01,museum,1036,false,czds_zone,2026-03-01T08:10:31.792580+00:00,,ns_sld_exact,117,4,2953,55987,0.286,ok,,baseline
2026-03-01,music,7032,false,czds_zone,2026-03-01T08:10:31.896892+00:00,,ns_sld_exact,165,3,19414,173981,0.554,ok,,baseline
2026-03-01,nab,4,false,czds_zone,2026-03-01T08:10:32.080153+00:00,,ns_sld_exact,0,4,14,1852,0.257,ok,,baseline
2026-03-01,navy,1148,false,czds_zone,2026-03-01T08:10:32.341173+00:00,,ns_sld_exact,137,24,3127,79376,0.347,ok,,baseline
2026-03-01,nba,1,false,czds_zone,2026-03-01T08:10:32.452639+00:00,,ns_sld_exact,1,12,12,3598,0.268,ok,,baseline
2026-03-01,nec,7,false,czds_zone,2026-03-01T08:10:32.689842+00:00,,ns_sld_exact,0,0,18,3577,0.272,ok,,baseline
2026-03-01,netbank,5,false,czds_zone,2026-03-01T08:10:32.721519+00:00,,ns_sld_exact,1,12,26,3795,0.266,ok,,baseline
2026-03-01,netflix,1,false,czds_zone,2026-03-01T08:10:32.963354+00:00,,ns_sld_exact,1,8,12,3564,0.275,ok,,baseline
2026-03-01,network,73245,false,czds_zone,2026-03-01T08:10:32.988895+00:00,,ns_sld_exact,6764,3180,184382,4061492,2.522,ok,,baseline
2026-03-01,neustar,677,false,czds_zone,2026-03-01T08:10:33.239866+00:00,,ns_sld_exact,3,13,4056,20350,0.296,ok,,baseline
2026-03-01,new,2121,false,czds_zone,2026-03-01T08:10:33.537859+00:00,,ns_sld_exact,218,2,6150,495396,0.819,ok,,baseline
2026-03-01,news,71768,false,czds_zone,2026-03-01T08:10:34.358662+00:00,,ns_sld_exact,3067,1192,181980,2513403,2.065,ok,,baseline
2026-03-01,next,18,false,czds_zone,2026-03-01T08:10:35.512636+00:00,,ns_sld_exact,0,4,50,2088,0.3,ok,,rolling
2026-03-01,nextdirect,2,false,czds_zone,2026-03-01T08:10:35.814208+00:00,,ns_sld_exact,0,4,10,1832,0.314,ok,,baseline
2026-03-01,nexus,3796,false,czds_zone,2026-03-01T08:10:36.129722+00:00,,ns_sld_exact,674,10,9387,928522,0.77,ok,,baseline
2026-03-01,nfl,2,false,czds_zone,2026-03-01T08:10:36.424258+00:00,,ns_sld_exact,1,8,14,3568,0.479,ok,,baseline
2026-03-01,ngo,4691,false,czds_zone,2026-03-01T08:10:36.901328+00:00,,ns_sld_exact,122,94,11942,135425,0.46,ok,,baseline
2026-03-01,nikon,1,false,czds_zone,2026-03-01T08:10:36.904445+00:00,,ns_sld_exact,0,4,8,1792,0.267,ok,,baseline
2026-03-01,ninja,25131,false,czds_zone,2026-03-01T08:10:37.173022+00:00,,ns_sld_exact,2073,814,71486,1376563,1.224,ok,,baseline
2026-03-01,nissay,1,false,czds_zone,2026-03-01T08:10:37.362756+00:00,,ns_sld_exact,1,6,12,2259,0.276,ok,,baseline
2026-03-01,nokia,4,false,czds_zone,2026-03-01T08:10:37.639436+00:00,,ns_sld_exact,1,4,26,2269,0.282,ok,,baseline
2026-03-01,norton,1,false,czds_zone,2026-03-01T08:10:37.928825+00:00,,ns_sld_exact,1,7,12,4053,0.287,ok,,baseline
2026-03-01,nowruz,10,false,czds_zone,2026-03-01T08:10:38.217192+00:00,,ns_sld_exact,1,1,39,4769,0.274,ok,,baseline
2026-03-01,nowtv,1,false,czds_zone,2026-03-01T08:10:38.398715+00:00,,ns_sld_exact,1,4,8,2187,0.265,ok,,baseline
2026-03-01,nra,129,false,czds_zone,2026-03-01T08:10:38.492362+00:00,,ns_sld_exact,1,4,395,4217,0.264,ok,,baseline
2026-03-01,nrw,17959,false,czds_zone,2026-03-01T08:10:38.664329+00:00,,ns_sld_exact,2417,29,55730,4932247,2.241,ok,,baseline
2026-03-01,nyc,58061,false,czds_zone,2026-03-01T08:10:38.759145+00:00,,ns_sld_exact,577,106,134648,1172337,1.636,ok,,baseline
2026-03-01,obi,1,false,czds_zone,2026-03-01T08:10:40.396932+00:00,,ns_sld_exact,1,4,8,2194,0.125,ok,,baseline
2026-03-01,observer,3032,false,czds_zone,2026-03-01T08:10:40.522481+00:00,,ns_sld_exact,156,35,7352,95049,0.169,ok,,baseline
2026-03-01,office,5,false,czds_zone,2026-03-01T08:10:40.695789+00:00,,ns_sld_exact,1,9,32,4909,0.118,ok,,baseline
2026-03-01,olayan,2,false,czds_zone,2026-03-01T08:10:40.815223+00:00,,ns_sld_exact,1,12,14,3608,0.097,ok,,baseline
2026-03-01,olayangroup,2,false,czds_zone,2026-03-01T08:10:40.907192+00:00,,ns_sld_exact,1,12,14,3634,0.117,ok,,baseline
2026-03-01,ollo,1,false,czds_zone,2026-03-01T08:10:40.913805+00:00,,ns_sld_exact,1,0,6,1284,0.101,ok,,baseline
2026-03-01,omega,3,false,czds_zone,2026-03-01T08:10:41.015971+00:00,,ns_sld_exact,1,9,24,4785,0.094,ok,,baseline
2026-03-01,one,224429,false,czds_zone,2026-03-01T08:10:41.025879+00:00,,ns_sld_exact,39765,1151,532187,22387885,9.033,ok,,baseline
2026-03-01,ong,2169,false,czds_zone,2026-03-01T08:10:41.110920+00:00,,ns_sld_exact,45,37,5882,60945,0.166,ok,,baseline
2026-03-01,online,3241951,false,czds_zone,2026-03-01T08:10:41.277552+00:00,,ns_sld_exact,108921,10409,7542584,99294938,84.114,ok,,baseline
2026-03-01,open,1,false,czds_zone,2026-03-01T08:10:50.067487+00:00,,ns_sld_exact,1,12,12,3614,0.115,ok,,rolling
2026-03-01,oracle,3,false,czds_zone,2026-03-01T08:10:50.183849+00:00,,ns_sld_exact,1,4,20,2281,0.105,ok,,rolling
2026-03-01,orange,12,false,czds_zone,2026-03-01T08:10:50.290142+00:00,,ns_sld_exact,5,8,47,4088,0.103,ok,,baseline
2026-03-01,org,11665032,false,czds_zone,2026-03-01T08:10:50.393970+00:00,,ns_sld_exact,591661,387567,29460753,448065048,308.006,ok,,baseline
2026-03-01,organic,1532,false,czds_zone,2026-03-01T08:11:30.935421+00:00,,ns_sld_exact,86,5,4169,65289,0.246,ok,,baseline
2026-03-01,origins,1,false,czds_zone,2026-03-01T08:11:31.182603+00:00,,ns_sld_exact,1,4,8,2185,0.103,ok,,baseline
2026-03-01,osaka,999,false,czds_zone,2026-03-01T08:11:31.288926+00:00,,ns_sld_exact,10,20,3161,26945,0.145,ok,,baseline
2026-03-01,ott,1,false,czds_zone,2026-03-01T08:11:31.439333+00:00,,ns_sld_exact,1,0,6,1283,0.233,ok,,baseline
2026-03-01,ovh,83772,false,czds_zone,2026-03-01T08:11:31.684331+00:00,,ns_sld_exact,32200,1003,169912,10095033,4.132,ok,,baseline
2026-03-01,page,35373,false,czds_zone,2026-03-01T08:11:35.817400+00:00,,ns_sld_exact,12637,153,113357,10023106,4.269,ok,,baseline
2026-03-01,panasonic,3,false,czds_zone,2026-03-01T08:11:40.092488+00:00,,ns_sld_exact,0,0,16,2796,0.106,ok,,rolling
2026-03-01,paris,18388,false,czds_zone,2026-03-01T08:11:40.200276+00:00,,ns_sld_exact,3958,30,47545,1442496,0.937,ok,,baseline
2026-03-01,pars,1,false,czds_zone,2026-03-01T08:11:41.138657+00:00,,ns_sld_exact,1,1,16,4503,0.105,ok,,baseline
2026-03-01,partners,16334,false,czds_zone,2026-03-01T08:11:41.244267+00:00,,ns_sld_exact,1143,116,42533,758689,0.59,ok,,baseline
2026-03-01,parts,7244,false,czds_zone,2026-03-01T08:11:41.839329+00:00,,ns_sld_exact,434,74,18554,307697,0.356,ok,,baseline
2026-03-01,party,20180,false,czds_zone,2026-03-01T08:11:42.200602+00:00,,ns_sld_exact,1650,105,49879,1168913,0.76,ok,,baseline
2026-03-01,pccw,1,false,czds_zone,2026-03-01T08:11:42.961580+00:00,,ns_sld_exact,1,4,8,2189,0.106,ok,,baseline
2026-03-01,pet,24273,false,czds_zone,2026-03-01T08:11:43.068943+00:00,,ns_sld_exact,613,170,55204,595686,0.691,ok,,baseline
2026-03-01,pfizer,91,false,czds_zone,2026-03-01T08:11:43.761487+00:00,,ns_sld_exact,1,12,320,5416,0.123,ok,,baseline
2026-03-01,pharmacy,1079,false,czds_zone,2026-03-01T08:11:43.886255+00:00,,ns_sld_exact,14,9,2504,30010,0.135,ok,,baseline
2026-03-01,phd,2281,false,czds_zone,2026-03-01T08:11:44.022262+00:00,,ns_sld_exact,546,6,6494,592970,0.34,ok,,baseline
2026-03-01,philips,59,false,czds_zone,2026-03-01T08:11:44.364213+00:00,,ns_sld_exact,2,12,172,5154,0.105,ok,,baseline
2026-03-01,phone,1,false,czds_zone,2026-03-01T08:11:44.470148+00:00,,ns_sld_exact,1,0,6,1289,0.103,ok,,baseline
2026-03-01,photo,15955,false,czds_zone,2026-03-01T08:11:44.574717+00:00,,ns_sld_exact,1158,58,41160,626271,0.564,ok,,baseline
2026-03-01,photography,34430,false,czds_zone,2026-03-01T08:11:45.140376+00:00,,ns_sld_exact,2081,289,100704,1518889,1.441,ok,,baseline
2026-03-01,photos,19346,false,czds_zone,2026-03-01T08:11:46.595616+00:00,,ns_sld_exact,1487,160,52196,957081,0.837,ok,,baseline
2026-03-01,physio,946,false,czds_zone,2026-03-01T08:11:47.434483+00:00,,ns_sld_exact,23,12,3055,34528,0.144,ok,,baseline
2026-03-01,pics,82880,false,czds_zone,2026-03-01T08:11:47.579968+00:00,,ns_sld_exact,2848,240,179494,8852911,5.033,ok,,baseline
2026-03-01,pictet,42,false,czds_zone,2026-03-01T08:11:52.615271+00:00,,ns_sld_exact,1,10,164,3181,0.109,ok,,baseline
2026-03-01,pictures,10716,false,czds_zone,2026-03-01T08:11:52.726047+00:00,,ns_sld_exact,794,165,27424,503442,0.494,ok,,rolling
2026-03-01,pid,1,false,czds_zone,2026-03-01T08:11:53.221376+00:00,,ns_sld_exact,1,0,6,1292,0.113,ok,,baseline
2026-03-01,ping,3,false,czds_zone,2026-03-01T08:11:53.344208+00:00,,ns_sld_exact,2,12,21,4157,0.123,ok,,baseline
2026-03-01,pink,8936,false,czds_zone,2026-03-01T08:11:53.468381+00:00,,ns_sld_exact,282,104,20838,251794,0.327,ok,,baseline
2026-03-01,pioneer,26,false,czds_zone,2026-03-01T08:11:53.796642+00:00,,ns_sld_exact,1,9,115,5798,0.111,ok,,baseline
2026-03-01,pizza,12783,false,czds_zone,2026-03-01T08:11:53.909234+00:00,,ns_sld_exact,612,156,29879,436567,0.459,ok,,baseline
2026-03-01,place,9920,false,czds_zone,2026-03-01T08:11:54.370105+00:00,,ns_sld_exact,1281,137,26102,692705,0.52,ok,,baseline
2026-03-01,play,5,false,czds_zone,2026-03-01T08:11:54.891119+00:00,,ns_sld_exact,0,0,25,2673,0.102,ok,,baseline
2026-03-01,playstation,1,false,czds_zone,2026-03-01T08:11:54.995381+00:00,,ns_sld_exact,0,0,6,2272,0.104,ok,,baseline
2026-03-01,plumbing,2528,false,czds_zone,2026-03-01T08:11:55.107480+00:00,,ns_sld_exact,153,9,6606,109501,0.245,ok,,baseline
2026-03-01,plus,32051,false,czds_zone,2026-03-01T08:11:55.356158+00:00,,ns_sld_exact,1676,425,76257,1201110,0.955,ok,,baseline
2026-03-01,pnc,1,false,czds_zone,2026-03-01T08:11:56.312542+00:00,,ns_sld_exact,1,4,8,2195,0.123,ok,,baseline
2026-03-01,pohl,3,false,czds_zone,2026-03-01T08:11:56.436374+00:00,,ns_sld_exact,1,4,12,2215,0.112,ok,,baseline
2026-03-01,poker,8376,false,czds_zone,2026-03-01T08:11:56.550197+00:00,,ns_sld_exact,160,26,18963,183065,0.312,ok,,baseline
2026-03-01,porn,7588,false,czds_zone,2026-03-01T08:11:56.869691+00:00,,ns_sld_exact,189,29,21677,242426,0.339,ok,,baseline
2026-03-01,praxi,19,false,czds_zone,2026-03-01T08:11:57.212737+00:00,,ns_sld_exact,1,12,84,4188,0.108,ok,,baseline
2026-03-01,press,17591,false,czds_zone,2026-03-01T08:11:57.322262+00:00,,ns_sld_exact,464,104,42020,481884,0.566,ok,,baseline
2026-03-01,pro,1036950,false,czds_zone,2026-03-01T08:11:57.889549+00:00,,ns_sld_exact,44621,11772,2369363,33760985,23.744,ok,,baseline
2026-03-01,prod,2,false,czds_zone,2026-03-01T08:12:05.392945+00:00,,ns_sld_exact,0,0,13,2034,0.307,ok,,baseline
2026-03-01,productions,10697,false,czds_zone,2026-03-01T08:12:05.703617+00:00,,ns_sld_exact,925,84,29275,574398,0.754,ok,,baseline
2026-03-01,prof,841,false,czds_zone,2026-03-01T08:12:06.459448+00:00,,ns_sld_exact,159,0,2444,211961,0.578,ok,,baseline
2026-03-01,progressive,1,false,czds_zone,2026-03-01T08:12:07.040648+00:00,,ns_sld_exact,1,4,8,2208,0.283,ok,,baseline
2026-03-01,promo,6853,false,czds_zone,2026-03-01T08:12:07.332687+00:00,,ns_sld_exact,339,78,17539,260508,0.544,ok,,baseline
2026-03-01,properties,13293,false,czds_zone,2026-03-01T08:12:07.877975+00:00,,ns_sld_exact,701,106,32392,509442,1.028,ok,,baseline
2026-03-01,property,5043,false,czds_zone,2026-03-01T08:12:08.907739+00:00,,ns_sld_exact,65,4,11375,97057,0.523,ok,,baseline
2026-03-01,protection,99,false,czds_zone,2026-03-01T08:12:09.432264+00:00,,ns_sld_exact,0,6,358,4131,0.284,ok,,baseline
2026-03-01,pru,75,false,czds_zone,2026-03-01T08:12:09.717552+00:00,,ns_sld_exact,1,12,241,4901,0.291,ok,,baseline
2026-03-01,prudential,65,false,czds_zone,2026-03-01T08:12:10.010381+00:00,,ns_sld_exact,1,12,204,4680,0.285,ok,,baseline
2026-03-01,pub,18622,false,czds_zone,2026-03-01T08:12:10.296578+00:00,,ns_sld_exact,872,244,45446,660031,0.905,ok,,baseline
2026-03-01,pwc,3,false,czds_zone,2026-03-01T08:12:11.202614+00:00,,ns_sld_exact,1,4,12,2238,0.28,ok,,baseline
2026-03-01,qpon,62365,false,czds_zone,2026-03-01T08:12:11.484240+00:00,,ns_sld_exact,216,17,129278,842244,1.69,ok,,baseline
2026-03-01,quebec,7237,false,czds_zone,2026-03-01T08:12:13.180357+00:00,,ns_sld_exact,200,25,18142,1805615,1.46,ok,,baseline
2026-03-01,quest,48451,false,czds_zone,2026-03-01T08:12:14.643184+00:00,,ns_sld_exact,2517,88,109874,1937742,1.981,ok,,baseline
2026-03-01,racing,4320,false,czds_zone,2026-03-01T08:12:16.625798+00:00,,ns_sld_exact,374,23,11150,267570,0.584,ok,,baseline
2026-03-01,radio,2880,false,czds_zone,2026-03-01T08:12:17.211606+00:00,,ns_sld_exact,423,5,8722,803495,0.728,ok,,baseline
2026-03-01,realestate,14664,false,czds_zone,2026-03-01T08:12:17.941069+00:00,,ns_sld_exact,16,31,49304,274793,1.033,ok,,baseline
2026-03-01,realtor,27494,false,czds_zone,2026-03-01T08:12:18.978627+00:00,,ns_sld_exact,2,9,109000,490574,1.592,ok,,baseline
2026-03-01,realty,3452,false,czds_zone,2026-03-01T08:12:20.571863+00:00,,ns_sld_exact,100,11,11656,90417,0.482,ok,,baseline
2026-03-01,recipes,3953,false,czds_zone,2026-03-01T08:12:21.064196+00:00,,ns_sld_exact,241,36,9986,169959,0.497,ok,,baseline
2026-03-01,red,19227,false,czds_zone,2026-03-01T08:12:21.632919+00:00,,ns_sld_exact,1273,578,48432,851510,0.93,ok,,baseline
2026-03-01,redumbrella,2,false,czds_zone,2026-03-01T08:12:21.636312+00:00,,ns_sld_exact,1,4,10,2238,0.29,ok,,baseline
2026-03-01,rehab,2126,false,czds_zone,2026-03-01T08:12:21.926984+00:00,,ns_sld_exact,149,26,5455,100124,0.392,ok,,baseline
2026-03-01,reise,887,false,czds_zone,2026-03-01T08:12:22.324781+00:00,,ns_sld_exact,20,8,2654,27731,0.288,ok,,baseline
2026-03-01,reisen,4064,false,czds_zone,2026-03-01T08:12:22.564809+00:00,,ns_sld_exact,183,43,11521,153609,0.492,ok,,baseline
2026-03-01,reit,80,false,czds_zone,2026-03-01T08:12:22.614187+00:00,,ns_sld_exact,0,4,341,3636,0.264,ok,,rolling
2026-03-01,reliance,1,false,czds_zone,2026-03-01T08:12:22.879764+00:00,,ns_sld_exact,1,4,8,2197,0.286,ok,,baseline
2026-03-01,ren,12680,false,czds_zone,2026-03-01T08:12:23.057870+00:00,,ns_sld_exact,42,39,26465,2637212,1.226,ok,,baseline
2026-03-01,rent,9836,false,czds_zone,2026-03-01T08:12:23.167612+00:00,,ns_sld_exact,440,32,22968,341431,0.611,ok,,baseline
2026-03-01,rentals,12605,false,czds_zone,2026-03-01T08:12:23.779930+00:00,,ns_sld_exact,671,80,30912,488048,0.743,ok,,baseline
2026-03-01,repair,8457,false,czds_zone,2026-03-01T08:12:24.285761+00:00,,ns_sld_exact,419,100,20787,319353,0.64,ok,,baseline
2026-03-01,report,10544,false,czds_zone,2026-03-01T08:12:24.525078+00:00,,ns_sld_exact,926,120,27820,569373,0.66,ok,,baseline
2026-03-01,republican,1108,false,czds_zone,2026-03-01T08:12:24.926853+00:00,,ns_sld_exact,109,11,3209,68129,0.329,ok,,baseline
2026-03-01,rest,76760,false,czds_zone,2026-03-01T08:12:25.186587+00:00,,ns_sld_exact,1676,126,163028,1578516,1.776,ok,,baseline
2026-03-01,restaurant,8194,false,czds_zone,2026-03-01T08:12:25.257402+00:00,,ns_sld_exact,515,93,21273,365569,0.614,ok,,baseline
2026-03-01,review,7321,false,czds_zone,2026-03-01T08:12:25.876686+00:00,,ns_sld_exact,327,50,18700,300519,0.651,ok,,baseline
2026-03-01,reviews,12764,false,czds_zone,2026-03-01T08:12:26.529472+00:00,,ns_sld_exact,483,107,35765,436245,0.714,ok,,baseline
2026-03-01,rexroth,5,false,czds_zone,2026-03-01T08:12:26.964185+00:00,,ns_sld_exact,0,4,16,1855,0.268,ok,,baseline
2026-03-01,rich,314,false,czds_zone,2026-03-01T08:12:27.237235+00:00,,ns_sld_exact,3,4,923,8408,0.276,ok,,baseline
2026-03-01,richardli,1,false,czds_zone,2026-03-01T08:12:27.244865+00:00,,ns_sld_exact,1,4,8,2206,0.359,ok,,baseline
2026-03-01,ricoh,52,false,czds_zone,2026-03-01T08:12:27.514675+00:00,,ns_sld_exact,0,0,181,14162,0.275,ok,,baseline
2026-03-01,ril,1,false,czds_zone,2026-03-01T08:12:27.605188+00:00,,ns_sld_exact,1,4,8,2188,0.276,ok,,baseline
2026-03-01,rio,631,false,czds_zone,2026-03-01T08:12:27.791196+00:00,,ns_sld_exact,72,0,2096,33725,0.293,ok,,baseline
2026-03-01,rip,11852,false,czds_zone,2026-03-01T08:12:27.882555+00:00,,ns_sld_exact,970,137,29747,582354,0.717,ok,,baseline
2026-03-01,rocks,63210,false,czds_zone,2026-03-01T08:12:28.085385+00:00,,ns_sld_exact,3442,1084,162548,2553925,1.912,ok,,baseline
2026-03-01,rodeo,2966,false,czds_zone,2026-03-01T08:12:28.601395+00:00,,ns_sld_exact,168,140,7500,137868,0.559,ok,,baseline
2026-03-01,rogers,4,false,czds_zone,2026-03-01T08:12:29.162134+00:00,,ns_sld_exact,1,4,17,2268,0.281,ok,,baseline
2026-03-01,rsvp,2529,false,czds_zone,2026-03-01T08:12:29.451326+00:00,,ns_sld_exact,424,4,6956,619282,0.738,ok,,baseline
2026-03-01,rugby,484,false,czds_zone,2026-03-01T08:12:29.998789+00:00,,ns_sld_exact,5,16,1701,15374,0.293,ok,,baseline
2026-03-01,ruhr,4341,false,czds_zone,2026-03-01T08:12:30.192103+00:00,,ns_sld_exact,232,17,12740,936148,0.851,ok,,baseline
2026-03-01,run,129469,false,czds_zone,2026-03-01T08:12:30.296167+00:00,,ns_sld_exact,2807,407,276650,2815926,2.434,ok,,baseline
2026-03-01,rwe,2,false,czds_zone,2026-03-01T08:12:31.044245+00:00,,ns_sld_exact,0,6,16,1891,0.291,ok,,baseline
2026-03-01,saarland,3669,false,czds_zone,2026-03-01T08:12:31.336832+00:00,,ns_sld_exact,73,17,10829,102486,0.441,ok,,baseline
2026-03-01,safety,1,false,czds_zone,2026-03-01T08:12:31.779508+00:00,,ns_sld_exact,1,12,12,3615,0.291,ok,,baseline
2026-03-01,sakura,2,false,czds_zone,2026-03-01T08:12:32.072152+00:00,,ns_sld_exact,2,8,12,2692,0.28,ok,,baseline
2026-03-01,sale,13217,false,czds_zone,2026-03-01T08:12:32.355472+00:00,,ns_sld_exact,557,95,33753,464189,0.737,ok,,baseline
2026-03-01,salon,4058,false,czds_zone,2026-03-01T08:12:32.731788+00:00,,ns_sld_exact,316,38,11567,205648,0.547,ok,,baseline
2026-03-01,samsclub,1,false,czds_zone,2026-03-01T08:12:33.093275+00:00,,ns_sld_exact,1,6,12,3561,0.269,ok,,baseline
2026-03-01,samsung,3,false,czds_zone,2026-03-01T08:12:33.279925+00:00,,ns_sld_exact,0,2,12,258,0.259,ok,,baseline
2026-03-01,sandvik,40,false,czds_zone,2026-03-01T08:12:33.363550+00:00,,ns_sld_exact,1,12,168,4453,0.291,ok,,baseline
2026-03-01,sandvikcoromant,29,false,czds_zone,2026-03-01T08:12:33.540156+00:00,,ns_sld_exact,1,12,124,4230,0.255,ok,,baseline
2026-03-01,sanofi,19,false,czds_zone,2026-03-01T08:12:33.655863+00:00,,ns_sld_exact,1,4,80,2606,0.261,ok,,baseline
2026-03-01,sap,32,false,czds_zone,2026-03-01T08:12:33.797115+00:00,,ns_sld_exact,2,0,131,10133,0.344,ok,,baseline
2026-03-01,sarl,1414,false,czds_zone,2026-03-01T08:12:33.918321+00:00,,ns_sld_exact,255,30,3576,130684,0.447,ok,,baseline
2026-03-01,saxo,94,false,czds_zone,2026-03-01T08:12:34.142115+00:00,,ns_sld_exact,1,6,562,4681,0.28,ok,,baseline
2026-03-01,sbi,119,false,czds_zone,2026-03-01T08:12:34.366925+00:00,,ns_sld_exact,111,6,711,48565,0.358,ok,,baseline
2026-03-01,sbs,1347990,false,czds_zone,2026-03-01T08:12:34.423738+00:00,,ns_sld_exact,30478,572,2874559,31672365,29.786,ok,,baseline
2026-03-01,scb,35,false,czds_zone,2026-03-01T08:12:34.726255+00:00,,ns_sld_exact,27,14,135,16165,0.269,ok,,baseline
2026-03-01,schaeffler,30,false,czds_zone,2026-03-01T08:12:34.996452+00:00,,ns_sld_exact,1,0,141,10150,0.296,ok,,baseline
2026-03-01,schmidt,35,false,czds_zone,2026-03-01T08:12:35.294354+00:00,,ns_sld_exact,1,12,80,4046,0.273,ok,,baseline
2026-03-01,scholarships,1,false,czds_zone,2026-03-01T08:12:35.567961+00:00,,ns_sld_exact,1,4,8,2212,0.182,ok,,baseline
2026-03-01,school,23345,false,czds_zone,2026-03-01T08:12:35.751469+00:00,,ns_sld_exact,1462,259,60600,1017349,0.837,ok,,baseline
2026-03-01,schule,4625,false,czds_zone,2026-03-01T08:12:36.589713+00:00,,ns_sld_exact,140,35,13384,146990,0.307,ok,,baseline
2026-03-01,schwarz,740,false,czds_zone,2026-03-01T08:12:36.898145+00:00,,ns_sld_exact,2,6,2216,11044,0.122,ok,,baseline
2026-03-01,science,11343,false,czds_zone,2026-03-01T08:12:37.021319+00:00,,ns_sld_exact,1019,53,30402,719438,0.53,ok,,baseline
2026-03-01,search,1,false,czds_zone,2026-03-01T08:12:37.557966+00:00,,ns_sld_exact,0,0,9,1818,0.11,ok,,baseline
2026-03-01,seat,790,false,czds_zone,2026-03-01T08:12:37.673651+00:00,,ns_sld_exact,1,0,4495,200972,0.212,ok,,baseline
2026-03-01,security,838,false,czds_zone,2026-03-01T08:12:37.887005+00:00,,ns_sld_exact,69,6,2415,48409,0.154,ok,,baseline
2026-03-01,seek,8,false,czds_zone,2026-03-01T08:12:38.043447+00:00,,ns_sld_exact,1,12,40,3896,0.12,ok,,baseline
2026-03-01,select,738,false,czds_zone,2026-03-01T08:12:38.165262+00:00,,ns_sld_exact,66,12,2168,49812,0.159,ok,,baseline
2026-03-01,sener,34,false,czds_zone,2026-03-01T08:12:38.327948+00:00,,ns_sld_exact,0,7,81,2402,0.108,ok,,baseline
2026-03-01,services,88587,false,czds_zone,2026-03-01T08:12:38.438040+00:00,,ns_sld_exact,4660,1167,212180,3394733,2.871,ok,,baseline
2026-03-01,seven,11,false,czds_zone,2026-03-01T08:12:41.310418+00:00,,ns_sld_exact,1,12,34,3764,0.111,ok,,baseline
2026-03-01,sex,6302,false,czds_zone,2026-03-01T08:12:41.423042+00:00,,ns_sld_exact,157,45,17388,197573,0.336,ok,,baseline
2026-03-01,sexy,3018,false,czds_zone,2026-03-01T08:12:41.760523+00:00,,ns_sld_exact,112,18,8509,90680,0.411,ok,,baseline
2026-03-01,sfr,14,false,czds_zone,2026-03-01T08:12:42.173316+00:00,,ns_sld_exact,1,4,34,1481,0.12,ok,,baseline
2026-03-01,shangrila,1,false,czds_zone,2026-03-01T08:12:42.294804+00:00,,ns_sld_exact,0,4,8,1803,0.124,ok,,baseline
2026-03-01,sharp,20,false,czds_zone,2026-03-01T08:12:42.419523+00:00,,ns_sld_exact,0,2,45,6394,0.107,ok,,baseline
2026-03-01,shell,55,false,czds_zone,2026-03-01T08:12:42.527501+00:00,,ns_sld_exact,33,9,190,28197,0.148,ok,,baseline
2026-03-01,shia,1,false,czds_zone,2026-03-01T08:12:42.677280+00:00,,ns_sld_exact,1,1,16,4509,0.114,ok,,baseline
2026-03-01,shiksha,616,false,czds_zone,2026-03-01T08:12:42.796283+00:00,,ns_sld_exact,40,16,1496,28695,0.147,ok,,rolling
2026-03-01,shoes,3860,false,czds_zone,2026-03-01T08:12:42.945314+00:00,,ns_sld_exact,191,38,10616,151755,0.528,ok,,baseline
2026-03-01,shopping,7690,false,czds_zone,2026-03-01T08:12:43.475173+00:00,,ns_sld_exact,350,79,20808,287298,0.408,ok,,baseline
2026-03-01,shouji,1,false,czds_zone,2026-03-01T08:12:43.888123+00:00,,ns_sld_exact,1,2,6,3610,0.103,ok,,baseline
2026-03-01,show,17632,false,czds_zone,2026-03-01T08:12:43.992734+00:00,,ns_sld_exact,843,75,43808,645701,0.564,ok,,baseline
2026-03-01,sina,1,false,czds_zone,2026-03-01T08:12:44.558507+00:00,,ns_sld_exact,1,4,8,2190,0.111,ok,,baseline
2026-03-01,singles,2589,false,czds_zone,2026-03-01T08:12:44.670873+00:00,,ns_sld_exact,144,12,6393,105442,0.23,ok,,baseline
2026-03-01,site,1718376,false,czds_zone,2026-03-01T08:12:44.901882+00:00,,ns_sld_exact,37361,6130,3879876,42040357,41.047,ok,,baseline
2026-03-01,ski,6181,false,czds_zone,2026-03-01T08:13:04.212786+00:00,,ns_sld_exact,728,67,16633,413697,0.369,ok,,baseline
2026-03-01,skin,160408,false,czds_zone,2026-03-01T08:13:04.584812+00:00,,ns_sld_exact,2448,67,325682,2914095,3.373,ok,,baseline
2026-03-01,sky,144,false,czds_zone,2026-03-01T08:13:07.959617+00:00,,ns_sld_exact,1,9,812,8936,0.303,ok,,baseline
2026-03-01,skype,6,false,czds_zone,2026-03-01T08:13:08.266574+00:00,,ns_sld_exact,1,9,36,4948,0.277,ok,,baseline
2026-03-01,sling,1,false,czds_zone,2026-03-01T08:13:08.547253+00:00,,ns_sld_exact,1,0,6,1282,0.291,ok,,baseline
2026-03-01,smart,48,false,czds_zone,2026-03-01T08:13:08.841344+00:00,,ns_sld_exact,0,4,173,2456,0.307,ok,,baseline
2026-03-01,sncf,64,false,czds_zone,2026-03-01T08:13:09.157877+00:00,,ns_sld_exact,1,0,312,2980,0.292,ok,,baseline
2026-03-01,soccer,3519,false,czds_zone,2026-03-01T08:13:09.451468+00:00,,ns_sld_exact,233,26,9334,159380,0.53,ok,,baseline
2026-03-01,social,46025,false,czds_zone,2026-03-01T08:13:09.983861+00:00,,ns_sld_exact,3213,454,122321,2135926,1.915,ok,,baseline
2026-03-01,softbank,5,false,czds_zone,2026-03-01T08:13:11.911206+00:00,,ns_sld_exact,0,0,18,3232,0.285,ok,,baseline
2026-03-01,software,24817,false,czds_zone,2026-03-01T08:13:12.197534+00:00,,ns_sld_exact,1953,396,67085,1262919,1.413,ok,,baseline
2026-03-01,sohu,7,false,czds_zone,2026-03-01T08:13:13.612352+00:00,,ns_sld_exact,0,5,50,3295,0.342,ok,,baseline
2026-03-01,solar,9670,false,czds_zone,2026-03-01T08:13:13.956271+00:00,,ns_sld_exact,756,74,25434,480293,0.919,ok,,baseline
2026-03-01,solutions,102434,false,czds_zone,2026-03-01T08:13:14.876664+00:00,,ns_sld_exact,5109,1677,248619,3799242,3.587,ok,,baseline
2026-03-01,sony,10,false,czds_zone,2026-03-01T08:13:18.464970+00:00,,ns_sld_exact,0,0,51,4457,0.284,ok,,baseline
2026-03-01,soy,1900,false,czds_zone,2026-03-01T08:13:18.750008+00:00,,ns_sld_exact,294,13,5678,465421,0.62,ok,,baseline
2026-03-01,space,514711,false,czds_zone,2026-03-01T08:13:19.374473+00:00,,ns_sld_exact,15853,2419,1190245,14688072,12.597,ok,,baseline
2026-03-01,srl,10506,false,czds_zone,2026-03-01T08:13:25.949665+00:00,,ns_sld_exact,176,86,33018,267320,0.878,ok,,baseline
2026-03-01,stada,125,false,czds_zone,2026-03-01T08:13:26.836348+00:00,,ns_sld_exact,1,4,380,3816,0.279,ok,,baseline
2026-03-01,staples,1,false,czds_zone,2026-03-01T08:13:27.119806+00:00,,ns_sld_exact,1,12,12,3619,0.292,ok,,baseline
2026-03-01,star,2,false,czds_zone,2026-03-01T08:13:27.413254+00:00,,ns_sld_exact,1,4,12,2240,0.294,ok,,baseline
2026-03-01,statebank,39,false,czds_zone,2026-03-01T08:13:27.709426+00:00,,ns_sld_exact,38,4,234,17794,0.288,ok,,rolling
2026-03-01,statefarm,39,false,czds_zone,2026-03-01T08:13:27.999538+00:00,,ns_sld_exact,1,14,209,5066,0.288,ok,,rolling
2026-03-01,stc,10,false,czds_zone,2026-03-01T08:13:28.289118+00:00,,ns_sld_exact,0,4,43,2093,0.264,ok,,baseline
2026-03-01,stcgroup,1,false,czds_zone,2026-03-01T08:13:28.557544+00:00,,ns_sld_exact,0,4,8,1720,0.283,ok,,baseline
2026-03-01,stockholm,198,false,czds_zone,2026-03-01T08:13:28.842053+00:00,,ns_sld_exact,1,4,432,4848,0.285,ok,,baseline
2026-03-01,storage,614,false,czds_zone,2026-03-01T08:13:29.128508+00:00,,ns_sld_exact,25,4,1738,19403,0.295,ok,,baseline
2026-03-01,store,2082593,false,czds_zone,2026-03-01T08:13:29.425082+00:00,,ns_sld_exact,48009,2564,5062590,53086621,53.423,ok,,rolling
2026-03-01,stream,14050,false,czds_zone,2026-03-01T08:13:31.973002+00:00,,ns_sld_exact,1269,124,34217,870064,0.987,ok,,baseline
2026-03-01,studio,165065,false,czds_zone,2026-03-01T08:13:32.960943+00:00,,ns_sld_exact,14568,1244,451516,8770328,6.683,ok,,baseline
2026-03-01,study,8395,false,czds_zone,2026-03-01T08:13:39.645522+00:00,,ns_sld_exact,456,30,25181,363334,0.68,ok,,baseline
2026-03-01,style,11336,false,czds_zone,2026-03-01T08:13:40.331357+00:00,,ns_sld_exact,559,123,30588,432019,0.732,ok,,rolling
2026-03-01,supplies,2902,false,czds_zone,2026-03-01T08:13:41.064971+00:00,,ns_sld_exact,212,17,7783,142984,0.475,ok,,baseline
2026-03-01,supply,7599,false,czds_zone,2026-03-01T08:13:41.541214+00:00,,ns_sld_exact,711,65,20388,425353,0.961,ok,,baseline
2026-03-01,support,39790,false,czds_zone,2026-03-01T08:13:42.503469+00:00,,ns_sld_exact,2957,514,101983,1934327,1.701,ok,,baseline
2026-03-01,surf,8279,false,czds_zone,2026-03-01T08:13:44.209610+00:00,,ns_sld_exact,1442,31,19265,824309,0.93,ok,,baseline
2026-03-01,surgery,1658,false,czds_zone,2026-03-01T08:13:45.141363+00:00,,ns_sld_exact,104,14,4418,75779,0.369,ok,,baseline
2026-03-01,swatch,8,false,czds_zone,2026-03-01T08:13:45.512383+00:00,,ns_sld_exact,1,9,44,4940,0.282,ok,,baseline
2026-03-01,swiss,22759,false,czds_zone,2026-03-01T08:13:45.796233+00:00,,ns_sld_exact,4374,79,58706,6501226,2.741,ok,,baseline
2026-03-01,sydney,5843,false,czds_zone,2026-03-01T08:13:48.543368+00:00,,ns_sld_exact,46,16,14726,125389,0.526,ok,,baseline
2026-03-01,systems,40481,false,czds_zone,2026-03-01T08:13:49.071235+00:00,,ns_sld_exact,3350,1576,109267,2155117,1.769,ok,,baseline
2026-03-01,tab,2,false,czds_zone,2026-03-01T08:13:50.842135+00:00,,ns_sld_exact,1,12,18,3630,0.287,ok,,baseline
2026-03-01,taobao,1,false,czds_zone,2026-03-01T08:13:51.133130+00:00,,ns_sld_exact,1,4,8,2199,0.292,ok,,baseline
2026-03-01,target,147,false,czds_zone,2026-03-01T08:13:51.427796+00:00,,ns_sld_exact,1,12,308,5309,0.278,ok,,baseline
2026-03-01,tatamotors,25,false,czds_zone,2026-03-01T08:13:51.707547+00:00,,ns_sld_exact,0,4,112,2740,0.271,ok,,baseline
2026-03-01,tatar,1190,false,czds_zone,2026-03-01T08:13:51.980061+00:00,,ns_sld_exact,5,13,2791,19296,0.298,ok,,baseline
2026-03-01,tattoo,7358,false,czds_zone,2026-03-01T08:13:52.280844+00:00,,ns_sld_exact,1952,36,16436,654892,0.693,ok,,baseline
2026-03-01,tax,16243,false,czds_zone,2026-03-01T08:13:52.975792+00:00,,ns_sld_exact,871,90,39148,610802,0.851,ok,,baseline
2026-03-01,taxi,6557,false,czds_zone,2026-03-01T08:13:53.828905+00:00,,ns_sld_exact,487,100,16557,317907,0.604,ok,,baseline
2026-03-01,tci,1,false,czds_zone,2026-03-01T08:13:54.434645+00:00,,ns_sld_exact,1,1,16,4505,0.272,ok,,baseline
2026-03-01,tdk,1,false,czds_zone,2026-03-01T08:13:54.708607+00:00,,ns_sld_exact,1,12,12,3598,0.26,ok,,baseline
2026-03-01,team,54855,false,czds_zone,2026-03-01T08:13:54.970109+00:00,,ns_sld_exact,3211,661,139694,2267575,2.081,ok,,baseline
2026-03-01,tech,477329,false,czds_zone,2026-03-01T08:13:57.053973+00:00,,ns_sld_exact,28651,2183,1187044,19733525,15.203,ok,,baseline
2026-03-01,technology,32731,false,czds_zone,2026-03-01T08:14:12.260486+00:00,,ns_sld_exact,2261,531,85725,1525492,1.299,ok,,baseline
2026-03-01,tel,37322,false,czds_zone,2026-03-01T08:14:13.560641+00:00,,ns_sld_exact,436,157,139120,9191757,3.513,ok,,baseline
2026-03-01,temasek,10,false,czds_zone,2026-03-01T08:14:17.075800+00:00,,ns_sld_exact,1,5,39,2494,0.111,ok,,baseline
2026-03-01,tennis,1854,false,czds_zone,2026-03-01T08:14:17.188809+00:00,,ns_sld_exact,148,17,4978,97080,0.176,ok,,baseline
2026-03-01,teva,94,false,czds_zone,2026-03-01T08:14:17.365549+00:00,,ns_sld_exact,1,12,291,4891,0.112,ok,,baseline
2026-03-01,thd,1,false,czds_zone,2026-03-01T08:14:17.480142+00:00,,ns_sld_exact,1,4,8,2187,0.113,ok,,baseline
2026-03-01,theater,1368,false,czds_zone,2026-03-01T08:14:17.594376+00:00,,ns_sld_exact,92,16,3817,66373,0.152,ok,,rolling
2026-03-01,theatre,152,false,czds_zone,2026-03-01T08:14:17.747811+00:00,,ns_sld_exact,6,4,454,7430,0.113,ok,,baseline
2026-03-01,tiaa,1,false,czds_zone,2026-03-01T08:14:17.862043+00:00,,ns_sld_exact,1,6,12,2249,0.101,ok,,baseline
2026-03-01,tickets,1081,false,czds_zone,2026-03-01T08:14:17.965075+00:00,,ns_sld_exact,26,6,3831,35730,0.147,ok,,baseline
2026-03-01,tienda,2299,false,czds_zone,2026-03-01T08:14:18.113631+00:00,,ns_sld_exact,73,56,5810,72895,0.161,ok,,baseline
2026-03-01,tips,20470,false,czds_zone,2026-03-01T08:14:18.280327+00:00,,ns_sld_exact,1079,160,51535,801457,0.689,ok,,baseline
2026-03-01,tires,1240,false,czds_zone,2026-03-01T08:14:18.970655+00:00,,ns_sld_exact,54,12,3007,43721,0.137,ok,,baseline
2026-03-01,tirol,8003,false,czds_zone,2026-03-01T08:14:19.109603+00:00,,ns_sld_exact,209,6,23253,233292,0.385,ok,,baseline
2026-03-01,tjmaxx,1,false,czds_zone,2026-03-01T08:14:19.496657+00:00,,ns_sld_exact,1,12,12,3615,0.114,ok,,baseline
2026-03-01,tjx,1,false,czds_zone,2026-03-01T08:14:19.614174+00:00,,ns_sld_exact,1,12,12,3599,0.108,ok,,baseline
2026-03-01,tkmaxx,1,false,czds_zone,2026-03-01T08:14:19.723487+00:00,,ns_sld_exact,1,12,12,3613,0.112,ok,,baseline
2026-03-01,tmall,1,false,czds_zone,2026-03-01T08:14:19.836819+00:00,,ns_sld_exact,1,4,8,2187,0.105,ok,,baseline
2026-03-01,today,199983,false,czds_zone,2026-03-01T08:14:19.943814+00:00,,ns_sld_exact,3025,1044,433098,4110406,5.105,ok,,baseline
2026-03-01,tools,26366,false,czds_zone,2026-03-01T08:14:22.849985+00:00,,ns_sld_exact,2132,387,69070,1350602,1.0,ok,,baseline
2026-03-01,top,5896404,false,czds_zone,2026-03-01T08:14:23.851772+00:00,,ns_sld_exact,122056,50710,15776997,1220302559,246.185,ok,,baseline
2026-03-01,toray,86,false,czds_zone,2026-03-01T08:14:25.050275+00:00,,ns_sld_exact,75,0,488,37793,0.144,ok,,baseline
2026-03-01,tours,12324,false,czds_zone,2026-03-01T08:14:25.195345+00:00,,ns_sld_exact,483,147,30861,414816,0.43,ok,,baseline
2026-03-01,town,35468,false,czds_zone,2026-03-01T08:14:25.626676+00:00,,ns_sld_exact,608,127,79535,660699,0.76,ok,,baseline
2026-03-01,toyota,243,false,czds_zone,2026-03-01T08:14:26.388840+00:00,,ns_sld_exact,0,3,920,59369,0.135,ok,,baseline
2026-03-01,toys,5554,false,czds_zone,2026-03-01T08:14:26.525106+00:00,,ns_sld_exact,321,35,14251,225318,0.242,ok,,baseline
2026-03-01,trade,23197,false,czds_zone,2026-03-01T08:14:26.768898+00:00,,ns_sld_exact,1198,108,54098,972293,0.658,ok,,baseline
2026-03-01,trading,5214,false,czds_zone,2026-03-01T08:14:27.428490+00:00,,ns_sld_exact,288,62,12916,206008,0.23,ok,,baseline
2026-03-01,training,22350,false,czds_zone,2026-03-01T08:14:27.659953+00:00,,ns_sld_exact,1335,121,57503,958110,0.68,ok,,baseline
2026-03-01,travel,26484,false,czds_zone,2026-03-01T08:14:28.341670+00:00,,ns_sld_exact,599,361,66914,704668,0.739,ok,,baseline
2026-03-01,travelers,3,false,czds_zone,2026-03-01T08:14:29.082782+00:00,,ns_sld_exact,1,4,12,2232,0.113,ok,,baseline
2026-03-01,travelersinsurance,2,false,czds_zone,2026-03-01T08:14:29.197087+00:00,,ns_sld_exact,1,4,10,2251,0.11,ok,,baseline
2026-03-01,trust,51,false,czds_zone,2026-03-01T08:14:29.333637+00:00,,ns_sld_exact,13,96,110,5692,0.123,ok,,baseline
2026-03-01,trv,2,false,czds_zone,2026-03-01T08:14:29.457655+00:00,,ns_sld_exact,1,4,10,2219,0.108,ok,,baseline
2026-03-01,tube,5328,false,czds_zone,2026-03-01T08:14:29.567500+00:00,,ns_sld_exact,208,93,13073,1332838,0.475,ok,,baseline
2026-03-01,tui,98,false,czds_zone,2026-03-01T08:14:30.043905+00:00,,ns_sld_exact,1,4,323,4852,0.12,ok,,baseline
2026-03-01,tvs,4,false,czds_zone,2026-03-01T08:14:30.165134+00:00,,ns_sld_exact,1,4,17,2262,0.105,ok,,baseline
2026-03-01,ubank,1,false,czds_zone,2026-03-01T08:14:30.272405+00:00,,ns_sld_exact,0,4,8,1796,0.124,ok,,baseline
2026-03-01,ubs,2,false,czds_zone,2026-03-01T08:14:30.397119+00:00,,ns_sld_exact,0,4,10,1815,0.123,ok,,baseline
2026-03-01,unicom,3,false,czds_zone,2026-03-01T08:14:30.521181+00:00,,ns_sld_exact,0,0,18,2227,0.121,ok,,baseline
2026-03-01,university,8069,false,czds_zone,2026-03-01T08:14:30.643563+00:00,,ns_sld_exact,507,143,21333,360288,0.36,ok,,baseline
2026-03-01,uno,36655,false,czds_zone,2026-03-01T08:14:31.005019+00:00,,ns_sld_exact,783,92,79573,850041,0.747,ok,,baseline
2026-03-01,uol,55,false,czds_zone,2026-03-01T08:14:31.752998+00:00,,ns_sld_exact,1,3,173,2120,0.115,ok,,baseline
2026-03-01,ups,2,false,czds_zone,2026-03-01T08:14:31.868765+00:00,,ns_sld_exact,1,4,10,2209,0.105,ok,,baseline
2026-03-01,vacations,4892,false,czds_zone,2026-03-01T08:14:31.975576+00:00,,ns_sld_exact,174,23,12042,150851,0.255,ok,,baseline
2026-03-01,vana,46,false,czds_zone,2026-03-01T08:14:32.233556+00:00,,ns_sld_exact,13,0,140,5901,0.121,ok,,rolling
2026-03-01,vanguard,18,false,czds_zone,2026-03-01T08:14:32.355463+00:00,,ns_sld_exact,0,4,110,2312,0.123,ok,,baseline
2026-03-01,vegas,11375,false,czds_zone,2026-03-01T08:14:32.479936+00:00,,ns_sld_exact,165,32,26558,240389,0.399,ok,,baseline
2026-03-01,ventures,23054,false,czds_zone,2026-03-01T08:14:32.880853+00:00,,ns_sld_exact,1673,109,57680,1053942,0.825,ok,,baseline
2026-03-01,versicherung,1230,false,czds_zone,2026-03-01T08:14:33.707286+00:00,,ns_sld_exact,31,0,3845,39444,0.156,ok,,baseline
2026-03-01,vet,10975,false,czds_zone,2026-03-01T08:14:33.868840+00:00,,ns_sld_exact,865,88,29385,553146,0.484,ok,,baseline
2026-03-01,viajes,690,false,czds_zone,2026-03-01T08:14:34.354634+00:00,,ns_sld_exact,30,23,1866,28183,0.13,ok,,baseline
2026-03-01,video,24357,false,czds_zone,2026-03-01T08:14:34.486400+00:00,,ns_sld_exact,1760,265,62536,1149755,0.785,ok,,baseline
2026-03-01,vig,39,false,czds_zone,2026-03-01T08:14:35.279700+00:00,,ns_sld_exact,1,4,120,2991,0.099,ok,,baseline
2026-03-01,viking,1,false,czds_zone,2026-03-01T08:14:35.380776+00:00,,ns_sld_exact,1,4,8,2198,0.118,ok,,rolling
2026-03-01,villas,7439,false,czds_zone,2026-03-01T08:14:35.499836+00:00,,ns_sld_exact,92,38,15950,120635,0.291,ok,,baseline
2026-03-01,vin,10111,false,czds_zone,2026-03-01T08:14:35.801798+00:00,,ns_sld_exact,666,46,24063,431340,0.366,ok,,baseline
2026-03-01,vip,1564891,false,czds_zone,2026-03-01T08:14:36.170562+00:00,,ns_sld_exact,13111,1606,3540509,25480443,29.556,ok,,baseline
2026-03-01,virgin,1,false,czds_zone,2026-03-01T08:15:05.727889+00:00,,ns_sld_exact,1,9,16,4694,0.12,ok,,baseline
2026-03-01,visa,1,false,czds_zone,2026-03-01T08:15:05.849772+00:00,,ns_sld_exact,1,6,12,2252,0.122,ok,,baseline
2026-03-01,vision,11279,false,czds_zone,2026-03-01T08:15:05.974240+00:00,,ns_sld_exact,882,102,30422,568804,0.496,ok,,rolling
2026-03-01,viva,1,false,czds_zone,2026-03-01T08:15:06.490932+00:00,,ns_sld_exact,0,4,8,1707,0.113,ok,,baseline
2026-03-01,vlaanderen,5161,false,czds_zone,2026-03-01T08:15:06.605035+00:00,,ns_sld_exact,1468,43,15191,518923,0.387,ok,,baseline
2026-03-01,vodka,1767,false,czds_zone,2026-03-01T08:15:06.993995+00:00,,ns_sld_exact,76,12,4470,71905,0.147,ok,,baseline
2026-03-01,volvo,4,false,czds_zone,2026-03-01T08:15:07.143286+00:00,,ns_sld_exact,0,4,20,1870,0.116,ok,,baseline
2026-03-01,vote,6020,false,czds_zone,2026-03-01T08:15:07.261169+00:00,,ns_sld_exact,321,32,14415,229575,0.293,ok,,baseline
2026-03-01,voto,745,false,czds_zone,2026-03-01T08:15:07.555316+00:00,,ns_sld_exact,28,14,1726,24748,0.128,ok,,baseline
2026-03-01,voyage,3556,false,czds_zone,2026-03-01T08:15:07.685185+00:00,,ns_sld_exact,194,17,9381,142497,0.219,ok,,baseline
2026-03-01,wales,12950,false,czds_zone,2026-03-01T08:15:07.905838+00:00,,ns_sld_exact,271,66,34084,433012,0.432,ok,,baseline
2026-03-01,walmart,1,false,czds_zone,2026-03-01T08:15:08.339009+00:00,,ns_sld_exact,1,6,12,3556,0.111,ok,,baseline
2026-03-01,walter,26,false,czds_zone,2026-03-01T08:15:08.451052+00:00,,ns_sld_exact,1,12,111,4161,0.114,ok,,baseline
2026-03-01,wang,40776,false,czds_zone,2026-03-01T08:15:08.566976+00:00,,ns_sld_exact,147,147,93198,8323551,2.279,ok,,baseline
2026-03-01,watch,20418,false,czds_zone,2026-03-01T08:15:10.847226+00:00,,ns_sld_exact,927,114,46678,711402,0.473,ok,,baseline
2026-03-01,watches,336,false,czds_zone,2026-03-01T08:15:11.321166+00:00,,ns_sld_exact,19,5,1053,16330,0.118,ok,,baseline
2026-03-01,webcam,2070,false,czds_zone,2026-03-01T08:15:11.440267+00:00,,ns_sld_exact,88,38,5766,88054,0.168,ok,,baseline
2026-03-01,website,220571,false,czds_zone,2026-03-01T08:15:11.609748+00:00,,ns_sld_exact,8917,1316,516070,7297377,5.382,ok,,baseline
2026-03-01,wed,21,false,czds_zone,2026-03-01T08:15:16.993170+00:00,,ns_sld_exact,1,0,72,4343,0.116,ok,,baseline
2026-03-01,wedding,11701,false,czds_zone,2026-03-01T08:15:17.110323+00:00,,ns_sld_exact,415,26,35768,477431,0.482,ok,,baseline
2026-03-01,weibo,1,false,czds_zone,2026-03-01T08:15:17.594959+00:00,,ns_sld_exact,1,4,8,2196,0.109,ok,,baseline
2026-03-01,weir,191,false,czds_zone,2026-03-01T08:15:17.705192+00:00,,ns_sld_exact,0,4,410,4025,0.1,ok,,baseline
2026-03-01,whoswho,909,false,czds_zone,2026-03-01T08:15:17.808569+00:00,,ns_sld_exact,44,5,2756,227236,0.21,ok,,baseline
2026-03-01,wien,14993,false,czds_zone,2026-03-01T08:15:18.025851+00:00,,ns_sld_exact,361,27,43867,412739,0.556,ok,,baseline
2026-03-01,wiki,77318,false,czds_zone,2026-03-01T08:15:18.587097+00:00,,ns_sld_exact,3499,422,171835,2833416,1.673,ok,,baseline
2026-03-01,win,107410,false,czds_zone,2026-03-01T08:15:20.263052+00:00,,ns_sld_exact,5735,318,235661,4362813,2.708,ok,,baseline
2026-03-01,windows,22,false,czds_zone,2026-03-01T08:15:22.972546+00:00,,ns_sld_exact,1,9,100,5323,0.105,ok,,baseline
2026-03-01,wine,17374,false,czds_zone,2026-03-01T08:15:23.078899+00:00,,ns_sld_exact,1152,125,44563,777099,0.594,ok,,baseline
2026-03-01,winners,1,false,czds_zone,2026-03-01T08:15:23.674523+00:00,,ns_sld_exact,1,12,12,3604,0.109,ok,,baseline
2026-03-01,wme,7,false,czds_zone,2026-03-01T08:15:23.784283+00:00,,ns_sld_exact,0,4,32,1848,0.112,ok,,baseline
2026-03-01,woodside,22,false,czds_zone,2026-03-01T08:15:23.897578+00:00,,ns_sld_exact,1,12,95,4519,0.116,ok,,baseline
2026-03-01,work,336652,false,czds_zone,2026-03-01T08:15:24.014980+00:00,,ns_sld_exact,7835,972,790564,10093468,7.243,ok,,baseline
2026-03-01,works,33730,false,czds_zone,2026-03-01T08:15:31.259263+00:00,,ns_sld_exact,2754,514,92094,1741141,0.982,ok,,baseline
2026-03-01,world,387654,false,czds_zone,2026-03-01T08:15:32.242503+00:00,,ns_sld_exact,12855,2716,937526,11605521,9.565,ok,,baseline
2026-03-01,wtc,1,false,czds_zone,2026-03-01T08:15:41.808869+00:00,,ns_sld_exact,1,12,12,3579,0.367,ok,,baseline
2026-03-01,wtf,36955,false,czds_zone,2026-03-01T08:15:42.181545+00:00,,ns_sld_exact,3458,86419,90751,2473296,1.981,ok,,baseline
2026-03-01,xbox,24,false,czds_zone,2026-03-01T08:15:44.166110+00:00,,ns_sld_exact,1,9,108,5417,0.299,ok,,baseline
2026-03-01,xerox,1,false,czds_zone,2026-03-01T08:15:44.466731+00:00,,ns_sld_exact,1,12,12,3816,0.277,ok,,baseline
2026-03-01,xihuan,1,false,czds_zone,2026-03-01T08:15:44.745162+00:00,,ns_sld_exact,1,2,6,3076,0.267,ok,,baseline
2026-03-01,xin,61863,false,czds_zone,2026-03-01T08:15:45.013455+00:00,,ns_sld_exact,58,127,125721,727968,1.322,ok,,baseline
2026-03-01,xn--30rr7y,1,false,czds_zone,2026-03-01T08:15:46.337081+00:00,,ns_sld_exact,0,0,12,1983,0.29,ok,,baseline
2026-03-01,xn--45q11c,39,false,czds_zone,2026-03-01T08:15:46.629001+00:00,,ns_sld_exact,0,0,158,10218,0.289,ok,,baseline
2026-03-01,xn--4gbrim,77,false,czds_zone,2026-03-01T08:15:46.919328+00:00,,ns_sld_exact,2,4,260,4482,0.279,ok,,baseline
2026-03-01,xn--55qw42g,1,false,czds_zone,2026-03-01T08:15:47.199022+00:00,,ns_sld_exact,1,0,10,3060,0.274,ok,,baseline
2026-03-01,xn--55qx5d,21164,false,czds_zone,2026-03-01T08:15:47.473529+00:00,,ns_sld_exact,2,0,47052,351631,0.912,ok,,rolling
2026-03-01,xn--5su34j936bgsg,1,false,czds_zone,2026-03-01T08:15:48.387385+00:00,,ns_sld_exact,1,6,12,2280,0.288,ok,,baseline
2026-03-01,xn--5tzm5g,2509,false,czds_zone,2026-03-01T08:15:48.676663+00:00,,ns_sld_exact,11,4,5722,54078,0.337,ok,,baseline
2026-03-01,xn--6frz82g,2516,false,czds_zone,2026-03-01T08:15:49.015749+00:00,,ns_sld_exact,17,27,5742,52111,0.349,ok,,baseline
2026-03-01,xn--80aqecdr1a,1,false,czds_zone,2026-03-01T08:15:49.366048+00:00,,ns_sld_exact,1,12,12,3613,0.303,ok,,baseline
2026-03-01,xn--80asehdb,1985,false,czds_zone,2026-03-01T08:15:49.669562+00:00,,ns_sld_exact,4,10,5086,428958,0.788,ok,,baseline
2026-03-01,xn--80aswg,1643,false,czds_zone,2026-03-01T08:15:50.458660+00:00,,ns_sld_exact,5,2,4221,393509,0.782,ok,,rolling
2026-03-01,xn--8y0a063a,3,false,czds_zone,2026-03-01T08:15:51.242406+00:00,,ns_sld_exact,0,0,18,2241,0.291,ok,,baseline
2026-03-01,xn--9et52u,1,false,czds_zone,2026-03-01T08:15:51.535398+00:00,,ns_sld_exact,0,0,12,1982,0.282,ok,,baseline
2026-03-01,xn--9krt00a,1,false,czds_zone,2026-03-01T08:15:51.818968+00:00,,ns_sld_exact,1,4,8,2206,0.28,ok,,baseline
2026-03-01,xn--b4w605ferd,1,false,czds_zone,2026-03-01T08:15:52.101165+00:00,,ns_sld_exact,1,4,8,2216,0.29,ok,,baseline
2026-03-01,xn--c1avg,774,false,czds_zone,2026-03-01T08:15:52.392991+00:00,,ns_sld_exact,4,11,2022,17527,0.304,ok,,baseline
2026-03-01,xn--cg4bki,1,false,czds_zone,2026-03-01T08:15:52.698148+00:00,,ns_sld_exact,0,0,9,164,0.28,ok,,baseline
2026-03-01,xn--czrs0t,1225,false,czds_zone,2026-03-01T08:15:52.979614+00:00,,ns_sld_exact,2,6,3173,22811,0.281,ok,,rolling
2026-03-01,xn--fiq64b,170,false,czds_zone,2026-03-01T08:15:53.262462+00:00,,ns_sld_exact,0,0,556,37339,0.351,ok,,baseline
2026-03-01,xn--fjq720a,220,false,czds_zone,2026-03-01T08:15:53.614779+00:00,,ns_sld_exact,1,6,628,6790,0.297,ok,,baseline
2026-03-01,xn--flw351e,1,false,czds_zone,2026-03-01T08:15:53.914258+00:00,,ns_sld_exact,0,0,9,1826,0.26,ok,,baseline
2026-03-01,xn--fzys8d69uvgm,1,false,czds_zone,2026-03-01T08:15:54.188064+00:00,,ns_sld_exact,1,4,8,2221,0.285,ok,,baseline
2026-03-01,xn--i1b6b1a6a2e,423,false,czds_zone,2026-03-01T08:15:54.474615+00:00,,ns_sld_exact,4,4,929,10128,0.284,ok,,baseline
2026-03-01,xn--imr513n,147,false,czds_zone,2026-03-01T08:15:54.759870+00:00,,ns_sld_exact,0,0,365,32242,0.354,ok,,baseline
2026-03-01,xn--io0a7i,15367,false,czds_zone,2026-03-01T08:15:55.116520+00:00,,ns_sld_exact,1,0,34678,258962,0.959,ok,,baseline
2026-03-01,xn--kcrx77d1x4a,10,false,czds_zone,2026-03-01T08:15:56.077542+00:00,,ns_sld_exact,1,12,39,3820,0.29,ok,,baseline
2026-03-01,xn--mgba3a3ejt,1,false,czds_zone,2026-03-01T08:15:56.369419+00:00,,ns_sld_exact,1,8,12,3565,0.287,ok,,baseline
2026-03-01,xn--mgba7c0bbn0a,2,false,czds_zone,2026-03-01T08:15:56.657551+00:00,,ns_sld_exact,1,12,14,3877,0.293,ok,,baseline
2026-03-01,xn--mgbab2bd,591,false,czds_zone,2026-03-01T08:15:56.952035+00:00,,ns_sld_exact,8,0,1307,145018,0.513,ok,,rolling
2026-03-01,xn--mgbca7dzdo,55,false,czds_zone,2026-03-01T08:15:57.466185+00:00,,ns_sld_exact,1,4,158,16658,1.026,ok,,baseline
2026-03-01,xn--mgbi4ecexp,1,false,czds_zone,2026-03-01T08:15:58.400934+00:00,,ns_sld_exact,1,12,12,3835,0.26,ok,,baseline
2026-03-01,xn--mgbt3dhd,1,false,czds_zone,2026-03-01T08:15:58.495716+00:00,,ns_sld_exact,1,1,16,4522,0.276,ok,,baseline
2026-03-01,xn--ngbc5azd,413,false,czds_zone,2026-03-01T08:15:58.663051+00:00,,ns_sld_exact,3,10,1240,13766,0.282,ok,,baseline
2026-03-01,xn--ngbe9e0a,26,false,czds_zone,2026-03-01T08:15:58.773544+00:00,,ns_sld_exact,0,4,131,2864,0.283,ok,,baseline
2026-03-01,xn--ngbrx,1,false,czds_zone,2026-03-01T08:15:58.947240+00:00,,ns_sld_exact,1,5,8,4327,0.281,ok,,baseline
2026-03-01,xn--nqv7f,403,false,czds_zone,2026-03-01T08:15:59.059171+00:00,,ns_sld_exact,6,7,1002,13036,0.291,ok,,baseline
2026-03-01,xn--nqv7fs00ema,1,false,czds_zone,2026-03-01T08:15:59.229613+00:00,,ns_sld_exact,1,4,8,2213,0.263,ok,,baseline
2026-03-01,xn--nyqy26a,17,false,czds_zone,2026-03-01T08:15:59.351045+00:00,,ns_sld_exact,1,2,56,4032,0.267,ok,,baseline
2026-03-01,xn--otu796d,65,false,czds_zone,2026-03-01T08:15:59.494178+00:00,,ns_sld_exact,0,0,201,15438,0.258,ok,,baseline
2026-03-01,xn--q9jyb4c,1688,false,czds_zone,2026-03-01T08:15:59.619980+00:00,,ns_sld_exact,37,1,4705,363881,0.644,ok,,baseline
2026-03-01,xn--qcka1pmc,1,false,czds_zone,2026-03-01T08:15:59.753096+00:00,,ns_sld_exact,0,0,9,1831,0.274,ok,,baseline
2026-03-01,xn--rhqv96g,400,false,czds_zone,2026-03-01T08:16:00.028621+00:00,,ns_sld_exact,3,2,1133,13135,0.272,ok,,baseline
2026-03-01,xn--tiq49xqyj,1,false,czds_zone,2026-03-01T08:16:00.265422+00:00,,ns_sld_exact,1,12,12,3843,0.28,ok,,baseline
2026-03-01,xn--unup4y,265,false,czds_zone,2026-03-01T08:16:00.302236+00:00,,ns_sld_exact,1,6,839,7999,0.259,ok,,baseline
2026-03-01,xn--vermgensberater-ctb,2,false,czds_zone,2026-03-01T08:16:00.547097+00:00,,ns_sld_exact,1,4,7,2197,0.288,ok,,baseline
2026-03-01,xn--vermgensberatung-pwb,3,false,czds_zone,2026-03-01T08:16:00.562013+00:00,,ns_sld_exact,1,4,11,2248,0.269,ok,,baseline
2026-03-01,xn--vhquv,2737,false,czds_zone,2026-03-01T08:16:00.832076+00:00,,ns_sld_exact,0,6,6398,42153,0.363,ok,,baseline
2026-03-01,xn--w4r85el8fhu5dnra,1,false,czds_zone,2026-03-01T08:16:00.835979+00:00,,ns_sld_exact,1,6,12,2288,0.287,ok,,baseline
2026-03-01,xn--w4rs40l,1,false,czds_zone,2026-03-01T08:16:01.124520+00:00,,ns_sld_exact,1,6,12,2263,0.276,ok,,baseline
2026-03-01,xn--zfr164b,1,false,czds_zone,2026-03-01T08:16:01.196281+00:00,,ns_sld_exact,1,0,10,3067,0.259,ok,,baseline
2026-03-01,xxx,34857,false,czds_zone,2026-03-01T08:16:01.401972+00:00,,ns_sld_exact,972,87,87777,1068185,1.535,ok,,baseline
2026-03-01,xyz,8124970,false,czds_zone,2026-03-01T08:16:01.457195+00:00,,ns_sld_exact,110272,8258,20337639,148596873,112.298,ok,,core
2026-03-01,yachts,87148,false,czds_zone,2026-03-01T08:16:02.938155+00:00,,ns_sld_exact,1676,17,178329,1628181,2.262,ok,,baseline
2026-03-01,yahoo,5,false,czds_zone,2026-03-01T08:16:05.202075+00:00,,ns_sld_exact,1,12,32,2450,0.268,ok,,baseline
2026-03-01,yandex,112,false,czds_zone,2026-03-01T08:16:05.472117+00:00,,ns_sld_exact,1,0,235,2454,0.267,ok,,baseline
2026-03-01,yoga,34591,false,czds_zone,2026-03-01T08:16:05.740148+00:00,,ns_sld_exact,700,28,77192,884231,1.257,ok,,baseline
2026-03-01,youtube,25,false,czds_zone,2026-03-01T08:16:06.998341+00:00,,ns_sld_exact,1,0,105,7199,0.295,ok,,baseline
2026-03-01,yun,1783,false,czds_zone,2026-03-01T08:16:07.294006+00:00,,ns_sld_exact,1,2,3636,19394,0.286,ok,,baseline
2026-03-01,zara,4,false,czds_zone,2026-03-01T08:16:07.582497+00:00,,ns_sld_exact,1,4,27,2314,0.291,ok,,baseline
2026-03-01,zip,13867,false,czds_zone,2026-03-01T08:16:07.875657+00:00,,ns_sld_exact,3455,90,39783,3621627,1.979,ok,,baseline
2026-03-01,zone,59018,false,czds_zone,2026-03-01T08:16:09.880999+00:00,,ns_sld_exact,2068,1098,201177,2069967,2.7,ok,,baseline
2026-03-01,zuerich,1275,false,czds_zone,2026-03-01T08:16:12.583857+00:00,,ns_sld_exact,133,4,3574,77957,0.399,ok,,baseline
