date_utc,tld,count,is_estimate,source,fetched_at_utc,notes,count_mode,count_ds_sld,count_glue_hosts,count_ns_rr,bytes_downloaded,fetch_seconds,status,error,cadence
2026-02-26,abb,33,false,czds_zone,2026-02-26T05:25:56.496287+00:00,,ns_sld_exact,1,4,92,2854,0.324,ok,,baseline
2026-02-26,abbvie,37,false,czds_zone,2026-02-26T05:25:56.497528+00:00,,ns_sld_exact,1,9,160,5487,0.536,ok,,baseline
2026-02-26,abc,21,false,czds_zone,2026-02-26T05:25:56.498570+00:00,,ns_sld_exact,0,6,64,2268,0.539,ok,,rolling
2026-02-26,able,4,false,czds_zone,2026-02-26T05:25:56.499473+00:00,,ns_sld_exact,1,12,24,3755,0.531,ok,,baseline
2026-02-26,abogado,702,false,czds_zone,2026-02-26T05:25:56.500280+00:00,,ns_sld_exact,47,18,2000,38861,0.589,ok,,baseline
2026-02-26,abudhabi,917,false,czds_zone,2026-02-26T05:25:56.501074+00:00,,ns_sld_exact,1,6,2742,234111,0.744,ok,,baseline
2026-02-26,academy,69796,false,czds_zone,2026-02-26T05:25:56.501825+00:00,,ns_sld_exact,4507,803,171319,3022991,3.254,ok,,baseline
2026-02-26,accenture,1,false,czds_zone,2026-02-26T05:25:56.502599+00:00,,ns_sld_exact,1,6,12,2276,0.534,ok,,baseline
2026-02-26,accountant,1301,false,czds_zone,2026-02-26T05:25:56.821534+00:00,,ns_sld_exact,116,12,3516,86235,0.286,ok,,baseline
2026-02-26,accountants,1715,false,czds_zone,2026-02-26T05:25:57.031931+00:00,,ns_sld_exact,113,14,4385,78214,1.333,ok,,baseline
2026-02-26,aco,368,false,czds_zone,2026-02-26T05:25:57.034980+00:00,,ns_sld_exact,1,0,1815,81458,0.238,ok,,baseline
2026-02-26,actor,3142,false,czds_zone,2026-02-26T05:25:57.038332+00:00,,ns_sld_exact,226,22,7961,149400,0.321,ok,,baseline
2026-02-26,ads,2,false,czds_zone,2026-02-26T05:25:57.039816+00:00,,ns_sld_exact,0,0,13,2028,0.157,ok,,baseline
2026-02-26,adult,6294,false,czds_zone,2026-02-26T05:25:57.089957+00:00,,ns_sld_exact,143,12,18474,196006,0.455,ok,,baseline
2026-02-26,aeg,6,false,czds_zone,2026-02-26T05:25:57.108745+00:00,,ns_sld_exact,1,6,34,2369,0.148,ok,,baseline
2026-02-26,aero,13142,false,czds_zone,2026-02-26T05:25:57.198090+00:00,,ns_sld_exact,200,641,35320,320160,0.471,ok,,baseline
2026-02-26,aetna,7,false,czds_zone,2026-02-26T05:25:57.246131+00:00,,ns_sld_exact,1,12,48,3800,0.149,ok,,baseline
2026-02-26,afl,148,false,czds_zone,2026-02-26T05:25:57.258270+00:00,,ns_sld_exact,1,12,444,7176,0.156,ok,,baseline
2026-02-26,agakhan,1,false,czds_zone,2026-02-26T05:25:57.273546+00:00,,ns_sld_exact,1,4,8,2207,0.153,ok,,baseline
2026-02-26,agency,122498,false,czds_zone,2026-02-26T05:25:57.360044+00:00,,ns_sld_exact,7456,1601,290046,4953536,5.53,ok,,baseline
2026-02-26,aig,51,false,czds_zone,2026-02-26T05:25:57.396575+00:00,,ns_sld_exact,1,12,135,4350,0.163,ok,,baseline
2026-02-26,airbus,48,false,czds_zone,2026-02-26T05:25:57.415504+00:00,,ns_sld_exact,1,6,106,2766,0.168,ok,,baseline
2026-02-26,airforce,785,false,czds_zone,2026-02-26T05:25:57.427906+00:00,,ns_sld_exact,94,20,2113,55546,0.252,ok,,baseline
2026-02-26,akdn,3,false,czds_zone,2026-02-26T05:25:57.548234+00:00,,ns_sld_exact,1,4,12,2226,0.162,ok,,baseline
2026-02-26,alibaba,10,false,czds_zone,2026-02-26T05:25:57.561398+00:00,,ns_sld_exact,1,4,26,2329,0.16,ok,,baseline
2026-02-26,alipay,1,false,czds_zone,2026-02-26T05:25:57.585693+00:00,,ns_sld_exact,1,4,8,2192,0.154,ok,,rolling
2026-02-26,allfinanz,1769,false,czds_zone,2026-02-26T05:25:57.670537+00:00,,ns_sld_exact,1,4,6061,34376,0.245,ok,,baseline
2026-02-26,allstate,21,false,czds_zone,2026-02-26T05:25:57.680685+00:00,,ns_sld_exact,1,4,48,2452,0.164,ok,,baseline
2026-02-26,ally,24,false,czds_zone,2026-02-26T05:25:57.711941+00:00,,ns_sld_exact,1,12,64,4113,0.161,ok,,rolling
2026-02-26,alsace,2328,false,czds_zone,2026-02-26T05:25:57.723031+00:00,,ns_sld_exact,605,6,5709,213279,0.423,ok,,baseline
2026-02-26,americanexpress,4,false,czds_zone,2026-02-26T05:25:57.740690+00:00,,ns_sld_exact,1,12,18,3672,0.158,ok,,baseline
2026-02-26,amex,9,false,czds_zone,2026-02-26T05:25:57.845589+00:00,,ns_sld_exact,1,12,52,3845,0.157,ok,,baseline
2026-02-26,amsterdam,18233,false,czds_zone,2026-02-26T05:25:57.874974+00:00,,ns_sld_exact,2646,6,42611,3076682,2.675,ok,,baseline
2026-02-26,android,4,false,czds_zone,2026-02-26T05:25:57.900493+00:00,,ns_sld_exact,0,0,21,2481,0.17,ok,,baseline
2026-02-26,anquan,2,false,czds_zone,2026-02-26T05:25:57.917361+00:00,,ns_sld_exact,1,2,8,3635,0.164,ok,,baseline
2026-02-26,anz,41,false,czds_zone,2026-02-26T05:25:58.007055+00:00,,ns_sld_exact,4,12,150,5846,0.182,ok,,baseline
2026-02-26,aol,1,false,czds_zone,2026-02-26T05:25:58.073931+00:00,,ns_sld_exact,0,4,8,1792,0.193,ok,,baseline
2026-02-26,apartments,4304,false,czds_zone,2026-02-26T05:25:58.084272+00:00,,ns_sld_exact,164,16,11119,147115,0.414,ok,,baseline
2026-02-26,app,1089801,false,czds_zone,2026-02-26T05:25:58.147350+00:00,,ns_sld_exact,91886,3128,2706396,241752005,230.615,ok,,core
2026-02-26,apple,69,false,czds_zone,2026-02-26T05:25:58.191337+00:00,,ns_sld_exact,1,9,277,4507,1.106,ok,,baseline
2026-02-26,aquarelle,49,false,czds_zone,2026-02-26T05:25:58.267772+00:00,,ns_sld_exact,1,4,226,7297,0.157,ok,,baseline
2026-02-26,arab,1,false,czds_zone,2026-02-26T05:25:58.366313+00:00,,ns_sld_exact,1,4,8,2539,0.163,ok,,baseline
2026-02-26,aramco,1,false,czds_zone,2026-02-26T05:25:58.426900+00:00,,ns_sld_exact,1,8,12,3553,0.16,ok,,baseline
2026-02-26,archi,3720,false,czds_zone,2026-02-26T05:25:58.499800+00:00,,ns_sld_exact,713,17,9318,348923,0.724,ok,,baseline
2026-02-26,army,5117,false,czds_zone,2026-02-26T05:25:58.530487+00:00,,ns_sld_exact,457,72,12643,271048,0.536,ok,,baseline
2026-02-26,art,284967,false,czds_zone,2026-02-26T05:25:58.589215+00:00,,ns_sld_exact,22197,732,723574,13950836,22.899,ok,,baseline
2026-02-26,arte,14,false,czds_zone,2026-02-26T05:25:59.074060+00:00,,ns_sld_exact,1,6,38,2411,0.19,ok,,baseline
2026-02-26,asia,511188,false,czds_zone,2026-02-26T05:25:59.225683+00:00,,ns_sld_exact,13664,4155,1448206,13476179,26.75,ok,,baseline
2026-02-26,associates,3792,false,czds_zone,2026-02-26T05:25:59.265686+00:00,,ns_sld_exact,301,43,10056,195002,0.591,ok,,baseline
2026-02-26,attorney,4605,false,czds_zone,2026-02-26T05:25:59.298830+00:00,,ns_sld_exact,190,34,11640,160030,0.494,ok,,baseline
2026-02-26,auction,9784,false,czds_zone,2026-02-26T05:25:59.757792+00:00,,ns_sld_exact,341,45,22706,285873,0.752,ok,,rolling
2026-02-26,audio,5113,false,czds_zone,2026-02-26T05:25:59.794681+00:00,,ns_sld_exact,376,31,13848,584766,0.925,ok,,baseline
2026-02-26,auspost,116,false,czds_zone,2026-02-26T05:25:59.858472+00:00,,ns_sld_exact,1,16,328,6235,0.175,ok,,baseline
2026-02-26,auto,510,false,czds_zone,2026-02-26T05:26:00.036114+00:00,,ns_sld_exact,9,7,1510,55383,0.269,ok,,baseline
2026-02-26,autos,238893,false,czds_zone,2026-02-26T05:26:00.311522+00:00,,ns_sld_exact,5456,77,497192,4963823,8.566,ok,,baseline
2026-02-26,axa,71,false,czds_zone,2026-02-26T05:26:00.512942+00:00,,ns_sld_exact,1,12,327,5262,0.185,ok,,baseline
2026-02-26,azure,83,false,czds_zone,2026-02-26T05:26:00.550894+00:00,,ns_sld_exact,1,9,728,8362,0.179,ok,,baseline
2026-02-26,baby,47689,false,czds_zone,2026-02-26T05:26:00.699276+00:00,,ns_sld_exact,2663,263,100775,1736585,3.063,ok,,baseline
2026-02-26,baidu,1,false,czds_zone,2026-02-26T05:26:00.721702+00:00,,ns_sld_exact,0,0,12,2105,0.2,ok,,baseline
2026-02-26,banamex,1,false,czds_zone,2026-02-26T05:26:00.733287+00:00,,ns_sld_exact,1,12,12,3618,0.204,ok,,baseline
2026-02-26,band,19085,false,czds_zone,2026-02-26T05:26:00.925435+00:00,,ns_sld_exact,1530,143,53710,992182,2.125,ok,,baseline
2026-02-26,bar,37779,false,czds_zone,2026-02-26T05:26:00.940030+00:00,,ns_sld_exact,1269,141,91258,978468,2.424,ok,,baseline
2026-02-26,barcelona,4599,false,czds_zone,2026-02-26T05:26:02.893675+00:00,,ns_sld_exact,378,27,13514,1215667,1.453,ok,,baseline
2026-02-26,barclaycard,28,false,czds_zone,2026-02-26T05:26:03.053679+00:00,,ns_sld_exact,6,4,144,5209,0.175,ok,,baseline
2026-02-26,barclays,139,false,czds_zone,2026-02-26T05:26:03.230816+00:00,,ns_sld_exact,27,4,740,17516,0.188,ok,,baseline
2026-02-26,barefoot,1,false,czds_zone,2026-02-26T05:26:03.366350+00:00,,ns_sld_exact,1,4,8,2212,0.171,ok,,baseline
2026-02-26,bargains,1844,false,czds_zone,2026-02-26T05:26:03.420052+00:00,,ns_sld_exact,65,16,5168,63687,0.356,ok,,baseline
2026-02-26,baseball,1,false,czds_zone,2026-02-26T05:26:03.540159+00:00,,ns_sld_exact,1,12,12,3629,0.172,ok,,baseline
2026-02-26,basketball,658,false,czds_zone,2026-02-26T05:26:03.714647+00:00,,ns_sld_exact,10,23,2103,29215,0.201,ok,,baseline
2026-02-26,bauhaus,39,false,czds_zone,2026-02-26T05:26:03.764484+00:00,,ns_sld_exact,1,0,138,11508,0.192,ok,,baseline
2026-02-26,bayern,28049,false,czds_zone,2026-02-26T05:26:03.778552+00:00,,ns_sld_exact,386,34,89690,6867462,7.889,ok,,baseline
2026-02-26,bbc,6,false,czds_zone,2026-02-26T05:26:03.917280+00:00,,ns_sld_exact,1,9,30,4846,0.172,ok,,baseline
2026-02-26,bbt,1,false,czds_zone,2026-02-26T05:26:03.958346+00:00,,ns_sld_exact,0,4,8,1793,0.18,ok,,baseline
2026-02-26,bbva,13,false,czds_zone,2026-02-26T05:26:04.094326+00:00,,ns_sld_exact,1,9,94,5171,0.174,ok,,baseline
2026-02-26,bcg,2,false,czds_zone,2026-02-26T05:26:04.139980+00:00,,ns_sld_exact,1,4,10,2208,0.172,ok,,baseline
2026-02-26,bcn,3,false,czds_zone,2026-02-26T05:26:04.271658+00:00,,ns_sld_exact,1,0,14,2806,0.19,ok,,baseline
2026-02-26,beats,3,false,czds_zone,2026-02-26T05:26:04.314349+00:00,,ns_sld_exact,1,4,16,1438,0.166,ok,,baseline
2026-02-26,beauty,76310,false,czds_zone,2026-02-26T05:26:04.348744+00:00,,ns_sld_exact,2448,72,161700,2222245,4.399,ok,,baseline
2026-02-26,beer,103359,false,czds_zone,2026-02-26T05:26:04.465102+00:00,,ns_sld_exact,8499,53,213968,5351967,7.715,ok,,baseline
2026-02-26,berlin,43337,false,czds_zone,2026-02-26T05:26:04.483509+00:00,,ns_sld_exact,533,58,122169,1003888,2.455,ok,,baseline
2026-02-26,best,33781,false,czds_zone,2026-02-26T05:26:06.939851+00:00,,ns_sld_exact,3144,304,76634,1829033,3.142,ok,,baseline
2026-02-26,bet,117430,false,czds_zone,2026-02-26T05:26:08.756084+00:00,,ns_sld_exact,1806,516,257406,2331425,4.928,ok,,baseline
2026-02-26,bharti,1,false,czds_zone,2026-02-26T05:26:08.883628+00:00,,ns_sld_exact,1,6,12,3719,0.171,ok,,baseline
2026-02-26,bible,1356,false,czds_zone,2026-02-26T05:26:09.057470+00:00,,ns_sld_exact,242,22,4074,144882,0.455,ok,,baseline
2026-02-26,bid,41507,false,czds_zone,2026-02-26T05:26:09.517866+00:00,,ns_sld_exact,354,242,89217,685638,1.73,ok,,baseline
2026-02-26,bike,15870,false,czds_zone,2026-02-26T05:26:10.084821+00:00,,ns_sld_exact,1103,176,40785,729135,1.513,ok,,baseline
2026-02-26,bing,18,false,czds_zone,2026-02-26T05:26:11.249933+00:00,,ns_sld_exact,1,9,84,5198,0.192,ok,,baseline
2026-02-26,bingo,2470,false,czds_zone,2026-02-26T05:26:11.446290+00:00,,ns_sld_exact,100,20,6284,85844,0.307,ok,,baseline
2026-02-26,bio,54072,false,czds_zone,2026-02-26T05:26:11.599279+00:00,,ns_sld_exact,2743,2326,142107,2057626,3.758,ok,,baseline
2026-02-26,biz,1210131,false,czds_zone,2026-02-26T05:26:11.669752+00:00,,ns_sld_exact,41223,7501,3050718,41629286,71.08,ok,,baseline
2026-02-26,black,5952,false,czds_zone,2026-02-26T05:26:11.755457+00:00,,ns_sld_exact,358,62,15048,250568,0.736,ok,,baseline
2026-02-26,blackfriday,857,false,czds_zone,2026-02-26T05:26:12.182296+00:00,,ns_sld_exact,44,11,2885,33530,0.24,ok,,rolling
2026-02-26,blockbuster,1,false,czds_zone,2026-02-26T05:26:12.426607+00:00,,ns_sld_exact,1,0,6,1298,0.189,ok,,baseline
2026-02-26,blog,366363,false,czds_zone,2026-02-26T05:26:12.493786+00:00,,ns_sld_exact,14805,197,934470,12276689,23.99,ok,,baseline
2026-02-26,bloomberg,77,false,czds_zone,2026-02-26T05:26:12.618459+00:00,,ns_sld_exact,1,6,543,4587,0.175,ok,,rolling
2026-02-26,blue,14804,false,czds_zone,2026-02-26T05:26:12.795460+00:00,,ns_sld_exact,1339,286,38535,810712,1.435,ok,,baseline
2026-02-26,bms,3,false,czds_zone,2026-02-26T05:26:13.685603+00:00,,ns_sld_exact,0,4,16,1860,0.168,ok,,baseline
2026-02-26,bmw,131,false,czds_zone,2026-02-26T05:26:13.854003+00:00,,ns_sld_exact,1,4,535,5602,0.189,ok,,baseline
2026-02-26,boats,57675,false,czds_zone,2026-02-26T05:26:14.045551+00:00,,ns_sld_exact,1642,31,118696,1367078,2.911,ok,,baseline
2026-02-26,boehringer,1,false,czds_zone,2026-02-26T05:26:14.234179+00:00,,ns_sld_exact,1,4,8,2204,0.171,ok,,baseline
2026-02-26,bofa,1,false,czds_zone,2026-02-26T05:26:14.408352+00:00,,ns_sld_exact,1,6,12,2251,0.181,ok,,baseline
2026-02-26,bom,1,false,czds_zone,2026-02-26T05:26:14.591836+00:00,,ns_sld_exact,1,0,8,1159,0.18,ok,,baseline
2026-02-26,bond,1132541,false,czds_zone,2026-02-26T05:26:14.773873+00:00,,ns_sld_exact,5552,37,2332733,13491259,29.604,ok,,baseline
2026-02-26,boo,3245,false,czds_zone,2026-02-26T05:26:15.359295+00:00,,ns_sld_exact,487,9,8437,779973,1.301,ok,,baseline
2026-02-26,bosch,1,false,czds_zone,2026-02-26T05:26:16.663749+00:00,,ns_sld_exact,0,4,8,1793,0.188,ok,,baseline
2026-02-26,bostik,38,false,czds_zone,2026-02-26T05:26:16.854730+00:00,,ns_sld_exact,2,0,80,2082,0.178,ok,,baseline
2026-02-26,boston,4619,false,czds_zone,2026-02-26T05:26:16.963274+00:00,,ns_sld_exact,149,16,10640,149805,0.625,ok,,baseline
2026-02-26,boutique,14445,false,czds_zone,2026-02-26T05:26:17.035623+00:00,,ns_sld_exact,1228,102,35088,744101,1.61,ok,,rolling
2026-02-26,box,2849,false,czds_zone,2026-02-26T05:26:17.591640+00:00,,ns_sld_exact,2,8,6250,28600,1.273,ok,,baseline
2026-02-26,bradesco,219,false,czds_zone,2026-02-26T05:26:18.651246+00:00,,ns_sld_exact,1,4,750,6157,0.194,ok,,baseline
2026-02-26,bridgestone,68,false,czds_zone,2026-02-26T05:26:18.847542+00:00,,ns_sld_exact,1,0,254,18735,0.206,ok,,baseline
2026-02-26,broadway,340,false,czds_zone,2026-02-26T05:26:18.869956+00:00,,ns_sld_exact,1,9,1102,10699,0.205,ok,,baseline
2026-02-26,broker,2954,false,czds_zone,2026-02-26T05:26:19.054266+00:00,,ns_sld_exact,189,84,7475,127917,0.463,ok,,baseline
2026-02-26,brother,9,false,czds_zone,2026-02-26T05:26:19.077449+00:00,,ns_sld_exact,0,0,34,4155,0.201,ok,,baseline
2026-02-26,brussels,7958,false,czds_zone,2026-02-26T05:26:19.281231+00:00,,ns_sld_exact,2086,22,19388,716723,1.55,ok,,baseline
2026-02-26,build,8775,false,czds_zone,2026-02-26T05:26:19.518976+00:00,,ns_sld_exact,279,20,20956,280745,0.864,ok,,baseline
2026-02-26,builders,6170,false,czds_zone,2026-02-26T05:26:20.385330+00:00,,ns_sld_exact,437,42,15862,286235,0.81,ok,,baseline
2026-02-26,business,33885,false,czds_zone,2026-02-26T05:26:20.833065+00:00,,ns_sld_exact,2664,735,88099,1707238,3.982,ok,,baseline
2026-02-26,buzz,162707,false,czds_zone,2026-02-26T05:26:21.197855+00:00,,ns_sld_exact,5703,306,352572,5026354,9.687,ok,,baseline
2026-02-26,cab,3682,false,czds_zone,2026-02-26T05:26:21.492197+00:00,,ns_sld_exact,218,60,8926,154526,0.569,ok,,baseline
2026-02-26,cafe,23100,false,czds_zone,2026-02-26T05:26:22.063612+00:00,,ns_sld_exact,1521,269,57828,1017600,2.33,ok,,baseline
2026-02-26,cal,1,false,czds_zone,2026-02-26T05:26:24.394739+00:00,,ns_sld_exact,0,0,9,1814,0.179,ok,,baseline
2026-02-26,cam,41723,false,czds_zone,2026-02-26T05:26:24.575573+00:00,,ns_sld_exact,4813,278,90376,2557009,4.411,ok,,baseline
2026-02-26,camera,3181,false,czds_zone,2026-02-26T05:26:24.817916+00:00,,ns_sld_exact,179,49,8918,135828,0.545,ok,,baseline
2026-02-26,camp,8128,false,czds_zone,2026-02-26T05:26:25.366014+00:00,,ns_sld_exact,643,78,22109,413091,1.069,ok,,baseline
2026-02-26,capital,32578,false,czds_zone,2026-02-26T05:26:25.977846+00:00,,ns_sld_exact,2299,239,80621,1460887,3.518,ok,,baseline
2026-02-26,capitalone,1,false,czds_zone,2026-02-26T05:26:26.436271+00:00,,ns_sld_exact,1,7,12,3757,0.281,ok,,baseline
2026-02-26,car,293,false,czds_zone,2026-02-26T05:26:26.718099+00:00,,ns_sld_exact,8,8,907,32994,0.413,ok,,baseline
2026-02-26,cards,12038,false,czds_zone,2026-02-26T05:26:27.131900+00:00,,ns_sld_exact,728,82,32212,511139,1.559,ok,,baseline
2026-02-26,care,44689,false,czds_zone,2026-02-26T05:26:28.692355+00:00,,ns_sld_exact,3490,448,112121,2170385,4.468,ok,,rolling
2026-02-26,career,1337,false,czds_zone,2026-02-26T05:26:28.989139+00:00,,ns_sld_exact,52,9,4302,68671,0.464,ok,,baseline
2026-02-26,careers,9363,false,czds_zone,2026-02-26T05:26:29.456557+00:00,,ns_sld_exact,592,89,25730,426614,1.434,ok,,baseline
2026-02-26,cars,283,false,czds_zone,2026-02-26T05:26:29.497156+00:00,,ns_sld_exact,6,4,839,31135,0.301,ok,,rolling
2026-02-26,casa,58870,false,czds_zone,2026-02-26T05:26:29.803982+00:00,,ns_sld_exact,3427,213,126203,2577405,4.945,ok,,baseline
2026-02-26,case,44,false,czds_zone,2026-02-26T05:26:30.892143+00:00,,ns_sld_exact,1,4,164,2190,0.282,ok,,baseline
2026-02-26,cash,18689,false,czds_zone,2026-02-26T05:26:30.896955+00:00,,ns_sld_exact,1071,189,43917,729441,1.901,ok,,baseline
2026-02-26,casino,60700,false,czds_zone,2026-02-26T05:26:31.176173+00:00,,ns_sld_exact,6053,923,132209,3188978,5.138,ok,,baseline
2026-02-26,cat,114777,false,czds_zone,2026-02-26T05:26:32.801300+00:00,,ns_sld_exact,12025,1101,336609,30474937,33.264,ok,,baseline
2026-02-26,catering,3008,false,czds_zone,2026-02-26T05:26:33.163085+00:00,,ns_sld_exact,195,23,8121,140381,0.629,ok,,baseline
2026-02-26,catholic,22,false,czds_zone,2026-02-26T05:26:33.796765+00:00,,ns_sld_exact,5,16,86,6120,0.292,ok,,baseline
2026-02-26,cba,83,false,czds_zone,2026-02-26T05:26:34.091347+00:00,,ns_sld_exact,1,12,309,6191,0.293,ok,,baseline
2026-02-26,cbn,5,false,czds_zone,2026-02-26T05:26:34.388526+00:00,,ns_sld_exact,1,12,36,3749,0.274,ok,,baseline
2026-02-26,cbre,1,false,czds_zone,2026-02-26T05:26:34.664623+00:00,,ns_sld_exact,1,12,12,3607,0.36,ok,,baseline
2026-02-26,center,43289,false,czds_zone,2026-02-26T05:26:34.751433+00:00,,ns_sld_exact,1611,704,104642,1412342,3.326,ok,,baseline
2026-02-26,cern,95,false,czds_zone,2026-02-26T05:26:35.026895+00:00,,ns_sld_exact,1,4,196,3203,0.267,ok,,baseline
2026-02-26,cfa,7,false,czds_zone,2026-02-26T05:26:35.296555+00:00,,ns_sld_exact,1,6,24,2336,0.272,ok,,baseline
2026-02-26,cfd,478159,false,czds_zone,2026-02-26T05:26:35.570290+00:00,,ns_sld_exact,20200,564,1185992,16329568,25.99,ok,,baseline
2026-02-26,chanel,5,false,czds_zone,2026-02-26T05:26:36.318537+00:00,,ns_sld_exact,0,4,16,1856,0.267,ok,,baseline
2026-02-26,channel,3394,false,czds_zone,2026-02-26T05:26:36.487415+00:00,,ns_sld_exact,149,4,8625,740243,1.286,ok,,baseline
2026-02-26,charity,4729,false,czds_zone,2026-02-26T05:26:36.588916+00:00,,ns_sld_exact,321,24,12776,219688,0.763,ok,,baseline
2026-02-26,chat,50813,false,czds_zone,2026-02-26T05:26:37.354798+00:00,,ns_sld_exact,2644,481,118715,1890862,3.686,ok,,baseline
2026-02-26,cheap,7111,false,czds_zone,2026-02-26T05:26:37.778793+00:00,,ns_sld_exact,159,47,15685,178323,0.766,ok,,baseline
2026-02-26,chintai,7,false,czds_zone,2026-02-26T05:26:38.078119+00:00,,ns_sld_exact,1,12,30,3840,0.279,ok,,baseline
2026-02-26,christmas,10099,false,czds_zone,2026-02-26T05:26:38.360129+00:00,,ns_sld_exact,2393,18,21362,1375763,2.526,ok,,baseline
2026-02-26,chrome,2,false,czds_zone,2026-02-26T05:26:38.545603+00:00,,ns_sld_exact,0,0,13,2038,0.28,ok,,baseline
2026-02-26,church,33456,false,czds_zone,2026-02-26T05:26:38.828608+00:00,,ns_sld_exact,1748,360,85269,1282213,2.667,ok,,baseline
2026-02-26,cipriani,1,false,czds_zone,2026-02-26T05:26:40.887370+00:00,,ns_sld_exact,1,4,8,2209,0.274,ok,,baseline
2026-02-26,citadel,1,false,czds_zone,2026-02-26T05:26:41.042293+00:00,,ns_sld_exact,1,4,8,2204,0.279,ok,,baseline
2026-02-26,citi,4,false,czds_zone,2026-02-26T05:26:41.163642+00:00,,ns_sld_exact,1,12,30,3708,0.268,ok,,baseline
2026-02-26,citic,157,false,czds_zone,2026-02-26T05:26:41.324802+00:00,,ns_sld_exact,0,7,514,34763,0.301,ok,,baseline
2026-02-26,city,30522,false,czds_zone,2026-02-26T05:26:41.433614+00:00,,ns_sld_exact,1774,565,74580,1241692,2.794,ok,,baseline
2026-02-26,claims,5681,false,czds_zone,2026-02-26T05:26:41.499337+00:00,,ns_sld_exact,262,17,13646,196884,0.822,ok,,baseline
2026-02-26,cleaning,2532,false,czds_zone,2026-02-26T05:26:41.627603+00:00,,ns_sld_exact,222,38,6863,140449,0.747,ok,,baseline
2026-02-26,click,684341,false,czds_zone,2026-02-26T05:26:42.323964+00:00,,ns_sld_exact,16905,5333,1506021,14986962,28.863,ok,,baseline
2026-02-26,clinic,17335,false,czds_zone,2026-02-26T05:26:42.376823+00:00,,ns_sld_exact,762,174,44763,620158,1.829,ok,,baseline
2026-02-26,clinique,1,false,czds_zone,2026-02-26T05:26:44.210912+00:00,,ns_sld_exact,1,4,8,2202,0.379,ok,,baseline
2026-02-26,clothing,9752,false,czds_zone,2026-02-26T05:26:44.229966+00:00,,ns_sld_exact,635,49,26811,441374,1.38,ok,,baseline
2026-02-26,cloud,459711,false,czds_zone,2026-02-26T05:26:44.380665+00:00,,ns_sld_exact,34294,4858,1193665,18318468,30.687,ok,,baseline
2026-02-26,club,524738,false,czds_zone,2026-02-26T05:26:44.591271+00:00,,ns_sld_exact,14761,1789,1233371,15637128,26.978,ok,,baseline
2026-02-26,clubmed,32,false,czds_zone,2026-02-26T05:26:45.612269+00:00,,ns_sld_exact,1,6,84,2787,0.282,ok,,baseline
2026-02-26,coach,25195,false,czds_zone,2026-02-26T05:26:45.897623+00:00,,ns_sld_exact,1542,98,64552,1072097,2.518,ok,,baseline
2026-02-26,codes,16856,false,czds_zone,2026-02-26T05:26:48.417646+00:00,,ns_sld_exact,1548,283,44394,928824,2.083,ok,,baseline
2026-02-26,coffee,26951,false,czds_zone,2026-02-26T05:26:50.502616+00:00,,ns_sld_exact,1974,242,69357,1261529,2.303,ok,,baseline
2026-02-26,college,7096,false,czds_zone,2026-02-26T05:26:52.808863+00:00,,ns_sld_exact,206,15,16639,205301,1.034,ok,,baseline
2026-02-26,cologne,3957,false,czds_zone,2026-02-26T05:26:53.846140+00:00,,ns_sld_exact,96,11,12365,117723,0.576,ok,,baseline
2026-02-26,commbank,8,false,czds_zone,2026-02-26T05:26:54.426556+00:00,,ns_sld_exact,1,12,40,3951,0.279,ok,,baseline
2026-02-26,community,24096,false,czds_zone,2026-02-26T05:26:54.707876+00:00,,ns_sld_exact,2981,154,69980,1682911,2.836,ok,,baseline
2026-02-26,company,77765,false,czds_zone,2026-02-26T05:26:57.546275+00:00,,ns_sld_exact,6877,1031,206754,4186660,8.221,ok,,baseline
2026-02-26,compare,911,false,czds_zone,2026-02-26T05:27:01.565293+00:00,,ns_sld_exact,39,14,2555,39494,0.318,ok,,baseline
2026-02-26,computer,8789,false,czds_zone,2026-02-26T05:27:01.886841+00:00,,ns_sld_exact,866,173,23412,509987,1.18,ok,,baseline
2026-02-26,condos,1440,false,czds_zone,2026-02-26T05:27:03.069003+00:00,,ns_sld_exact,56,8,3500,49293,0.363,ok,,baseline
2026-02-26,construction,9380,false,czds_zone,2026-02-26T05:27:03.434538+00:00,,ns_sld_exact,963,51,24904,557524,1.188,ok,,baseline
2026-02-26,consulting,39108,false,czds_zone,2026-02-26T05:27:04.625484+00:00,,ns_sld_exact,4213,328,107617,2442868,3.999,ok,,baseline
2026-02-26,contact,11344,false,czds_zone,2026-02-26T05:27:05.768708+00:00,,ns_sld_exact,2083,114,30628,1042707,1.967,ok,,baseline
2026-02-26,contractors,3411,false,czds_zone,2026-02-26T05:27:06.069090+00:00,,ns_sld_exact,219,47,8982,154375,0.615,ok,,baseline
2026-02-26,cooking,2243,false,czds_zone,2026-02-26T05:27:06.685298+00:00,,ns_sld_exact,108,20,6015,99198,0.515,ok,,baseline
2026-02-26,cool,21846,false,czds_zone,2026-02-26T05:27:07.202344+00:00,,ns_sld_exact,1424,252,53106,941763,1.874,ok,,baseline
2026-02-26,coop,8257,false,czds_zone,2026-02-26T05:27:07.738660+00:00,,ns_sld_exact,219,187,21114,217798,0.909,ok,,baseline
2026-02-26,corsica,2305,false,czds_zone,2026-02-26T05:27:08.627497+00:00,,ns_sld_exact,723,23,5409,243450,0.682,ok,,baseline
2026-02-26,country,3075,false,czds_zone,2026-02-26T05:27:08.649786+00:00,,ns_sld_exact,25,5,6905,41356,0.339,ok,,baseline
2026-02-26,coupons,7041,false,czds_zone,2026-02-26T05:27:08.990720+00:00,,ns_sld_exact,2310,39,15562,1035474,1.686,ok,,baseline
2026-02-26,courses,11499,false,czds_zone,2026-02-26T05:27:09.077067+00:00,,ns_sld_exact,343,24,26400,356889,0.994,ok,,baseline
2026-02-26,cpa,6425,false,czds_zone,2026-02-26T05:27:09.311312+00:00,,ns_sld_exact,41,17,13418,92284,0.517,ok,,baseline
2026-02-26,credit,5660,false,czds_zone,2026-02-26T05:27:09.830720+00:00,,ns_sld_exact,258,40,14191,203192,0.871,ok,,baseline
2026-02-26,creditcard,1484,false,czds_zone,2026-02-26T05:27:10.073027+00:00,,ns_sld_exact,52,12,3975,49139,0.353,ok,,baseline
2026-02-26,creditunion,414,false,czds_zone,2026-02-26T05:27:10.429407+00:00,,ns_sld_exact,20,1,1217,13521,0.286,ok,,baseline
2026-02-26,cricket,967,false,czds_zone,2026-02-26T05:27:10.678567+00:00,,ns_sld_exact,64,26,2445,52149,0.382,ok,,rolling
2026-02-26,crs,562,false,czds_zone,2026-02-26T05:27:10.703169+00:00,,ns_sld_exact,538,4,1130,211562,0.617,ok,,baseline
2026-02-26,cruise,1,false,czds_zone,2026-02-26T05:27:10.718484+00:00,,ns_sld_exact,1,4,8,2202,0.259,ok,,baseline
2026-02-26,cruises,2202,false,czds_zone,2026-02-26T05:27:10.979348+00:00,,ns_sld_exact,79,14,5942,74243,0.448,ok,,baseline
2026-02-26,cuisinella,14,false,czds_zone,2026-02-26T05:27:11.063549+00:00,,ns_sld_exact,1,12,38,3800,0.319,ok,,baseline
2026-02-26,cymru,8376,false,czds_zone,2026-02-26T05:27:11.188630+00:00,,ns_sld_exact,155,31,21638,268041,0.74,ok,,rolling
2026-02-26,cyou,426015,false,czds_zone,2026-02-26T05:27:11.325199+00:00,,ns_sld_exact,7434,660,892737,7410583,13.694,ok,,baseline
2026-02-26,dad,3380,false,czds_zone,2026-02-26T05:27:11.385461+00:00,,ns_sld_exact,514,17,8888,817334,1.209,ok,,baseline
2026-02-26,dance,8316,false,czds_zone,2026-02-26T05:27:11.430874+00:00,,ns_sld_exact,680,34,22097,429222,0.896,ok,,baseline
2026-02-26,data,1,false,czds_zone,2026-02-26T05:27:11.571054+00:00,,ns_sld_exact,1,0,6,1284,0.359,ok,,baseline
2026-02-26,date,9058,false,czds_zone,2026-02-26T05:27:11.931837+00:00,,ns_sld_exact,377,46,21585,330650,0.826,ok,,baseline
2026-02-26,dating,3928,false,czds_zone,2026-02-26T05:27:11.933893+00:00,,ns_sld_exact,284,89,10104,188288,0.645,ok,,baseline
2026-02-26,day,11920,false,czds_zone,2026-02-26T05:27:12.329109+00:00,,ns_sld_exact,1901,25,31530,2875087,3.09,ok,,baseline
2026-02-26,dclk,1,false,czds_zone,2026-02-26T05:27:12.581875+00:00,,ns_sld_exact,0,0,9,1817,0.257,ok,,baseline
2026-02-26,dds,1,false,czds_zone,2026-02-26T05:27:12.597001+00:00,,ns_sld_exact,1,12,12,3584,0.269,ok,,rolling
2026-02-26,dealer,172,false,czds_zone,2026-02-26T05:27:12.760479+00:00,,ns_sld_exact,4,4,509,6854,0.273,ok,,baseline
2026-02-26,deals,8952,false,czds_zone,2026-02-26T05:27:12.841404+00:00,,ns_sld_exact,448,115,23017,342766,0.894,ok,,rolling
2026-02-26,degree,1020,false,czds_zone,2026-02-26T05:27:12.868066+00:00,,ns_sld_exact,54,15,2675,42617,0.312,ok,,baseline
2026-02-26,delivery,8896,false,czds_zone,2026-02-26T05:27:13.035745+00:00,,ns_sld_exact,620,140,22007,409056,0.946,ok,,baseline
2026-02-26,deloitte,86,false,czds_zone,2026-02-26T05:27:13.181662+00:00,,ns_sld_exact,55,4,482,21033,0.295,ok,,baseline
2026-02-26,delta,1,false,czds_zone,2026-02-26T05:27:13.478005+00:00,,ns_sld_exact,1,4,8,2192,0.277,ok,,baseline
2026-02-26,democrat,985,false,czds_zone,2026-02-26T05:27:13.738018+00:00,,ns_sld_exact,78,9,2863,53585,0.34,ok,,baseline
2026-02-26,dental,8694,false,czds_zone,2026-02-26T05:27:13.758240+00:00,,ns_sld_exact,489,43,23104,358549,1.048,ok,,baseline
2026-02-26,dentist,2623,false,czds_zone,2026-02-26T05:27:13.983027+00:00,,ns_sld_exact,114,17,6505,94288,0.466,ok,,baseline
2026-02-26,desi,1851,false,czds_zone,2026-02-26T05:27:14.080485+00:00,,ns_sld_exact,19,7,6152,49212,0.375,ok,,baseline
2026-02-26,design,113608,false,czds_zone,2026-02-26T05:27:14.452815+00:00,,ns_sld_exact,8119,148,297619,5844815,8.399,ok,,baseline
2026-02-26,dev,598447,false,czds_zone,2026-02-26T05:27:14.457667+00:00,,ns_sld_exact,100270,2696,1589063,144100240,123.869,ok,,core
2026-02-26,dhl,93,false,czds_zone,2026-02-26T05:27:14.808901+00:00,,ns_sld_exact,66,4,215,23061,0.276,ok,,baseline
2026-02-26,diamonds,2036,false,czds_zone,2026-02-26T05:27:15.071309+00:00,,ns_sld_exact,108,21,5379,83616,0.465,ok,,baseline
2026-02-26,diet,984,false,czds_zone,2026-02-26T05:27:15.086586+00:00,,ns_sld_exact,29,8,2519,106670,0.584,ok,,baseline
2026-02-26,digital,272904,false,czds_zone,2026-02-26T05:27:15.420707+00:00,,ns_sld_exact,10111,2970,613706,8475943,12.107,ok,,baseline
2026-02-26,direct,12853,false,czds_zone,2026-02-26T05:27:15.537696+00:00,,ns_sld_exact,696,141,32572,505947,1.2,ok,,baseline
2026-02-26,directory,16125,false,czds_zone,2026-02-26T05:27:15.671675+00:00,,ns_sld_exact,702,209,38710,558702,1.285,ok,,baseline
2026-02-26,discount,3056,false,czds_zone,2026-02-26T05:27:16.740121+00:00,,ns_sld_exact,137,33,8534,115045,0.551,ok,,baseline
2026-02-26,discover,101,false,czds_zone,2026-02-26T05:27:16.960540+00:00,,ns_sld_exact,1,6,216,3281,0.259,ok,,baseline
2026-02-26,dish,2,false,czds_zone,2026-02-26T05:27:17.222267+00:00,,ns_sld_exact,1,0,8,1316,0.269,ok,,rolling
2026-02-26,diy,8568,false,czds_zone,2026-02-26T05:27:17.292744+00:00,,ns_sld_exact,183,12,18511,172245,0.811,ok,,baseline
2026-02-26,docs,2,false,czds_zone,2026-02-26T05:27:17.493919+00:00,,ns_sld_exact,0,0,13,2034,0.473,ok,,baseline
2026-02-26,doctor,7622,false,czds_zone,2026-02-26T05:27:17.967916+00:00,,ns_sld_exact,347,32,17793,260129,0.846,ok,,baseline
2026-02-26,dog,16756,false,czds_zone,2026-02-26T05:27:18.106324+00:00,,ns_sld_exact,1289,116,43363,815295,1.824,ok,,baseline
2026-02-26,domains,7380,false,czds_zone,2026-02-26T05:27:18.816647+00:00,,ns_sld_exact,550,638,20014,370858,0.965,ok,,rolling
2026-02-26,dot,1,false,czds_zone,2026-02-26T05:27:19.784439+00:00,,ns_sld_exact,1,0,6,1281,0.263,ok,,baseline
2026-02-26,download,9386,false,czds_zone,2026-02-26T05:27:19.932777+00:00,,ns_sld_exact,496,69,22849,415372,0.972,ok,,baseline
2026-02-26,drive,1,false,czds_zone,2026-02-26T05:27:20.049413+00:00,,ns_sld_exact,0,0,9,1817,0.266,ok,,baseline
2026-02-26,dtv,1,false,czds_zone,2026-02-26T05:27:20.317895+00:00,,ns_sld_exact,1,0,6,1286,0.264,ok,,baseline
2026-02-26,dvag,9053,false,czds_zone,2026-02-26T05:27:20.584359+00:00,,ns_sld_exact,1,4,34013,163596,0.978,ok,,baseline
2026-02-26,dvr,1,false,czds_zone,2026-02-26T05:27:20.906930+00:00,,ns_sld_exact,1,0,6,1282,0.276,ok,,baseline
2026-02-26,earth,40036,false,czds_zone,2026-02-26T05:27:21.185654+00:00,,ns_sld_exact,2688,83,99762,1923319,2.875,ok,,rolling
2026-02-26,eat,3,false,czds_zone,2026-02-26T05:27:21.566500+00:00,,ns_sld_exact,0,0,17,2243,0.267,ok,,baseline
2026-02-26,eco,6803,false,czds_zone,2026-02-26T05:27:21.835668+00:00,,ns_sld_exact,932,8,18618,526262,1.179,ok,,baseline
2026-02-26,education,29842,false,czds_zone,2026-02-26T05:27:22.751652+00:00,,ns_sld_exact,2637,427,81087,1646033,2.645,ok,,baseline
2026-02-26,email,120987,false,czds_zone,2026-02-26T05:27:22.853118+00:00,,ns_sld_exact,9697,2393,304663,6072503,6.772,ok,,baseline
2026-02-26,emerck,10,false,czds_zone,2026-02-26T05:27:23.016598+00:00,,ns_sld_exact,1,4,53,2454,0.268,ok,,baseline
2026-02-26,energy,25777,false,czds_zone,2026-02-26T05:27:23.286419+00:00,,ns_sld_exact,1864,195,64670,1197548,2.098,ok,,baseline
2026-02-26,engineer,7254,false,czds_zone,2026-02-26T05:27:24.063630+00:00,,ns_sld_exact,725,104,20911,436768,1.066,ok,,baseline
2026-02-26,engineering,10623,false,czds_zone,2026-02-26T05:27:25.021229+00:00,,ns_sld_exact,1019,114,29309,625800,1.193,ok,,baseline
2026-02-26,enterprises,9014,false,czds_zone,2026-02-26T05:27:25.134083+00:00,,ns_sld_exact,768,121,23477,476277,0.859,ok,,baseline
2026-02-26,epson,2,false,czds_zone,2026-02-26T05:27:25.386454+00:00,,ns_sld_exact,0,0,12,2528,0.267,ok,,baseline
2026-02-26,equipment,5100,false,czds_zone,2026-02-26T05:27:25.398276+00:00,,ns_sld_exact,283,34,13006,208083,0.666,ok,,baseline
2026-02-26,ericsson,5,false,czds_zone,2026-02-26T05:27:25.655455+00:00,,ns_sld_exact,1,4,20,2276,0.267,ok,,baseline
2026-02-26,esq,2223,false,czds_zone,2026-02-26T05:27:25.923994+00:00,,ns_sld_exact,626,0,6206,593948,1.352,ok,,baseline
2026-02-26,estate,11229,false,czds_zone,2026-02-26T05:27:25.995270+00:00,,ns_sld_exact,653,151,28043,463911,1.211,ok,,baseline
2026-02-26,eurovision,4,false,czds_zone,2026-02-26T05:27:26.065978+00:00,,ns_sld_exact,1,0,15,2982,0.256,ok,,baseline
2026-02-26,eus,15543,false,czds_zone,2026-02-26T05:27:26.216358+00:00,,ns_sld_exact,1395,266,46182,4113065,3.241,ok,,baseline
2026-02-26,events,33563,false,czds_zone,2026-02-26T05:27:26.323446+00:00,,ns_sld_exact,2451,301,88944,1622390,2.554,ok,,baseline
2026-02-26,exchange,17759,false,czds_zone,2026-02-26T05:27:27.210280+00:00,,ns_sld_exact,893,195,42618,651068,1.506,ok,,baseline
2026-02-26,expert,27169,false,czds_zone,2026-02-26T05:27:27.277735+00:00,,ns_sld_exact,1555,299,68695,1110984,1.641,ok,,rolling
2026-02-26,exposed,3005,false,czds_zone,2026-02-26T05:27:27.529281+00:00,,ns_sld_exact,258,29,8461,165154,0.551,ok,,baseline
2026-02-26,express,8624,false,czds_zone,2026-02-26T05:27:28.082336+00:00,,ns_sld_exact,577,169,21901,386764,1.061,ok,,baseline
2026-02-26,fage,62,false,czds_zone,2026-02-26T05:27:28.721412+00:00,,ns_sld_exact,1,4,130,2763,0.26,ok,,baseline
2026-02-26,fail,4195,false,czds_zone,2026-02-26T05:27:28.880880+00:00,,ns_sld_exact,389,82,11771,242733,0.595,ok,,baseline
2026-02-26,fairwinds,14,false,czds_zone,2026-02-26T05:27:28.921247+00:00,,ns_sld_exact,1,9,62,5072,0.248,ok,,baseline
2026-02-26,faith,5163,false,czds_zone,2026-02-26T05:27:28.982742+00:00,,ns_sld_exact,299,26,13118,242288,0.547,ok,,rolling
2026-02-26,family,34607,false,czds_zone,2026-02-26T05:27:29.144506+00:00,,ns_sld_exact,5588,490,96906,2878205,2.236,ok,,baseline
2026-02-26,fan,7950,false,czds_zone,2026-02-26T05:27:29.171301+00:00,,ns_sld_exact,543,38,20106,357771,1.001,ok,,baseline
2026-02-26,fans,8468,false,czds_zone,2026-02-26T05:27:29.459152+00:00,,ns_sld_exact,1041,100,22384,579187,0.961,ok,,baseline
2026-02-26,farm,26002,false,czds_zone,2026-02-26T05:27:29.477838+00:00,,ns_sld_exact,2089,283,65622,1289760,1.44,ok,,baseline
2026-02-26,fashion,12127,false,czds_zone,2026-02-26T05:27:29.531639+00:00,,ns_sld_exact,505,26,30100,462739,1.127,ok,,baseline
2026-02-26,fedex,1,false,czds_zone,2026-02-26T05:27:29.626017+00:00,,ns_sld_exact,1,4,8,2197,0.25,ok,,baseline
2026-02-26,feedback,14644,false,czds_zone,2026-02-26T05:27:29.877325+00:00,,ns_sld_exact,26,2,29682,116763,0.676,ok,,baseline
2026-02-26,ferrari,1,false,czds_zone,2026-02-26T05:27:30.174996+00:00,,ns_sld_exact,1,4,8,2199,0.263,ok,,baseline
2026-02-26,ferrero,6,false,czds_zone,2026-02-26T05:27:30.422115+00:00,,ns_sld_exact,1,12,22,3701,0.257,ok,,baseline
2026-02-26,fidelity,1,false,czds_zone,2026-02-26T05:27:30.440099+00:00,,ns_sld_exact,0,4,8,1808,0.254,ok,,baseline
2026-02-26,fido,1,false,czds_zone,2026-02-26T05:27:30.555618+00:00,,ns_sld_exact,1,4,8,2198,0.258,ok,,baseline
2026-02-26,film,6711,false,czds_zone,2026-02-26T05:27:30.659802+00:00,,ns_sld_exact,196,23,17044,219057,0.586,ok,,baseline
2026-02-26,final,1,false,czds_zone,2026-02-26T05:27:30.681039+00:00,,ns_sld_exact,1,0,8,1159,0.247,ok,,baseline
2026-02-26,finance,33096,false,czds_zone,2026-02-26T05:27:30.695155+00:00,,ns_sld_exact,2258,205,80625,1461428,2.264,ok,,baseline
2026-02-26,financial,7821,false,czds_zone,2026-02-26T05:27:30.814896+00:00,,ns_sld_exact,470,58,20163,330784,0.627,ok,,baseline
2026-02-26,firestone,2,false,czds_zone,2026-02-26T05:27:30.919833+00:00,,ns_sld_exact,0,0,8,2495,0.254,ok,,baseline
2026-02-26,fish,5527,false,czds_zone,2026-02-26T05:27:30.929386+00:00,,ns_sld_exact,561,97,14969,332033,0.789,ok,,baseline
2026-02-26,fishing,2529,false,czds_zone,2026-02-26T05:27:31.175948+00:00,,ns_sld_exact,40,14,6013,63440,0.364,ok,,baseline
2026-02-26,fit,62527,false,czds_zone,2026-02-26T05:27:31.247952+00:00,,ns_sld_exact,1396,129,138436,1629347,1.886,ok,,baseline
2026-02-26,fitness,12637,false,czds_zone,2026-02-26T05:27:31.381492+00:00,,ns_sld_exact,862,91,32648,573138,1.554,ok,,baseline
2026-02-26,flickr,10,false,czds_zone,2026-02-26T05:27:31.443124+00:00,,ns_sld_exact,1,12,44,3966,0.257,ok,,baseline
2026-02-26,flights,2188,false,czds_zone,2026-02-26T05:27:31.540900+00:00,,ns_sld_exact,167,23,5809,111001,0.433,ok,,baseline
2026-02-26,florist,1690,false,czds_zone,2026-02-26T05:27:31.702185+00:00,,ns_sld_exact,69,11,4373,61546,0.312,ok,,baseline
2026-02-26,flowers,981,false,czds_zone,2026-02-26T05:27:31.720322+00:00,,ns_sld_exact,49,9,2443,108079,0.498,ok,,baseline
2026-02-26,fly,4,false,czds_zone,2026-02-26T05:27:31.976939+00:00,,ns_sld_exact,0,0,21,2497,0.251,ok,,baseline
2026-02-26,foo,3920,false,czds_zone,2026-02-26T05:27:32.016313+00:00,,ns_sld_exact,646,24,10484,961213,1.153,ok,,baseline
2026-02-26,food,26089,false,czds_zone,2026-02-26T05:27:32.219991+00:00,,ns_sld_exact,376,26,59992,478949,1.065,ok,,baseline
2026-02-26,football,5917,false,czds_zone,2026-02-26T05:27:32.229220+00:00,,ns_sld_exact,353,50,15246,252999,0.963,ok,,baseline
2026-02-26,forex,1266,false,czds_zone,2026-02-26T05:27:32.936193+00:00,,ns_sld_exact,52,21,2959,42326,0.363,ok,,baseline
2026-02-26,forsale,4640,false,czds_zone,2026-02-26T05:27:32.961044+00:00,,ns_sld_exact,155,40,11577,141802,0.511,ok,,baseline
2026-02-26,forum,61714,false,czds_zone,2026-02-26T05:27:33.136768+00:00,,ns_sld_exact,8600,37,130608,3292375,3.04,ok,,baseline
2026-02-26,foundation,31229,false,czds_zone,2026-02-26T05:27:33.170547+00:00,,ns_sld_exact,1990,166,77639,1350408,1.535,ok,,baseline
2026-02-26,fresenius,44,false,czds_zone,2026-02-26T05:27:33.195801+00:00,,ns_sld_exact,1,4,217,3199,0.252,ok,,baseline
2026-02-26,frl,10069,false,czds_zone,2026-02-26T05:27:33.287565+00:00,,ns_sld_exact,3584,35,24532,1109863,1.274,ok,,baseline
2026-02-26,frogans,5,false,czds_zone,2026-02-26T05:27:33.300211+00:00,,ns_sld_exact,1,8,24,2432,0.262,ok,,baseline
2026-02-26,fujitsu,5,false,czds_zone,2026-02-26T05:27:33.449229+00:00,,ns_sld_exact,0,0,28,3248,1.283,ok,,baseline
2026-02-26,fun,387488,false,czds_zone,2026-02-26T05:27:33.472997+00:00,,ns_sld_exact,13181,830,869621,11147873,14.573,ok,,baseline
2026-02-26,fund,21371,false,czds_zone,2026-02-26T05:27:33.563548+00:00,,ns_sld_exact,1111,98,51678,794632,1.173,ok,,baseline
2026-02-26,furniture,2377,false,czds_zone,2026-02-26T05:27:34.563319+00:00,,ns_sld_exact,179,24,6346,119010,0.618,ok,,rolling
2026-02-26,futbol,2747,false,czds_zone,2026-02-26T05:27:34.708684+00:00,,ns_sld_exact,141,38,6798,107167,0.391,ok,,baseline
2026-02-26,fyi,68387,false,czds_zone,2026-02-26T05:27:34.733551+00:00,,ns_sld_exact,3207,345,229252,2647079,3.83,ok,,baseline
2026-02-26,gal,7615,false,czds_zone,2026-02-26T05:27:34.738061+00:00,,ns_sld_exact,196,99,24288,1902181,2.062,ok,,baseline
2026-02-26,gallery,17686,false,czds_zone,2026-02-26T05:27:35.101613+00:00,,ns_sld_exact,1147,155,48064,801768,1.418,ok,,baseline
2026-02-26,gallo,1,false,czds_zone,2026-02-26T05:27:35.183302+00:00,,ns_sld_exact,1,4,8,2197,0.256,ok,,baseline
2026-02-26,gallup,1,false,czds_zone,2026-02-26T05:27:35.441211+00:00,,ns_sld_exact,1,4,8,2196,0.296,ok,,baseline
2026-02-26,game,7246,false,czds_zone,2026-02-26T05:27:35.738650+00:00,,ns_sld_exact,136,21,18121,764972,1.274,ok,,baseline
2026-02-26,games,61591,false,czds_zone,2026-02-26T05:27:36.178644+00:00,,ns_sld_exact,4785,560,153424,2990238,3.673,ok,,baseline
2026-02-26,garden,8073,false,czds_zone,2026-02-26T05:27:36.521145+00:00,,ns_sld_exact,1326,27,19559,769301,1.216,ok,,baseline
2026-02-26,gay,17578,false,czds_zone,2026-02-26T05:27:36.803553+00:00,,ns_sld_exact,1328,62,44019,942517,1.437,ok,,baseline
2026-02-26,gbiz,1,false,czds_zone,2026-02-26T05:27:37.015257+00:00,,ns_sld_exact,0,0,9,1819,0.255,ok,,baseline
2026-02-26,gea,19,false,czds_zone,2026-02-26T05:27:37.271227+00:00,,ns_sld_exact,1,0,84,7690,0.268,ok,,baseline
2026-02-26,gent,3702,false,czds_zone,2026-02-26T05:27:37.541567+00:00,,ns_sld_exact,1717,20,9431,506136,0.902,ok,,baseline
2026-02-26,genting,8,false,czds_zone,2026-02-26T05:27:37.739427+00:00,,ns_sld_exact,1,6,32,2459,0.275,ok,,baseline
2026-02-26,george,1,false,czds_zone,2026-02-26T05:27:38.017008+00:00,,ns_sld_exact,1,6,12,4197,0.267,ok,,baseline
2026-02-26,gift,4954,false,czds_zone,2026-02-26T05:27:38.243908+00:00,,ns_sld_exact,135,13,13708,129171,0.476,ok,,baseline
2026-02-26,gifts,4478,false,czds_zone,2026-02-26T05:27:38.286773+00:00,,ns_sld_exact,234,35,11477,177765,0.589,ok,,rolling
2026-02-26,gives,3203,false,czds_zone,2026-02-26T05:27:38.445968+00:00,,ns_sld_exact,226,33,8358,150999,0.561,ok,,baseline
2026-02-26,giving,1933,false,czds_zone,2026-02-26T05:27:38.565970+00:00,,ns_sld_exact,62,9,4745,59063,0.358,ok,,baseline
2026-02-26,glass,3559,false,czds_zone,2026-02-26T05:27:38.721889+00:00,,ns_sld_exact,291,58,9547,185520,0.53,ok,,baseline
2026-02-26,gle,21,false,czds_zone,2026-02-26T05:27:38.877504+00:00,,ns_sld_exact,0,0,89,6052,0.274,ok,,baseline
2026-02-26,global,65857,false,czds_zone,2026-02-26T05:27:38.925997+00:00,,ns_sld_exact,2655,670,160223,2199468,3.191,ok,,baseline
2026-02-26,globo,181,false,czds_zone,2026-02-26T05:27:39.009851+00:00,,ns_sld_exact,1,0,716,4761,0.27,ok,,baseline
2026-02-26,gmail,5,false,czds_zone,2026-02-26T05:27:39.153481+00:00,,ns_sld_exact,0,0,25,2684,0.254,ok,,rolling
2026-02-26,gmbh,33026,false,czds_zone,2026-02-26T05:27:39.253775+00:00,,ns_sld_exact,876,195,95740,960349,1.809,ok,,rolling
2026-02-26,gmx,478,false,czds_zone,2026-02-26T05:27:39.280823+00:00,,ns_sld_exact,4,0,1914,117709,0.602,ok,,baseline
2026-02-26,godaddy,110,false,czds_zone,2026-02-26T05:27:39.410333+00:00,,ns_sld_exact,3,19,254,6003,0.266,ok,,baseline
2026-02-26,gold,16896,false,czds_zone,2026-02-26T05:27:39.677784+00:00,,ns_sld_exact,563,150,38386,473175,1.25,ok,,baseline
2026-02-26,golf,16611,false,czds_zone,2026-02-26T05:27:39.853332+00:00,,ns_sld_exact,778,90,40040,588538,1.309,ok,,baseline
2026-02-26,goodyear,1,false,czds_zone,2026-02-26T05:27:39.885330+00:00,,ns_sld_exact,1,4,8,2203,0.255,ok,,baseline
2026-02-26,goog,451,false,czds_zone,2026-02-26T05:27:40.142431+00:00,,ns_sld_exact,22,20,1617,105277,0.531,ok,,baseline
2026-02-26,google,264,false,czds_zone,2026-02-26T05:27:40.676435+00:00,,ns_sld_exact,26,4,1061,64064,0.333,ok,,baseline
2026-02-26,gop,983,false,czds_zone,2026-02-26T05:27:40.930375+00:00,,ns_sld_exact,5,9,2561,24270,0.306,ok,,baseline
2026-02-26,gov,15313,false,czds_zone,2026-02-26T05:27:41.013420+00:00,,ns_sld_exact,2029,938,41575,464852,1.166,ok,,baseline
2026-02-26,grainger,5,false,czds_zone,2026-02-26T05:27:41.064262+00:00,,ns_sld_exact,1,12,24,3749,0.269,ok,,baseline
2026-02-26,graphics,5463,false,czds_zone,2026-02-26T05:27:41.164409+00:00,,ns_sld_exact,436,75,15077,282361,0.774,ok,,baseline
2026-02-26,gratis,3083,false,czds_zone,2026-02-26T05:27:41.238536+00:00,,ns_sld_exact,240,60,7875,157812,0.581,ok,,baseline
2026-02-26,green,8252,false,czds_zone,2026-02-26T05:27:41.334922+00:00,,ns_sld_exact,612,54,20981,400046,0.897,ok,,baseline
2026-02-26,gripe,1198,false,czds_zone,2026-02-26T05:27:41.821607+00:00,,ns_sld_exact,79,10,3481,57014,0.388,ok,,baseline
2026-02-26,grocery,1,false,czds_zone,2026-02-26T05:27:41.940467+00:00,,ns_sld_exact,1,6,12,3555,0.262,ok,,baseline
2026-02-26,group,117553,false,czds_zone,2026-02-26T05:27:42.120968+00:00,,ns_sld_exact,7514,1158,294236,4971051,7.884,ok,,rolling
2026-02-26,gucci,15,false,czds_zone,2026-02-26T05:27:42.184251+00:00,,ns_sld_exact,2,9,71,5756,0.246,ok,,baseline
2026-02-26,guge,1,false,czds_zone,2026-02-26T05:27:42.206104+00:00,,ns_sld_exact,0,0,9,1815,0.254,ok,,baseline
2026-02-26,guide,18786,false,czds_zone,2026-02-26T05:27:42.211046+00:00,,ns_sld_exact,1166,126,48884,816345,1.342,ok,,baseline
2026-02-26,guitars,601,false,czds_zone,2026-02-26T05:27:42.233872+00:00,,ns_sld_exact,18,4,1588,64610,0.417,ok,,baseline
2026-02-26,guru,53909,false,czds_zone,2026-02-26T05:27:42.431898+00:00,,ns_sld_exact,2007,711,123592,1705030,2.895,ok,,rolling
2026-02-26,hair,48555,false,czds_zone,2026-02-26T05:27:42.461688+00:00,,ns_sld_exact,3167,20,101035,2121400,2.764,ok,,baseline
2026-02-26,hamburg,15418,false,czds_zone,2026-02-26T05:27:42.652708+00:00,,ns_sld_exact,263,15,43391,384269,1.095,ok,,baseline
2026-02-26,hangout,1,false,czds_zone,2026-02-26T05:27:43.554435+00:00,,ns_sld_exact,0,0,9,1812,0.261,ok,,baseline
2026-02-26,haus,8155,false,czds_zone,2026-02-26T05:27:43.748322+00:00,,ns_sld_exact,749,162,22341,454072,0.937,ok,,baseline
2026-02-26,hbo,4,false,czds_zone,2026-02-26T05:27:43.819772+00:00,,ns_sld_exact,1,12,24,3736,0.262,ok,,baseline
2026-02-26,hdfc,1,false,czds_zone,2026-02-26T05:27:44.085022+00:00,,ns_sld_exact,1,4,8,2182,0.261,ok,,baseline
2026-02-26,hdfcbank,2,false,czds_zone,2026-02-26T05:27:44.351453+00:00,,ns_sld_exact,1,4,12,2230,0.264,ok,,baseline
2026-02-26,health,48165,false,czds_zone,2026-02-26T05:27:44.618042+00:00,,ns_sld_exact,2467,69,114808,1946123,3.212,ok,,baseline
2026-02-26,healthcare,9207,false,czds_zone,2026-02-26T05:27:44.688161+00:00,,ns_sld_exact,481,69,25227,373582,1.138,ok,,baseline
2026-02-26,help,141146,false,czds_zone,2026-02-26T05:27:45.228117+00:00,,ns_sld_exact,1806,1295,395131,2783236,5.306,ok,,baseline
2026-02-26,here,4,false,czds_zone,2026-02-26T05:27:45.328627+00:00,,ns_sld_exact,0,0,21,2458,0.264,ok,,baseline
2026-02-26,hermes,8,false,czds_zone,2026-02-26T05:27:45.593994+00:00,,ns_sld_exact,1,4,22,2286,0.265,ok,,baseline
2026-02-26,hiphop,1185,false,czds_zone,2026-02-26T05:27:45.828328+00:00,,ns_sld_exact,30,2,2929,29456,0.327,ok,,baseline
2026-02-26,hisamitsu,29,false,czds_zone,2026-02-26T05:27:45.863112+00:00,,ns_sld_exact,0,0,62,8300,0.276,ok,,rolling
2026-02-26,hiv,181,false,czds_zone,2026-02-26T05:27:46.143057+00:00,,ns_sld_exact,6,0,721,7135,0.276,ok,,baseline
2026-02-26,hkt,1,false,czds_zone,2026-02-26T05:27:46.157789+00:00,,ns_sld_exact,1,4,8,2192,0.26,ok,,baseline
2026-02-26,hockey,1744,false,czds_zone,2026-02-26T05:27:46.420836+00:00,,ns_sld_exact,97,15,4881,74606,0.499,ok,,baseline
2026-02-26,holdings,8793,false,czds_zone,2026-02-26T05:27:46.423381+00:00,,ns_sld_exact,715,67,23539,452417,1.16,ok,,rolling
2026-02-26,holiday,3956,false,czds_zone,2026-02-26T05:27:46.921916+00:00,,ns_sld_exact,181,21,10584,150116,0.706,ok,,baseline
2026-02-26,homedepot,1,false,czds_zone,2026-02-26T05:27:47.585227+00:00,,ns_sld_exact,1,4,8,2210,0.261,ok,,baseline
2026-02-26,homes,78333,false,czds_zone,2026-02-26T05:27:47.629340+00:00,,ns_sld_exact,4715,90,183422,3155827,4.782,ok,,baseline
2026-02-26,honda,6,false,czds_zone,2026-02-26T05:27:47.832274+00:00,,ns_sld_exact,0,0,26,3518,0.307,ok,,baseline
2026-02-26,horse,4421,false,czds_zone,2026-02-26T05:27:47.848177+00:00,,ns_sld_exact,242,74,11208,200487,0.657,ok,,baseline
2026-02-26,hospital,1953,false,czds_zone,2026-02-26T05:27:48.048120+00:00,,ns_sld_exact,113,30,4965,83732,0.417,ok,,baseline
2026-02-26,host,22347,false,czds_zone,2026-02-26T05:27:48.143947+00:00,,ns_sld_exact,736,1225,51230,680935,1.392,ok,,baseline
2026-02-26,hosting,2286,false,czds_zone,2026-02-26T05:27:48.466538+00:00,,ns_sld_exact,162,251,6519,265451,0.766,ok,,rolling
2026-02-26,hotmail,19,false,czds_zone,2026-02-26T05:27:48.508680+00:00,,ns_sld_exact,1,9,88,5217,0.266,ok,,baseline
2026-02-26,house,24347,false,czds_zone,2026-02-26T05:27:48.776181+00:00,,ns_sld_exact,1918,287,61275,1195513,2.008,ok,,rolling
2026-02-26,how,3333,false,czds_zone,2026-02-26T05:27:49.237445+00:00,,ns_sld_exact,530,2,10063,813734,1.673,ok,,baseline
2026-02-26,hsbc,11,false,czds_zone,2026-02-26T05:27:49.536871+00:00,,ns_sld_exact,1,12,52,3868,0.262,ok,,baseline
2026-02-26,hughes,2,false,czds_zone,2026-02-26T05:27:49.802040+00:00,,ns_sld_exact,1,4,14,2247,0.261,ok,,baseline
2026-02-26,hyatt,22,false,czds_zone,2026-02-26T05:27:50.006916+00:00,,ns_sld_exact,1,12,138,4270,0.252,ok,,baseline
2026-02-26,hyundai,11,false,czds_zone,2026-02-26T05:27:50.065234+00:00,,ns_sld_exact,0,0,26,4468,0.262,ok,,baseline
2026-02-26,ibm,1,false,czds_zone,2026-02-26T05:27:50.260519+00:00,,ns_sld_exact,1,12,12,3581,0.26,ok,,baseline
2026-02-26,icbc,1,false,czds_zone,2026-02-26T05:27:50.331396+00:00,,ns_sld_exact,1,0,15,2184,0.264,ok,,baseline
2026-02-26,ice,10,false,czds_zone,2026-02-26T05:27:50.532027+00:00,,ns_sld_exact,0,4,80,2131,0.256,ok,,baseline
2026-02-26,icu,483390,false,czds_zone,2026-02-26T05:27:50.537085+00:00,,ns_sld_exact,6090,1619,1052634,9089429,11.84,ok,,baseline
2026-02-26,ieee,6,false,czds_zone,2026-02-26T05:27:50.596295+00:00,,ns_sld_exact,1,9,31,4820,0.248,ok,,baseline
2026-02-26,ifm,78,false,czds_zone,2026-02-26T05:27:50.786904+00:00,,ns_sld_exact,1,0,226,20753,0.273,ok,,baseline
2026-02-26,imamat,4,false,czds_zone,2026-02-26T05:27:50.789460+00:00,,ns_sld_exact,1,4,14,2259,0.257,ok,,rolling
2026-02-26,immo,21100,false,czds_zone,2026-02-26T05:27:50.845717+00:00,,ns_sld_exact,2908,85,56351,1538039,2.356,ok,,baseline
2026-02-26,immobilien,7491,false,czds_zone,2026-02-26T05:27:50.911568+00:00,,ns_sld_exact,145,15,21400,192474,0.662,ok,,baseline
2026-02-26,inc,6883,false,czds_zone,2026-02-26T05:27:51.048500+00:00,,ns_sld_exact,195,21,17822,200228,0.642,ok,,baseline
2026-02-26,industries,6983,false,czds_zone,2026-02-26T05:27:51.061532+00:00,,ns_sld_exact,771,90,19363,446945,0.909,ok,,baseline
2026-02-26,info,5157829,false,czds_zone,2026-02-26T05:27:51.576301+00:00,,ns_sld_exact,256764,134590,12788054,188980165,317.727,ok,,baseline
2026-02-26,ing,18992,false,czds_zone,2026-02-26T05:27:51.695164+00:00,,ns_sld_exact,953,72,46803,4123660,4.12,ok,,rolling
2026-02-26,ink,102371,false,czds_zone,2026-02-26T05:27:51.972091+00:00,,ns_sld_exact,3618,854,224184,3287206,5.108,ok,,baseline
2026-02-26,institute,18140,false,czds_zone,2026-02-26T05:27:52.413692+00:00,,ns_sld_exact,1078,141,45462,757383,1.757,ok,,baseline
2026-02-26,insure,6089,false,czds_zone,2026-02-26T05:27:53.204384+00:00,,ns_sld_exact,262,72,15983,218451,0.838,ok,,baseline
2026-02-26,international,26109,false,czds_zone,2026-02-26T05:27:54.046157+00:00,,ns_sld_exact,1656,251,67366,1146572,1.942,ok,,baseline
2026-02-26,investments,7219,false,czds_zone,2026-02-26T05:27:54.172651+00:00,,ns_sld_exact,587,34,18417,367098,1.043,ok,,baseline
2026-02-26,ipiranga,38,false,czds_zone,2026-02-26T05:27:55.217156+00:00,,ns_sld_exact,1,8,112,4416,0.275,ok,,baseline
2026-02-26,irish,23220,false,czds_zone,2026-02-26T05:27:55.495150+00:00,,ns_sld_exact,265,31,48756,441146,1.202,ok,,baseline
2026-02-26,ismaili,34,false,czds_zone,2026-02-26T05:27:55.819146+00:00,,ns_sld_exact,1,4,79,2669,0.274,ok,,baseline
2026-02-26,ist,7662,false,czds_zone,2026-02-26T05:27:55.990180+00:00,,ns_sld_exact,121,161,17793,170667,0.666,ok,,baseline
2026-02-26,istanbul,4973,false,czds_zone,2026-02-26T05:27:56.096976+00:00,,ns_sld_exact,23,105,11373,87613,0.509,ok,,baseline
2026-02-26,itv,41,false,czds_zone,2026-02-26T05:27:56.609483+00:00,,ns_sld_exact,2,4,94,3326,0.257,ok,,baseline
2026-02-26,jaguar,4,false,czds_zone,2026-02-26T05:27:56.659708+00:00,,ns_sld_exact,0,4,24,1911,0.256,ok,,baseline
2026-02-26,java,8,false,czds_zone,2026-02-26T05:27:56.698896+00:00,,ns_sld_exact,1,4,40,2414,1.3,ok,,baseline
2026-02-26,jeep,1,false,czds_zone,2026-02-26T05:27:56.868534+00:00,,ns_sld_exact,1,4,8,2184,0.258,ok,,baseline
2026-02-26,jetzt,11081,false,czds_zone,2026-02-26T05:27:56.917704+00:00,,ns_sld_exact,409,55,30801,373588,0.792,ok,,baseline
2026-02-26,jewelry,3917,false,czds_zone,2026-02-26T05:27:57.082148+00:00,,ns_sld_exact,187,20,10361,148341,0.596,ok,,baseline
2026-02-26,jio,29,false,czds_zone,2026-02-26T05:27:57.127791+00:00,,ns_sld_exact,1,32,113,3092,0.255,ok,,baseline
2026-02-26,jll,11,false,czds_zone,2026-02-26T05:27:57.384851+00:00,,ns_sld_exact,1,4,56,2487,0.286,ok,,baseline
2026-02-26,jnj,130,false,czds_zone,2026-02-26T05:27:57.672757+00:00,,ns_sld_exact,1,4,1023,6780,0.278,ok,,rolling
2026-02-26,jobs,10801,false,czds_zone,2026-02-26T05:27:57.680887+00:00,,ns_sld_exact,202,23,31825,361089,0.859,ok,,baseline
2026-02-26,juegos,474,false,czds_zone,2026-02-26T05:27:57.711127+00:00,,ns_sld_exact,13,23,1583,13922,0.307,ok,,baseline
2026-02-26,juniper,1,false,czds_zone,2026-02-26T05:27:57.952955+00:00,,ns_sld_exact,1,4,8,2199,0.253,ok,,baseline
2026-02-26,kaufen,4677,false,czds_zone,2026-02-26T05:27:58.003639+00:00,,ns_sld_exact,86,10,13201,122822,0.679,ok,,baseline
2026-02-26,kerryhotels,1,false,czds_zone,2026-02-26T05:27:58.020364+00:00,,ns_sld_exact,0,4,8,1819,0.25,ok,,baseline
2026-02-26,kerryproperties,1,false,czds_zone,2026-02-26T05:27:58.207512+00:00,,ns_sld_exact,0,4,8,1817,0.258,ok,,baseline
2026-02-26,kfh,94,false,czds_zone,2026-02-26T05:27:58.272528+00:00,,ns_sld_exact,1,4,468,4221,0.261,ok,,baseline
2026-02-26,kia,3,false,czds_zone,2026-02-26T05:27:58.467397+00:00,,ns_sld_exact,0,0,10,2713,0.263,ok,,baseline
2026-02-26,kids,6182,false,czds_zone,2026-02-26T05:27:58.536651+00:00,,ns_sld_exact,168,25,15504,171958,0.678,ok,,baseline
2026-02-26,kim,7973,false,czds_zone,2026-02-26T05:27:58.542419+00:00,,ns_sld_exact,342,168,18883,268519,0.839,ok,,baseline
2026-02-26,kitchen,7444,false,czds_zone,2026-02-26T05:27:58.684690+00:00,,ns_sld_exact,486,53,19359,330539,0.939,ok,,baseline
2026-02-26,koeln,17361,false,czds_zone,2026-02-26T05:27:58.731929+00:00,,ns_sld_exact,284,26,52690,439802,1.109,ok,,baseline
2026-02-26,komatsu,85,false,czds_zone,2026-02-26T05:27:59.217395+00:00,,ns_sld_exact,0,0,338,21583,0.292,ok,,baseline
2026-02-26,kosher,1,false,czds_zone,2026-02-26T05:27:59.384791+00:00,,ns_sld_exact,1,4,8,2190,0.266,ok,,baseline
2026-02-26,kpmg,17,false,czds_zone,2026-02-26T05:27:59.511816+00:00,,ns_sld_exact,1,12,65,4031,0.253,ok,,baseline
2026-02-26,krd,1755,false,czds_zone,2026-02-26T05:27:59.624767+00:00,,ns_sld_exact,26,20,3884,41875,0.367,ok,,baseline
2026-02-26,kred,1642,false,czds_zone,2026-02-26T05:27:59.654960+00:00,,ns_sld_exact,0,4,2796,24031,0.291,ok,,baseline
2026-02-26,kuokgroup,1,false,czds_zone,2026-02-26T05:27:59.767847+00:00,,ns_sld_exact,0,4,8,1799,0.257,ok,,baseline
2026-02-26,lacaixa,1,false,czds_zone,2026-02-26T05:27:59.842601+00:00,,ns_sld_exact,1,0,6,2242,0.253,ok,,baseline
2026-02-26,lamer,1,false,czds_zone,2026-02-26T05:27:59.947919+00:00,,ns_sld_exact,1,4,8,2192,0.269,ok,,baseline
2026-02-26,land,20840,false,czds_zone,2026-02-26T05:27:59.993935+00:00,,ns_sld_exact,1692,314,52817,1052796,1.973,ok,,baseline
2026-02-26,landrover,4,false,czds_zone,2026-02-26T05:28:00.025737+00:00,,ns_sld_exact,0,4,24,1914,0.255,ok,,baseline
2026-02-26,lanxess,24,false,czds_zone,2026-02-26T05:28:00.096853+00:00,,ns_sld_exact,1,12,60,3934,0.254,ok,,baseline
2026-02-26,lasalle,1,false,czds_zone,2026-02-26T05:28:00.218475+00:00,,ns_sld_exact,1,4,8,2196,0.26,ok,,rolling
2026-02-26,lat,123980,false,czds_zone,2026-02-26T05:28:00.282254+00:00,,ns_sld_exact,6882,529,270260,4690418,5.513,ok,,baseline
2026-02-26,latino,1,false,czds_zone,2026-02-26T05:28:00.351717+00:00,,ns_sld_exact,1,0,6,1277,0.251,ok,,baseline
2026-02-26,latrobe,27,false,czds_zone,2026-02-26T05:28:00.480440+00:00,,ns_sld_exact,1,12,64,3964,0.33,ok,,baseline
2026-02-26,law,24407,false,czds_zone,2026-02-26T05:28:00.605231+00:00,,ns_sld_exact,680,41,57527,716531,1.656,ok,,baseline
2026-02-26,lawyer,8201,false,czds_zone,2026-02-26T05:28:00.811855+00:00,,ns_sld_exact,494,43,20805,345668,0.971,ok,,baseline
2026-02-26,lds,1,false,czds_zone,2026-02-26T05:28:01.785779+00:00,,ns_sld_exact,1,4,8,2190,0.272,ok,,baseline
2026-02-26,lease,1881,false,czds_zone,2026-02-26T05:28:01.969292+00:00,,ns_sld_exact,160,12,4936,100130,0.502,ok,,baseline
2026-02-26,leclerc,1176,false,czds_zone,2026-02-26T05:28:02.060342+00:00,,ns_sld_exact,1,0,2989,15581,0.348,ok,,baseline
2026-02-26,lefrak,1,false,czds_zone,2026-02-26T05:28:02.263691+00:00,,ns_sld_exact,0,4,8,1789,0.27,ok,,baseline
2026-02-26,legal,21298,false,czds_zone,2026-02-26T05:28:02.379284+00:00,,ns_sld_exact,1544,163,56573,1011210,1.852,ok,,baseline
2026-02-26,lego,2,false,czds_zone,2026-02-26T05:28:02.409856+00:00,,ns_sld_exact,0,6,14,1880,0.253,ok,,baseline
2026-02-26,lexus,10,false,czds_zone,2026-02-26T05:28:02.473323+00:00,,ns_sld_exact,0,0,30,4342,0.253,ok,,baseline
2026-02-26,lgbt,12145,false,czds_zone,2026-02-26T05:28:02.535628+00:00,,ns_sld_exact,230,50,26249,230210,0.709,ok,,rolling
2026-02-26,lidl,125,false,czds_zone,2026-02-26T05:28:02.664905+00:00,,ns_sld_exact,1,4,380,3061,0.253,ok,,baseline
2026-02-26,life,379740,false,czds_zone,2026-02-26T05:28:02.727370+00:00,,ns_sld_exact,9403,4272,877249,9516662,15.571,ok,,baseline
2026-02-26,lifestyle,11536,false,czds_zone,2026-02-26T05:28:02.920052+00:00,,ns_sld_exact,386,0,24214,313347,0.936,ok,,baseline
2026-02-26,lighting,5469,false,czds_zone,2026-02-26T05:28:03.249363+00:00,,ns_sld_exact,342,46,14154,238266,0.901,ok,,baseline
2026-02-26,lilly,9,false,czds_zone,2026-02-26T05:28:03.858265+00:00,,ns_sld_exact,1,12,36,3905,0.254,ok,,rolling
2026-02-26,limited,6848,false,czds_zone,2026-02-26T05:28:04.114394+00:00,,ns_sld_exact,488,136,18692,333708,0.834,ok,,baseline
2026-02-26,limo,2203,false,czds_zone,2026-02-26T05:28:04.151519+00:00,,ns_sld_exact,79,24,5315,71827,0.43,ok,,baseline
2026-02-26,link,279551,false,czds_zone,2026-02-26T05:28:04.232703+00:00,,ns_sld_exact,31806,6631,741073,14054676,22.891,ok,,baseline
2026-02-26,live,548620,false,czds_zone,2026-02-26T05:28:04.584020+00:00,,ns_sld_exact,15024,7108,1323887,15111316,25.341,ok,,baseline
2026-02-26,living,5934,false,czds_zone,2026-02-26T05:28:04.950281+00:00,,ns_sld_exact,160,4,12849,135499,0.578,ok,,baseline
2026-02-26,llc,47696,false,czds_zone,2026-02-26T05:28:05.530046+00:00,,ns_sld_exact,7718,425,125824,3878580,5.57,ok,,baseline
2026-02-26,loan,73584,false,czds_zone,2026-02-26T05:28:05.798904+00:00,,ns_sld_exact,367,32,150278,871197,2.208,ok,,baseline
2026-02-26,loans,7353,false,czds_zone,2026-02-26T05:28:08.009119+00:00,,ns_sld_exact,154,24,18053,174737,0.636,ok,,baseline
2026-02-26,locker,23416,false,czds_zone,2026-02-26T05:28:08.647806+00:00,,ns_sld_exact,101,6,47282,236294,0.922,ok,,baseline
2026-02-26,lol,254088,false,czds_zone,2026-02-26T05:28:09.572793+00:00,,ns_sld_exact,19422,427,550136,28134089,34.601,ok,,baseline
2026-02-26,london,34919,false,czds_zone,2026-02-26T05:28:11.101868+00:00,,ns_sld_exact,808,74,88356,938425,2.174,ok,,baseline
2026-02-26,lotto,104,false,czds_zone,2026-02-26T05:28:13.278359+00:00,,ns_sld_exact,4,4,320,5608,0.265,ok,,baseline
2026-02-26,love,67273,false,czds_zone,2026-02-26T05:28:13.545820+00:00,,ns_sld_exact,2668,51,166738,1855653,3.806,ok,,baseline
2026-02-26,ltd,111385,false,czds_zone,2026-02-26T05:28:17.355186+00:00,,ns_sld_exact,3600,1077,255092,3169855,5.365,ok,,baseline
2026-02-26,ltda,530,false,czds_zone,2026-02-26T05:28:18.302049+00:00,,ns_sld_exact,5,11,1645,13830,0.293,ok,,baseline
2026-02-26,lundbeck,272,false,czds_zone,2026-02-26T05:28:18.597980+00:00,,ns_sld_exact,0,4,550,4278,0.263,ok,,baseline
2026-02-26,luxe,8868,false,czds_zone,2026-02-26T05:28:18.863620+00:00,,ns_sld_exact,183,12,19713,228176,0.827,ok,,baseline
2026-02-26,luxury,3958,false,czds_zone,2026-02-26T05:28:19.692677+00:00,,ns_sld_exact,234,8,10215,183746,0.743,ok,,baseline
2026-02-26,madrid,3273,false,czds_zone,2026-02-26T05:28:20.438660+00:00,,ns_sld_exact,40,5,9075,811610,1.537,ok,,baseline
2026-02-26,maif,6,false,czds_zone,2026-02-26T05:28:21.977851+00:00,,ns_sld_exact,1,6,22,2338,0.261,ok,,baseline
2026-02-26,maison,1361,false,czds_zone,2026-02-26T05:28:22.241510+00:00,,ns_sld_exact,151,9,3910,89955,0.501,ok,,baseline
2026-02-26,makeup,100662,false,czds_zone,2026-02-26T05:28:22.722297+00:00,,ns_sld_exact,1110,22,204236,1462579,2.899,ok,,baseline
2026-02-26,man,204,false,czds_zone,2026-02-26T05:28:22.745182+00:00,,ns_sld_exact,1,0,623,51646,0.298,ok,,baseline
2026-02-26,management,12187,false,czds_zone,2026-02-26T05:28:23.043844+00:00,,ns_sld_exact,1154,64,33142,702109,1.572,ok,,baseline
2026-02-26,mango,50,false,czds_zone,2026-02-26T05:28:24.617888+00:00,,ns_sld_exact,1,0,202,13448,0.287,ok,,baseline
2026-02-26,map,1,false,czds_zone,2026-02-26T05:28:24.909209+00:00,,ns_sld_exact,0,0,9,1814,0.276,ok,,baseline
2026-02-26,market,18366,false,czds_zone,2026-02-26T05:28:25.186977+00:00,,ns_sld_exact,1030,281,47463,741167,1.562,ok,,baseline
2026-02-26,marketing,27250,false,czds_zone,2026-02-26T05:28:25.625475+00:00,,ns_sld_exact,1637,355,68911,1139253,2.037,ok,,baseline
2026-02-26,markets,5226,false,czds_zone,2026-02-26T05:28:26.752176+00:00,,ns_sld_exact,274,56,12505,194848,0.689,ok,,baseline
2026-02-26,mba,4789,false,czds_zone,2026-02-26T05:28:27.125612+00:00,,ns_sld_exact,227,34,11459,171690,0.622,ok,,baseline
2026-02-26,mckinsey,1,false,czds_zone,2026-02-26T05:28:27.444652+00:00,,ns_sld_exact,1,4,8,2206,0.265,ok,,baseline
2026-02-26,med,2446,false,czds_zone,2026-02-26T05:28:27.666113+00:00,,ns_sld_exact,15,9,6614,52760,0.386,ok,,baseline
2026-02-26,media,85429,false,czds_zone,2026-02-26T05:28:27.711945+00:00,,ns_sld_exact,5414,1312,214347,3669814,5.635,ok,,baseline
2026-02-26,meet,50,false,czds_zone,2026-02-26T05:28:27.749932+00:00,,ns_sld_exact,0,0,205,12059,0.277,ok,,rolling
2026-02-26,melbourne,5047,false,czds_zone,2026-02-26T05:28:28.028252+00:00,,ns_sld_exact,32,23,12873,108861,0.541,ok,,baseline
2026-02-26,meme,6208,false,czds_zone,2026-02-26T05:28:28.053787+00:00,,ns_sld_exact,297,19,14554,1348661,1.79,ok,,baseline
2026-02-26,memorial,802,false,czds_zone,2026-02-26T05:28:28.572256+00:00,,ns_sld_exact,51,6,2195,38984,0.388,ok,,baseline
2026-02-26,men,11617,false,czds_zone,2026-02-26T05:28:28.965536+00:00,,ns_sld_exact,629,62,26496,489350,1.159,ok,,baseline
2026-02-26,menu,5279,false,czds_zone,2026-02-26T05:28:29.845823+00:00,,ns_sld_exact,133,45,14186,167799,0.602,ok,,baseline
2026-02-26,merckmsd,1,false,czds_zone,2026-02-26T05:28:29.926815+00:00,,ns_sld_exact,1,7,12,3507,0.258,ok,,baseline
2026-02-26,miami,12832,false,czds_zone,2026-02-26T05:28:30.126991+00:00,,ns_sld_exact,204,34,28855,299226,1.026,ok,,baseline
2026-02-26,microsoft,83,false,czds_zone,2026-02-26T05:28:30.187268+00:00,,ns_sld_exact,8,9,351,11518,0.274,ok,,baseline
2026-02-26,mini,79,false,czds_zone,2026-02-26T05:28:30.449850+00:00,,ns_sld_exact,1,4,389,4014,0.263,ok,,baseline
2026-02-26,mitsubishi,1,false,czds_zone,2026-02-26T05:28:30.464088+00:00,,ns_sld_exact,0,0,6,2269,0.271,ok,,baseline
2026-02-26,mlb,46,false,czds_zone,2026-02-26T05:28:30.714363+00:00,,ns_sld_exact,1,12,342,5224,0.275,ok,,baseline
2026-02-26,mls,1,false,czds_zone,2026-02-26T05:28:30.736681+00:00,,ns_sld_exact,1,4,8,2554,0.268,ok,,baseline
2026-02-26,mma,1613,false,czds_zone,2026-02-26T05:28:30.991630+00:00,,ns_sld_exact,1,0,6451,29909,0.406,ok,,rolling
2026-02-26,mobi,405929,false,czds_zone,2026-02-26T05:28:31.007211+00:00,,ns_sld_exact,23099,2376,940734,14929901,18.087,ok,,rolling
2026-02-26,mobile,3499,false,czds_zone,2026-02-26T05:28:31.156870+00:00,,ns_sld_exact,103,0,9230,85330,0.516,ok,,baseline
2026-02-26,moda,2260,false,czds_zone,2026-02-26T05:28:31.399803+00:00,,ns_sld_exact,115,33,6241,91154,0.578,ok,,baseline
2026-02-26,moe,16526,false,czds_zone,2026-02-26T05:28:31.675306+00:00,,ns_sld_exact,1692,217,41329,1090553,1.847,ok,,baseline
2026-02-26,mom,51017,false,czds_zone,2026-02-26T05:28:31.980092+00:00,,ns_sld_exact,3150,228,110798,5663570,6.988,ok,,rolling
2026-02-26,monash,64,false,czds_zone,2026-02-26T05:28:33.349316+00:00,,ns_sld_exact,1,12,217,4724,0.269,ok,,baseline
2026-02-26,money,20506,false,czds_zone,2026-02-26T05:28:33.525011+00:00,,ns_sld_exact,1110,176,49213,777771,1.531,ok,,baseline
2026-02-26,monster,31202,false,czds_zone,2026-02-26T05:28:33.620776+00:00,,ns_sld_exact,1283,454,72487,863728,1.816,ok,,baseline
2026-02-26,mormon,1,false,czds_zone,2026-02-26T05:28:35.056999+00:00,,ns_sld_exact,1,4,8,2191,0.261,ok,,baseline
2026-02-26,mortgage,3908,false,czds_zone,2026-02-26T05:28:35.320712+00:00,,ns_sld_exact,160,23,10262,136229,0.655,ok,,baseline
2026-02-26,moto,1,false,czds_zone,2026-02-26T05:28:35.439200+00:00,,ns_sld_exact,1,8,12,3542,0.252,ok,,baseline
2026-02-26,motorcycles,14203,false,czds_zone,2026-02-26T05:28:35.693450+00:00,,ns_sld_exact,1429,8,29251,776693,1.171,ok,,baseline
2026-02-26,mov,6085,false,czds_zone,2026-02-26T05:28:35.977814+00:00,,ns_sld_exact,462,3,15930,1368079,1.59,ok,,rolling
2026-02-26,movie,4199,false,czds_zone,2026-02-26T05:28:36.867636+00:00,,ns_sld_exact,120,23,13032,136702,0.569,ok,,baseline
2026-02-26,msd,1,false,czds_zone,2026-02-26T05:28:37.439222+00:00,,ns_sld_exact,1,6,12,3475,0.264,ok,,rolling
2026-02-26,mtn,5,false,czds_zone,2026-02-26T05:28:37.570522+00:00,,ns_sld_exact,1,9,28,4796,0.264,ok,,baseline
2026-02-26,museum,1028,false,czds_zone,2026-02-26T05:28:37.704648+00:00,,ns_sld_exact,117,4,2939,55454,0.333,ok,,baseline
2026-02-26,music,7006,false,czds_zone,2026-02-26T05:28:37.837701+00:00,,ns_sld_exact,159,3,19315,171556,0.726,ok,,baseline
2026-02-26,nab,4,false,czds_zone,2026-02-26T05:28:38.041162+00:00,,ns_sld_exact,0,4,14,1850,0.267,ok,,rolling
2026-02-26,navy,1144,false,czds_zone,2026-02-26T05:28:38.311340+00:00,,ns_sld_exact,138,24,3117,79706,0.419,ok,,rolling
2026-02-26,nba,1,false,czds_zone,2026-02-26T05:28:38.566646+00:00,,ns_sld_exact,1,12,12,3596,0.267,ok,,baseline
2026-02-26,nec,7,false,czds_zone,2026-02-26T05:28:38.731490+00:00,,ns_sld_exact,0,0,18,3587,0.261,ok,,baseline
2026-02-26,netbank,5,false,czds_zone,2026-02-26T05:28:38.835157+00:00,,ns_sld_exact,1,12,26,3794,0.314,ok,,baseline
2026-02-26,netflix,1,false,czds_zone,2026-02-26T05:28:38.969648+00:00,,ns_sld_exact,1,8,12,3562,0.264,ok,,baseline
2026-02-26,network,73218,false,czds_zone,2026-02-26T05:28:38.995235+00:00,,ns_sld_exact,6759,3177,184308,4057376,5.407,ok,,baseline
2026-02-26,neustar,677,false,czds_zone,2026-02-26T05:28:39.150469+00:00,,ns_sld_exact,3,13,4056,20375,0.3,ok,,rolling
2026-02-26,new,2107,false,czds_zone,2026-02-26T05:28:39.235853+00:00,,ns_sld_exact,215,2,6124,491894,1.032,ok,,baseline
2026-02-26,news,71751,false,czds_zone,2026-02-26T05:28:39.452029+00:00,,ns_sld_exact,3060,1190,181960,2508516,3.868,ok,,baseline
2026-02-26,next,18,false,czds_zone,2026-02-26T05:28:40.270717+00:00,,ns_sld_exact,0,4,50,2088,0.257,ok,,baseline
2026-02-26,nextdirect,2,false,czds_zone,2026-02-26T05:28:40.530177+00:00,,ns_sld_exact,0,4,10,1828,0.271,ok,,baseline
2026-02-26,nexus,3793,false,czds_zone,2026-02-26T05:28:40.804279+00:00,,ns_sld_exact,674,10,9383,928009,1.375,ok,,baseline
2026-02-26,ngo,4685,false,czds_zone,2026-02-26T05:28:42.181841+00:00,,ns_sld_exact,122,94,11930,135324,0.602,ok,,baseline
2026-02-26,nikon,1,false,czds_zone,2026-02-26T05:28:42.786055+00:00,,ns_sld_exact,0,4,8,1794,0.268,ok,,baseline
2026-02-26,ninja,25144,false,czds_zone,2026-02-26T05:28:43.055880+00:00,,ns_sld_exact,2076,814,71534,1377976,1.974,ok,,baseline
2026-02-26,nissay,1,false,czds_zone,2026-02-26T05:28:43.321874+00:00,,ns_sld_exact,1,6,12,2257,0.259,ok,,baseline
2026-02-26,nokia,4,false,czds_zone,2026-02-26T05:28:43.582945+00:00,,ns_sld_exact,1,4,26,2269,0.271,ok,,baseline
2026-02-26,norton,1,false,czds_zone,2026-02-26T05:28:43.855888+00:00,,ns_sld_exact,1,7,12,4049,0.275,ok,,baseline
2026-02-26,nowruz,10,false,czds_zone,2026-02-26T05:28:44.132279+00:00,,ns_sld_exact,1,1,39,4770,0.28,ok,,baseline
2026-02-26,nowtv,1,false,czds_zone,2026-02-26T05:28:44.176614+00:00,,ns_sld_exact,1,4,8,2189,0.309,ok,,baseline
2026-02-26,nra,129,false,czds_zone,2026-02-26T05:28:44.407366+00:00,,ns_sld_exact,1,4,395,4217,0.257,ok,,baseline
2026-02-26,nrw,17966,false,czds_zone,2026-02-26T05:28:44.414298+00:00,,ns_sld_exact,2416,29,55750,4933313,4.582,ok,,baseline
2026-02-26,nyc,58030,false,czds_zone,2026-02-26T05:28:44.488192+00:00,,ns_sld_exact,575,106,134589,1171265,2.175,ok,,baseline
2026-02-26,obi,1,false,czds_zone,2026-02-26T05:28:44.671248+00:00,,ns_sld_exact,1,4,8,2189,0.27,ok,,baseline
2026-02-26,observer,3022,false,czds_zone,2026-02-26T05:28:44.943373+00:00,,ns_sld_exact,155,35,7329,94642,0.539,ok,,baseline
2026-02-26,office,5,false,czds_zone,2026-02-26T05:28:45.031574+00:00,,ns_sld_exact,1,9,32,4914,0.259,ok,,baseline
2026-02-26,olayan,2,false,czds_zone,2026-02-26T05:28:45.292526+00:00,,ns_sld_exact,1,12,14,3607,0.272,ok,,baseline
2026-02-26,olayangroup,2,false,czds_zone,2026-02-26T05:28:45.484187+00:00,,ns_sld_exact,1,12,14,3635,0.275,ok,,baseline
2026-02-26,ollo,1,false,czds_zone,2026-02-26T05:28:45.566573+00:00,,ns_sld_exact,1,0,6,1280,0.268,ok,,baseline
2026-02-26,omega,3,false,czds_zone,2026-02-26T05:28:45.761555+00:00,,ns_sld_exact,1,9,24,4783,0.271,ok,,baseline
2026-02-26,one,223885,false,czds_zone,2026-02-26T05:28:45.839887+00:00,,ns_sld_exact,39612,1151,531157,22304759,21.558,ok,,baseline
2026-02-26,ong,2163,false,czds_zone,2026-02-26T05:28:46.034936+00:00,,ns_sld_exact,45,37,5862,60824,0.44,ok,,baseline
2026-02-26,online,3234094,false,czds_zone,2026-02-26T05:28:46.477035+00:00,,ns_sld_exact,108742,10473,7520524,99069074,194.624,ok,,baseline
2026-02-26,open,1,false,czds_zone,2026-02-26T05:28:46.666331+00:00,,ns_sld_exact,1,12,12,3614,0.265,ok,,baseline
2026-02-26,oracle,3,false,czds_zone,2026-02-26T05:28:46.933548+00:00,,ns_sld_exact,1,4,20,2279,0.265,ok,,baseline
2026-02-26,orange,12,false,czds_zone,2026-02-26T05:28:47.201954+00:00,,ns_sld_exact,5,8,47,4085,0.268,ok,,baseline
2026-02-26,org,11661920,false,czds_zone,2026-02-26T05:28:47.472236+00:00,,ns_sld_exact,590836,387575,29454268,447571548,447.066,ok,,baseline
2026-02-26,organic,1535,false,czds_zone,2026-02-26T05:28:48.996915+00:00,,ns_sld_exact,86,5,4181,65289,0.517,ok,,baseline
2026-02-26,origins,1,false,czds_zone,2026-02-26T05:28:49.096353+00:00,,ns_sld_exact,1,4,8,2187,0.262,ok,,baseline
2026-02-26,osaka,999,false,czds_zone,2026-02-26T05:28:49.360359+00:00,,ns_sld_exact,10,20,3161,26959,0.292,ok,,baseline
2026-02-26,ott,1,false,czds_zone,2026-02-26T05:28:49.515091+00:00,,ns_sld_exact,1,0,6,1281,0.259,ok,,baseline
2026-02-26,ovh,83707,false,czds_zone,2026-02-26T05:28:49.657307+00:00,,ns_sld_exact,32213,1003,169785,10091251,10.09,ok,,baseline
2026-02-26,page,35425,false,czds_zone,2026-02-26T05:28:49.776248+00:00,,ns_sld_exact,12639,155,113567,10034843,9.865,ok,,baseline
2026-02-26,panasonic,3,false,czds_zone,2026-02-26T05:28:59.643327+00:00,,ns_sld_exact,0,0,16,2799,0.541,ok,,baseline
2026-02-26,paris,18340,false,czds_zone,2026-02-26T05:28:59.749164+00:00,,ns_sld_exact,3964,30,47450,1443076,2.198,ok,,baseline
2026-02-26,pars,1,false,czds_zone,2026-02-26T05:29:00.186065+00:00,,ns_sld_exact,1,1,16,4506,0.266,ok,,baseline
2026-02-26,partners,16336,false,czds_zone,2026-02-26T05:29:00.455035+00:00,,ns_sld_exact,1145,116,42523,759351,1.541,ok,,baseline
2026-02-26,parts,7257,false,czds_zone,2026-02-26T05:29:01.949192+00:00,,ns_sld_exact,434,74,18577,307792,0.713,ok,,baseline
2026-02-26,party,20167,false,czds_zone,2026-02-26T05:29:01.998303+00:00,,ns_sld_exact,1653,105,49841,1170170,2.31,ok,,baseline
2026-02-26,pccw,1,false,czds_zone,2026-02-26T05:29:02.663840+00:00,,ns_sld_exact,1,4,8,2188,0.266,ok,,baseline
2026-02-26,pet,24260,false,czds_zone,2026-02-26T05:29:02.932977+00:00,,ns_sld_exact,615,170,55170,595821,1.482,ok,,baseline
2026-02-26,pfizer,90,false,czds_zone,2026-02-26T05:29:04.310682+00:00,,ns_sld_exact,1,12,318,5409,0.276,ok,,baseline
2026-02-26,pharmacy,1075,false,czds_zone,2026-02-26T05:29:04.418686+00:00,,ns_sld_exact,14,9,2494,29965,0.301,ok,,baseline
2026-02-26,phd,2281,false,czds_zone,2026-02-26T05:29:04.588250+00:00,,ns_sld_exact,546,6,6497,592970,0.862,ok,,baseline
2026-02-26,philips,59,false,czds_zone,2026-02-26T05:29:04.722124+00:00,,ns_sld_exact,2,12,172,5157,0.263,ok,,baseline
2026-02-26,phone,1,false,czds_zone,2026-02-26T05:29:04.988357+00:00,,ns_sld_exact,1,0,6,1289,0.256,ok,,baseline
2026-02-26,photo,15942,false,czds_zone,2026-02-26T05:29:05.247335+00:00,,ns_sld_exact,1157,58,41128,625519,1.56,ok,,baseline
2026-02-26,photography,34441,false,czds_zone,2026-02-26T05:29:05.453123+00:00,,ns_sld_exact,2078,289,100776,1517862,2.518,ok,,baseline
2026-02-26,photos,19355,false,czds_zone,2026-02-26T05:29:06.809799+00:00,,ns_sld_exact,1486,160,52213,956827,1.93,ok,,baseline
2026-02-26,physio,946,false,czds_zone,2026-02-26T05:29:07.399963+00:00,,ns_sld_exact,23,12,3055,34557,0.311,ok,,baseline
2026-02-26,pics,82886,false,czds_zone,2026-02-26T05:29:07.712790+00:00,,ns_sld_exact,2827,234,179590,8849310,10.495,ok,,baseline
2026-02-26,pictet,42,false,czds_zone,2026-02-26T05:29:07.972690+00:00,,ns_sld_exact,1,10,164,3180,0.26,ok,,baseline
2026-02-26,pictures,11113,false,czds_zone,2026-02-26T05:29:08.235629+00:00,,ns_sld_exact,793,167,28223,505940,1.251,ok,,baseline
2026-02-26,pid,1,false,czds_zone,2026-02-26T05:29:08.742530+00:00,,ns_sld_exact,1,0,6,1288,0.272,ok,,baseline
2026-02-26,ping,3,false,czds_zone,2026-02-26T05:29:09.019522+00:00,,ns_sld_exact,2,12,21,4156,0.33,ok,,baseline
2026-02-26,pink,9125,false,czds_zone,2026-02-26T05:29:09.351657+00:00,,ns_sld_exact,278,104,21249,251530,0.951,ok,,baseline
2026-02-26,pioneer,26,false,czds_zone,2026-02-26T05:29:09.489240+00:00,,ns_sld_exact,1,9,115,5806,0.273,ok,,baseline
2026-02-26,pizza,13044,false,czds_zone,2026-02-26T05:29:09.764585+00:00,,ns_sld_exact,612,156,30414,438281,1.011,ok,,baseline
2026-02-26,place,9924,false,czds_zone,2026-02-26T05:29:10.305167+00:00,,ns_sld_exact,1284,137,26117,693419,1.601,ok,,baseline
2026-02-26,play,5,false,czds_zone,2026-02-26T05:29:10.776728+00:00,,ns_sld_exact,0,0,25,2673,0.252,ok,,baseline
2026-02-26,playstation,1,false,czds_zone,2026-02-26T05:29:11.030942+00:00,,ns_sld_exact,0,0,6,2275,0.265,ok,,baseline
2026-02-26,plumbing,2530,false,czds_zone,2026-02-26T05:29:11.298965+00:00,,ns_sld_exact,152,9,6609,109109,0.51,ok,,baseline
2026-02-26,plus,32030,false,czds_zone,2026-02-26T05:29:11.811530+00:00,,ns_sld_exact,1668,425,76232,1197352,2.803,ok,,baseline
2026-02-26,pnc,1,false,czds_zone,2026-02-26T05:29:11.909038+00:00,,ns_sld_exact,1,4,8,2193,0.259,ok,,baseline
2026-02-26,pohl,3,false,czds_zone,2026-02-26T05:29:12.169848+00:00,,ns_sld_exact,1,4,12,2215,0.255,ok,,baseline
2026-02-26,poker,8387,false,czds_zone,2026-02-26T05:29:12.428434+00:00,,ns_sld_exact,157,26,18977,181771,0.75,ok,,baseline
2026-02-26,porn,7602,false,czds_zone,2026-02-26T05:29:13.181856+00:00,,ns_sld_exact,189,29,21728,242694,0.742,ok,,baseline
2026-02-26,praxi,19,false,czds_zone,2026-02-26T05:29:13.925644+00:00,,ns_sld_exact,1,12,84,4186,0.277,ok,,baseline
2026-02-26,press,17578,false,czds_zone,2026-02-26T05:29:14.204680+00:00,,ns_sld_exact,463,104,41986,480944,1.214,ok,,baseline
2026-02-26,pro,1035365,false,czds_zone,2026-02-26T05:29:14.618082+00:00,,ns_sld_exact,44568,11828,2366098,33691482,62.403,ok,,baseline
2026-02-26,prod,2,false,czds_zone,2026-02-26T05:29:15.422588+00:00,,ns_sld_exact,0,0,13,2036,0.336,ok,,baseline
2026-02-26,productions,10693,false,czds_zone,2026-02-26T05:29:15.760468+00:00,,ns_sld_exact,924,84,29267,573893,1.519,ok,,baseline
2026-02-26,prof,840,false,czds_zone,2026-02-26T05:29:17.283403+00:00,,ns_sld_exact,159,0,2440,211749,0.813,ok,,baseline
2026-02-26,progressive,1,false,czds_zone,2026-02-26T05:29:18.104122+00:00,,ns_sld_exact,1,4,8,2204,0.311,ok,,baseline
2026-02-26,promo,6858,false,czds_zone,2026-02-26T05:29:18.209439+00:00,,ns_sld_exact,341,78,17554,261275,0.804,ok,,baseline
2026-02-26,properties,13293,false,czds_zone,2026-02-26T05:29:18.328983+00:00,,ns_sld_exact,698,106,32384,507703,1.035,ok,,baseline
2026-02-26,property,5053,false,czds_zone,2026-02-26T05:29:18.417770+00:00,,ns_sld_exact,64,4,11392,96837,0.485,ok,,baseline
2026-02-26,protection,99,false,czds_zone,2026-02-26T05:29:18.904966+00:00,,ns_sld_exact,0,6,358,4132,0.292,ok,,baseline
2026-02-26,pub,18626,false,czds_zone,2026-02-26T05:29:19.016099+00:00,,ns_sld_exact,868,244,45435,657955,1.929,ok,,baseline
2026-02-26,pwc,3,false,czds_zone,2026-02-26T05:29:19.198841+00:00,,ns_sld_exact,1,4,12,2235,0.262,ok,,baseline
2026-02-26,qpon,61783,false,czds_zone,2026-02-26T05:29:19.365188+00:00,,ns_sld_exact,216,17,127972,835064,1.919,ok,,baseline
2026-02-26,quebec,7236,false,czds_zone,2026-02-26T05:29:19.463475+00:00,,ns_sld_exact,201,25,18157,1805127,2.271,ok,,baseline
2026-02-26,quest,48488,false,czds_zone,2026-02-26T05:29:20.946863+00:00,,ns_sld_exact,2492,88,110187,1927619,3.153,ok,,baseline
2026-02-26,racing,4310,false,czds_zone,2026-02-26T05:29:21.289424+00:00,,ns_sld_exact,370,23,11130,265482,0.984,ok,,baseline
2026-02-26,radio,2873,false,czds_zone,2026-02-26T05:29:21.737559+00:00,,ns_sld_exact,424,5,8706,804098,1.159,ok,,baseline
2026-02-26,realestate,14670,false,czds_zone,2026-02-26T05:29:22.276343+00:00,,ns_sld_exact,16,31,49336,274899,1.194,ok,,baseline
2026-02-26,realtor,27757,false,czds_zone,2026-02-26T05:29:22.904906+00:00,,ns_sld_exact,2,9,110046,495255,1.93,ok,,baseline
2026-02-26,realty,2999,false,czds_zone,2026-02-26T05:29:23.472980+00:00,,ns_sld_exact,106,11,7020,74271,0.434,ok,,baseline
2026-02-26,recipes,3956,false,czds_zone,2026-02-26T05:29:23.909817+00:00,,ns_sld_exact,243,36,9994,170731,0.729,ok,,baseline
2026-02-26,red,19226,false,czds_zone,2026-02-26T05:29:24.103214+00:00,,ns_sld_exact,1279,590,48430,853603,1.616,ok,,baseline
2026-02-26,redumbrella,2,false,czds_zone,2026-02-26T05:29:24.641441+00:00,,ns_sld_exact,1,4,10,2237,0.262,ok,,baseline
2026-02-26,rehab,2130,false,czds_zone,2026-02-26T05:29:24.836912+00:00,,ns_sld_exact,149,26,5464,100181,0.6,ok,,baseline
2026-02-26,reise,887,false,czds_zone,2026-02-26T05:29:24.904882+00:00,,ns_sld_exact,19,8,2654,27282,0.313,ok,,rolling
2026-02-26,reisen,4063,false,czds_zone,2026-02-26T05:29:25.220208+00:00,,ns_sld_exact,184,43,11518,154036,0.636,ok,,baseline
2026-02-26,reit,80,false,czds_zone,2026-02-26T05:29:25.439801+00:00,,ns_sld_exact,0,4,341,3637,0.283,ok,,baseline
2026-02-26,reliance,1,false,czds_zone,2026-02-26T05:29:25.721463+00:00,,ns_sld_exact,1,4,8,2197,0.276,ok,,rolling
2026-02-26,ren,12484,false,czds_zone,2026-02-26T05:29:25.726868+00:00,,ns_sld_exact,42,38,26076,2595401,3.093,ok,,baseline
2026-02-26,rent,9861,false,czds_zone,2026-02-26T05:29:25.857799+00:00,,ns_sld_exact,448,32,23029,345508,1.014,ok,,baseline
2026-02-26,rentals,12592,false,czds_zone,2026-02-26T05:29:25.999315+00:00,,ns_sld_exact,667,80,30887,486251,1.193,ok,,baseline
2026-02-26,repair,8464,false,czds_zone,2026-02-26T05:29:26.875197+00:00,,ns_sld_exact,415,100,20798,317795,1.029,ok,,baseline
2026-02-26,report,10534,false,czds_zone,2026-02-26T05:29:27.193233+00:00,,ns_sld_exact,928,120,27799,569984,1.276,ok,,rolling
2026-02-26,republican,1103,false,czds_zone,2026-02-26T05:29:27.907169+00:00,,ns_sld_exact,109,11,3196,68030,0.402,ok,,baseline
2026-02-26,rest,76072,false,czds_zone,2026-02-26T05:29:28.312612+00:00,,ns_sld_exact,1623,126,161617,1554403,3.738,ok,,baseline
2026-02-26,restaurant,8204,false,czds_zone,2026-02-26T05:29:28.470804+00:00,,ns_sld_exact,513,98,21307,365032,0.975,ok,,baseline
2026-02-26,review,7321,false,czds_zone,2026-02-26T05:29:28.821760+00:00,,ns_sld_exact,326,50,18705,300145,0.957,ok,,baseline
2026-02-26,reviews,12769,false,czds_zone,2026-02-26T05:29:29.449118+00:00,,ns_sld_exact,485,109,35777,437082,1.173,ok,,baseline
2026-02-26,rexroth,5,false,czds_zone,2026-02-26T05:29:29.780404+00:00,,ns_sld_exact,0,4,16,1853,0.232,ok,,baseline
2026-02-26,rich,312,false,czds_zone,2026-02-26T05:29:30.014115+00:00,,ns_sld_exact,3,4,919,8397,0.191,ok,,baseline
2026-02-26,richardli,1,false,czds_zone,2026-02-26T05:29:30.205783+00:00,,ns_sld_exact,1,4,8,2204,0.185,ok,,baseline
2026-02-26,ricoh,52,false,czds_zone,2026-02-26T05:29:30.392634+00:00,,ns_sld_exact,0,0,181,14148,0.194,ok,,rolling
2026-02-26,ril,1,false,czds_zone,2026-02-26T05:29:30.588288+00:00,,ns_sld_exact,1,4,8,2188,0.192,ok,,baseline
2026-02-26,rio,630,false,czds_zone,2026-02-26T05:29:30.624099+00:00,,ns_sld_exact,73,0,2090,33929,0.244,ok,,baseline
2026-02-26,rip,11824,false,czds_zone,2026-02-26T05:29:30.785037+00:00,,ns_sld_exact,969,138,29692,581540,1.274,ok,,baseline
2026-02-26,rocks,63232,false,czds_zone,2026-02-26T05:29:30.869705+00:00,,ns_sld_exact,3447,1084,162607,2556407,4.819,ok,,baseline
2026-02-26,rodeo,2958,false,czds_zone,2026-02-26T05:29:32.053181+00:00,,ns_sld_exact,167,140,7479,137235,0.714,ok,,baseline
2026-02-26,rogers,4,false,czds_zone,2026-02-26T05:29:32.061221+00:00,,ns_sld_exact,1,4,17,2266,0.425,ok,,baseline
2026-02-26,rsvp,2530,false,czds_zone,2026-02-26T05:29:32.486936+00:00,,ns_sld_exact,426,4,6965,619626,0.993,ok,,rolling
2026-02-26,rugby,484,false,czds_zone,2026-02-26T05:29:32.769531+00:00,,ns_sld_exact,5,16,1700,15358,0.212,ok,,baseline
2026-02-26,ruhr,4344,false,czds_zone,2026-02-26T05:29:32.983362+00:00,,ns_sld_exact,232,17,12747,938186,1.434,ok,,baseline
2026-02-26,run,129528,false,czds_zone,2026-02-26T05:29:33.482803+00:00,,ns_sld_exact,2801,406,276767,2811867,5.813,ok,,baseline
2026-02-26,rwe,2,false,czds_zone,2026-02-26T05:29:34.419585+00:00,,ns_sld_exact,0,6,15,1884,0.178,ok,,baseline
2026-02-26,saarland,3669,false,czds_zone,2026-02-26T05:29:34.600289+00:00,,ns_sld_exact,73,17,10829,102465,0.478,ok,,baseline
2026-02-26,safety,1,false,czds_zone,2026-02-26T05:29:35.082425+00:00,,ns_sld_exact,1,12,12,3621,0.174,ok,,baseline
2026-02-26,sakura,2,false,czds_zone,2026-02-26T05:29:35.259466+00:00,,ns_sld_exact,2,8,12,2692,0.181,ok,,baseline
2026-02-26,sale,13173,false,czds_zone,2026-02-26T05:29:35.443161+00:00,,ns_sld_exact,558,95,33654,464008,1.077,ok,,baseline
2026-02-26,salon,4062,false,czds_zone,2026-02-26T05:29:35.691061+00:00,,ns_sld_exact,317,38,11591,206189,0.672,ok,,baseline
2026-02-26,samsclub,1,false,czds_zone,2026-02-26T05:29:36.363758+00:00,,ns_sld_exact,1,6,12,3561,0.176,ok,,baseline
2026-02-26,samsung,3,false,czds_zone,2026-02-26T05:29:36.521755+00:00,,ns_sld_exact,0,2,12,258,0.167,ok,,rolling
2026-02-26,sandvik,40,false,czds_zone,2026-02-26T05:29:36.541445+00:00,,ns_sld_exact,1,12,168,4451,0.214,ok,,baseline
2026-02-26,sandvikcoromant,29,false,czds_zone,2026-02-26T05:29:36.691302+00:00,,ns_sld_exact,1,12,124,4241,0.18,ok,,baseline
2026-02-26,sanofi,19,false,czds_zone,2026-02-26T05:29:36.760895+00:00,,ns_sld_exact,1,4,80,2602,0.167,ok,,baseline
2026-02-26,sap,32,false,czds_zone,2026-02-26T05:29:36.873944+00:00,,ns_sld_exact,2,0,131,10133,0.175,ok,,baseline
2026-02-26,sarl,1412,false,czds_zone,2026-02-26T05:29:36.932047+00:00,,ns_sld_exact,254,30,3569,130213,0.423,ok,,rolling
2026-02-26,saxo,94,false,czds_zone,2026-02-26T05:29:37.050954+00:00,,ns_sld_exact,1,6,562,4682,0.205,ok,,baseline
2026-02-26,sbi,119,false,czds_zone,2026-02-26T05:29:37.258259+00:00,,ns_sld_exact,111,6,711,48566,0.29,ok,,baseline
2026-02-26,sbs,1346321,false,czds_zone,2026-02-26T05:29:37.358969+00:00,,ns_sld_exact,29239,576,2872475,31038430,69.544,ok,,baseline
2026-02-26,schaeffler,30,false,czds_zone,2026-02-26T05:29:37.550876+00:00,,ns_sld_exact,1,0,141,10131,0.206,ok,,baseline
2026-02-26,schmidt,35,false,czds_zone,2026-02-26T05:29:37.760343+00:00,,ns_sld_exact,1,12,80,4046,0.181,ok,,baseline
2026-02-26,scholarships,1,false,czds_zone,2026-02-26T05:29:37.942915+00:00,,ns_sld_exact,1,4,8,2211,0.186,ok,,baseline
2026-02-26,school,23347,false,czds_zone,2026-02-26T05:29:38.132356+00:00,,ns_sld_exact,1463,259,60627,1017797,2.322,ok,,baseline
2026-02-26,schule,4618,false,czds_zone,2026-02-26T05:29:39.298397+00:00,,ns_sld_exact,140,35,13372,146903,0.54,ok,,baseline
2026-02-26,schwarz,740,false,czds_zone,2026-02-26T05:29:39.840374+00:00,,ns_sld_exact,2,6,2216,11048,0.195,ok,,baseline
2026-02-26,science,11341,false,czds_zone,2026-02-26T05:29:40.039445+00:00,,ns_sld_exact,1020,53,30408,720038,1.282,ok,,baseline
2026-02-26,search,1,false,czds_zone,2026-02-26T05:29:40.457849+00:00,,ns_sld_exact,0,0,9,1818,0.452,ok,,baseline
2026-02-26,seat,790,false,czds_zone,2026-02-26T05:29:40.912516+00:00,,ns_sld_exact,1,0,4495,201030,0.526,ok,,baseline
2026-02-26,security,837,false,czds_zone,2026-02-26T05:29:41.325077+00:00,,ns_sld_exact,69,6,2412,48395,0.245,ok,,baseline
2026-02-26,seek,8,false,czds_zone,2026-02-26T05:29:41.441209+00:00,,ns_sld_exact,1,12,40,3890,0.182,ok,,baseline
2026-02-26,select,736,false,czds_zone,2026-02-26T05:29:41.571952+00:00,,ns_sld_exact,64,12,2164,48829,0.62,ok,,baseline
2026-02-26,sener,34,false,czds_zone,2026-02-26T05:29:41.626847+00:00,,ns_sld_exact,0,7,81,2398,0.181,ok,,baseline
2026-02-26,services,88688,false,czds_zone,2026-02-26T05:29:41.809750+00:00,,ns_sld_exact,4653,1169,212388,3391865,7.076,ok,,baseline
2026-02-26,seven,11,false,czds_zone,2026-02-26T05:29:42.193247+00:00,,ns_sld_exact,1,12,34,3766,0.193,ok,,baseline
2026-02-26,sex,6302,false,czds_zone,2026-02-26T05:29:42.389149+00:00,,ns_sld_exact,157,45,17388,197648,0.596,ok,,rolling
2026-02-26,sexy,3030,false,czds_zone,2026-02-26T05:29:42.986161+00:00,,ns_sld_exact,113,18,8538,91212,0.406,ok,,baseline
2026-02-26,sfr,14,false,czds_zone,2026-02-26T05:29:43.394039+00:00,,ns_sld_exact,1,4,34,1482,0.175,ok,,baseline
2026-02-26,shangrila,1,false,czds_zone,2026-02-26T05:29:43.572438+00:00,,ns_sld_exact,0,4,8,1801,0.177,ok,,baseline
2026-02-26,sharp,20,false,czds_zone,2026-02-26T05:29:43.754679+00:00,,ns_sld_exact,0,2,45,6393,0.205,ok,,baseline
2026-02-26,shell,55,false,czds_zone,2026-02-26T05:29:43.962686+00:00,,ns_sld_exact,33,9,190,28212,0.255,ok,,baseline
2026-02-26,shia,1,false,czds_zone,2026-02-26T05:29:44.220551+00:00,,ns_sld_exact,1,1,16,4505,0.192,ok,,baseline
2026-02-26,shiksha,615,false,czds_zone,2026-02-26T05:29:44.417810+00:00,,ns_sld_exact,40,16,1494,28661,0.258,ok,,baseline
2026-02-26,shoes,3862,false,czds_zone,2026-02-26T05:29:44.678367+00:00,,ns_sld_exact,195,40,10627,153495,0.606,ok,,baseline
2026-02-26,shopping,7684,false,czds_zone,2026-02-26T05:29:45.291790+00:00,,ns_sld_exact,349,78,20793,286614,0.956,ok,,baseline
2026-02-26,shouji,1,false,czds_zone,2026-02-26T05:29:46.250887+00:00,,ns_sld_exact,1,2,6,3610,0.186,ok,,baseline
2026-02-26,show,17636,false,czds_zone,2026-02-26T05:29:46.442684+00:00,,ns_sld_exact,845,75,43818,646365,1.966,ok,,baseline
2026-02-26,sina,1,false,czds_zone,2026-02-26T05:29:48.410798+00:00,,ns_sld_exact,1,4,8,2189,0.179,ok,,baseline
2026-02-26,singles,2589,false,czds_zone,2026-02-26T05:29:48.593015+00:00,,ns_sld_exact,143,12,6391,105015,0.501,ok,,baseline
2026-02-26,site,1717307,false,czds_zone,2026-02-26T05:29:48.764043+00:00,,ns_sld_exact,37401,6103,3875045,42006160,99.839,ok,,baseline
2026-02-26,ski,6185,false,czds_zone,2026-02-26T05:29:48.887916+00:00,,ns_sld_exact,726,67,16650,412994,0.905,ok,,baseline
2026-02-26,skin,160469,false,czds_zone,2026-02-26T05:29:49.096520+00:00,,ns_sld_exact,2510,67,325802,2951632,6.263,ok,,baseline
2026-02-26,sky,144,false,czds_zone,2026-02-26T05:29:49.794716+00:00,,ns_sld_exact,1,9,812,8945,0.191,ok,,baseline
2026-02-26,skype,6,false,czds_zone,2026-02-26T05:29:49.987868+00:00,,ns_sld_exact,1,9,36,4949,0.181,ok,,baseline
2026-02-26,sling,1,false,czds_zone,2026-02-26T05:29:50.171893+00:00,,ns_sld_exact,1,0,6,1283,0.187,ok,,baseline
2026-02-26,smart,48,false,czds_zone,2026-02-26T05:29:50.362086+00:00,,ns_sld_exact,0,4,173,2453,0.181,ok,,baseline
2026-02-26,sncf,64,false,czds_zone,2026-02-26T05:29:50.546452+00:00,,ns_sld_exact,1,0,312,2985,0.222,ok,,baseline
2026-02-26,soccer,3520,false,czds_zone,2026-02-26T05:29:50.769496+00:00,,ns_sld_exact,233,26,9335,159347,0.476,ok,,rolling
2026-02-26,social,46011,false,czds_zone,2026-02-26T05:29:51.246338+00:00,,ns_sld_exact,3223,451,122295,2138517,4.656,ok,,rolling
2026-02-26,softbank,5,false,czds_zone,2026-02-26T05:29:55.363039+00:00,,ns_sld_exact,0,0,18,3220,0.192,ok,,baseline
2026-02-26,software,24781,false,czds_zone,2026-02-26T05:29:55.558149+00:00,,ns_sld_exact,1955,398,66996,1262908,2.913,ok,,baseline
2026-02-26,sohu,7,false,czds_zone,2026-02-26T05:29:55.904629+00:00,,ns_sld_exact,0,5,50,3295,0.187,ok,,baseline
2026-02-26,solar,9660,false,czds_zone,2026-02-26T05:29:56.093959+00:00,,ns_sld_exact,759,73,25412,481210,1.08,ok,,baseline
2026-02-26,solutions,102524,false,czds_zone,2026-02-26T05:29:57.175307+00:00,,ns_sld_exact,5116,1675,248757,3802688,8.389,ok,,baseline
2026-02-26,sony,10,false,czds_zone,2026-02-26T05:29:58.472148+00:00,,ns_sld_exact,0,0,51,4459,0.185,ok,,baseline
2026-02-26,soy,1900,false,czds_zone,2026-02-26T05:29:58.661730+00:00,,ns_sld_exact,293,13,5676,465166,0.824,ok,,baseline
2026-02-26,space,514523,false,czds_zone,2026-02-26T05:29:59.488533+00:00,,ns_sld_exact,15734,2438,1190080,14627829,35.533,ok,,baseline
2026-02-26,srl,10395,false,czds_zone,2026-02-26T05:30:05.566387+00:00,,ns_sld_exact,176,86,32714,265492,1.329,ok,,baseline
2026-02-26,stada,125,false,czds_zone,2026-02-26T05:30:06.895896+00:00,,ns_sld_exact,1,4,380,3816,0.196,ok,,baseline
2026-02-26,staples,1,false,czds_zone,2026-02-26T05:30:07.095038+00:00,,ns_sld_exact,1,12,12,3618,0.173,ok,,baseline
2026-02-26,star,2,false,czds_zone,2026-02-26T05:30:07.270525+00:00,,ns_sld_exact,1,4,12,2239,0.196,ok,,baseline
2026-02-26,statebank,39,false,czds_zone,2026-02-26T05:30:07.467688+00:00,,ns_sld_exact,38,4,234,17792,0.208,ok,,baseline
2026-02-26,stc,10,false,czds_zone,2026-02-26T05:30:07.678020+00:00,,ns_sld_exact,0,4,43,2093,0.188,ok,,baseline
2026-02-26,stcgroup,1,false,czds_zone,2026-02-26T05:30:07.867662+00:00,,ns_sld_exact,0,4,8,1722,0.19,ok,,rolling
2026-02-26,stockholm,198,false,czds_zone,2026-02-26T05:30:08.058968+00:00,,ns_sld_exact,1,4,432,4847,0.188,ok,,baseline
2026-02-26,storage,614,false,czds_zone,2026-02-26T05:30:08.258509+00:00,,ns_sld_exact,25,4,1738,19395,0.221,ok,,baseline
2026-02-26,store,2084575,false,czds_zone,2026-02-26T05:30:08.483030+00:00,,ns_sld_exact,48030,2561,5065407,53088605,126.658,ok,,baseline
2026-02-26,stream,14037,false,czds_zone,2026-02-26T05:30:17.026008+00:00,,ns_sld_exact,1264,124,34207,867186,1.886,ok,,baseline
2026-02-26,studio,164426,false,czds_zone,2026-02-26T05:30:18.915077+00:00,,ns_sld_exact,14538,1245,449552,8742543,19.889,ok,,baseline
2026-02-26,study,8150,false,czds_zone,2026-02-26T05:30:35.024178+00:00,,ns_sld_exact,401,30,24352,333957,1.867,ok,,baseline
2026-02-26,style,11327,false,czds_zone,2026-02-26T05:30:36.893323+00:00,,ns_sld_exact,557,125,30564,431122,1.252,ok,,baseline
2026-02-26,supplies,2904,false,czds_zone,2026-02-26T05:30:38.146639+00:00,,ns_sld_exact,210,17,7791,142237,0.549,ok,,baseline
2026-02-26,supply,7591,false,czds_zone,2026-02-26T05:30:38.702601+00:00,,ns_sld_exact,712,65,20372,425544,1.457,ok,,baseline
2026-02-26,support,39854,false,czds_zone,2026-02-26T05:30:38.807615+00:00,,ns_sld_exact,2952,514,102114,1932453,4.359,ok,,rolling
2026-02-26,surf,8148,false,czds_zone,2026-02-26T05:30:40.162354+00:00,,ns_sld_exact,1342,31,19001,775487,1.739,ok,,baseline
2026-02-26,surgery,1657,false,czds_zone,2026-02-26T05:30:41.907604+00:00,,ns_sld_exact,104,14,4416,75773,0.384,ok,,baseline
2026-02-26,swatch,8,false,czds_zone,2026-02-26T05:30:42.293554+00:00,,ns_sld_exact,1,9,44,4935,0.467,ok,,baseline
2026-02-26,swiss,22740,false,czds_zone,2026-02-26T05:30:42.763169+00:00,,ns_sld_exact,4371,79,58655,6495481,8.947,ok,,baseline
2026-02-26,sydney,5844,false,czds_zone,2026-02-26T05:30:43.169042+00:00,,ns_sld_exact,46,16,14722,125360,0.673,ok,,baseline
2026-02-26,systems,40476,false,czds_zone,2026-02-26T05:30:43.844226+00:00,,ns_sld_exact,3350,1577,109295,2154762,4.736,ok,,rolling
2026-02-26,tab,2,false,czds_zone,2026-02-26T05:30:46.907112+00:00,,ns_sld_exact,1,12,18,3631,0.191,ok,,baseline
2026-02-26,taobao,1,false,czds_zone,2026-02-26T05:30:47.100844+00:00,,ns_sld_exact,1,4,8,2198,0.195,ok,,baseline
2026-02-26,target,147,false,czds_zone,2026-02-26T05:30:47.300255+00:00,,ns_sld_exact,1,12,308,5303,0.182,ok,,baseline
2026-02-26,tatamotors,25,false,czds_zone,2026-02-26T05:30:47.484971+00:00,,ns_sld_exact,0,4,112,2739,0.192,ok,,baseline
2026-02-26,tattoo,7351,false,czds_zone,2026-02-26T05:30:47.678837+00:00,,ns_sld_exact,1952,36,16421,654863,1.425,ok,,rolling
2026-02-26,tax,16214,false,czds_zone,2026-02-26T05:30:48.585299+00:00,,ns_sld_exact,872,90,39084,610598,1.548,ok,,baseline
2026-02-26,taxi,6557,false,czds_zone,2026-02-26T05:30:49.106792+00:00,,ns_sld_exact,487,100,16565,317973,1.028,ok,,baseline
2026-02-26,tci,1,false,czds_zone,2026-02-26T05:30:50.139222+00:00,,ns_sld_exact,1,1,16,4506,0.196,ok,,baseline
2026-02-26,tdk,1,false,czds_zone,2026-02-26T05:30:50.141780+00:00,,ns_sld_exact,1,12,12,3605,0.19,ok,,baseline
2026-02-26,team,54778,false,czds_zone,2026-02-26T05:30:50.334352+00:00,,ns_sld_exact,3208,661,139529,2264045,4.679,ok,,baseline
2026-02-26,tech,475662,false,czds_zone,2026-02-26T05:30:50.338080+00:00,,ns_sld_exact,28592,2187,1183079,19678456,40.164,ok,,baseline
2026-02-26,technology,32727,false,czds_zone,2026-02-26T05:30:51.711851+00:00,,ns_sld_exact,2258,529,85715,1523436,3.117,ok,,baseline
2026-02-26,tel,37312,false,czds_zone,2026-02-26T05:30:54.831443+00:00,,ns_sld_exact,436,158,139126,9187456,12.181,ok,,baseline
2026-02-26,temasek,10,false,czds_zone,2026-02-26T05:30:55.018648+00:00,,ns_sld_exact,1,5,39,2491,0.175,ok,,baseline
2026-02-26,tennis,1854,false,czds_zone,2026-02-26T05:30:55.196809+00:00,,ns_sld_exact,148,17,4983,97100,0.349,ok,,baseline
2026-02-26,teva,94,false,czds_zone,2026-02-26T05:30:55.548154+00:00,,ns_sld_exact,1,12,291,4899,0.179,ok,,baseline
2026-02-26,thd,1,false,czds_zone,2026-02-26T05:30:55.731709+00:00,,ns_sld_exact,1,4,8,2184,0.17,ok,,baseline
2026-02-26,theater,1368,false,czds_zone,2026-02-26T05:30:55.906617+00:00,,ns_sld_exact,90,16,3819,65529,0.342,ok,,baseline
2026-02-26,theatre,152,false,czds_zone,2026-02-26T05:30:56.251608+00:00,,ns_sld_exact,6,4,454,7426,0.202,ok,,baseline
2026-02-26,tiaa,1,false,czds_zone,2026-02-26T05:30:56.458395+00:00,,ns_sld_exact,1,6,12,2247,0.173,ok,,baseline
2026-02-26,tickets,1080,false,czds_zone,2026-02-26T05:30:56.634817+00:00,,ns_sld_exact,26,6,3831,35750,0.268,ok,,baseline
2026-02-26,tienda,2297,false,czds_zone,2026-02-26T05:30:56.904268+00:00,,ns_sld_exact,74,56,5807,73249,0.388,ok,,baseline
2026-02-26,tips,20517,false,czds_zone,2026-02-26T05:30:57.295018+00:00,,ns_sld_exact,1086,160,51652,805260,1.961,ok,,rolling
2026-02-26,tires,1243,false,czds_zone,2026-02-26T05:30:59.258715+00:00,,ns_sld_exact,54,12,3015,43788,0.327,ok,,baseline
2026-02-26,tirol,8004,false,czds_zone,2026-02-26T08:59:28.053225+00:00,,ns_sld_exact,209,6,23264,233140,0.417,ok,,baseline
2026-02-26,tmall,1,false,czds_zone,2026-02-26T05:30:59.592120+00:00,,ns_sld_exact,1,4,8,2183,0.172,ok,,rolling
2026-02-26,today,205126,false,czds_zone,2026-02-26T05:30:59.766883+00:00,,ns_sld_exact,2959,1041,443297,4156080,10.112,ok,,rolling
2026-02-26,tools,26317,false,czds_zone,2026-02-26T05:31:07.018907+00:00,,ns_sld_exact,2131,387,68934,1349072,3.202,ok,,rolling
2026-02-26,top,5880168,false,czds_zone,2026-02-26T05:31:09.884984+00:00,,ns_sld_exact,121442,50079,15736731,1216035558,353.391,ok,,baseline
2026-02-26,toray,86,false,czds_zone,2026-02-26T05:31:10.223316+00:00,,ns_sld_exact,75,0,488,37801,0.342,ok,,baseline
2026-02-26,tours,12330,false,czds_zone,2026-02-26T05:31:10.569853+00:00,,ns_sld_exact,482,147,30879,414154,1.223,ok,,baseline
2026-02-26,town,35462,false,czds_zone,2026-02-26T05:31:11.799171+00:00,,ns_sld_exact,607,125,79517,660140,2.128,ok,,baseline
2026-02-26,toyota,243,false,czds_zone,2026-02-26T05:31:13.928816+00:00,,ns_sld_exact,0,3,920,59467,0.532,ok,,rolling
2026-02-26,toys,5553,false,czds_zone,2026-02-26T05:31:14.465038+00:00,,ns_sld_exact,318,35,14248,223969,0.914,ok,,baseline
2026-02-26,trade,22959,false,czds_zone,2026-02-26T05:31:15.380089+00:00,,ns_sld_exact,1193,108,53642,967024,2.306,ok,,rolling
2026-02-26,trading,5215,false,czds_zone,2026-02-26T05:31:17.689853+00:00,,ns_sld_exact,286,62,12925,205239,0.967,ok,,baseline
2026-02-26,training,22343,false,czds_zone,2026-02-26T05:31:18.663501+00:00,,ns_sld_exact,1332,121,57477,956448,2.443,ok,,baseline
2026-02-26,travel,26475,false,czds_zone,2026-02-26T05:31:21.110584+00:00,,ns_sld_exact,599,362,66898,704470,2.295,ok,,baseline
2026-02-26,travelers,3,false,czds_zone,2026-02-26T05:31:23.408659+00:00,,ns_sld_exact,1,4,12,2234,0.27,ok,,baseline
2026-02-26,travelersinsurance,2,false,czds_zone,2026-02-26T05:31:23.682344+00:00,,ns_sld_exact,1,4,10,2250,0.281,ok,,baseline
2026-02-26,trust,51,false,czds_zone,2026-02-26T05:31:23.969935+00:00,,ns_sld_exact,13,96,110,5692,0.288,ok,,baseline
2026-02-26,trv,2,false,czds_zone,2026-02-26T05:31:24.260224+00:00,,ns_sld_exact,1,4,10,2216,0.292,ok,,baseline
2026-02-26,tube,5334,false,czds_zone,2026-02-26T05:31:24.557209+00:00,,ns_sld_exact,208,93,13074,1334033,2.388,ok,,baseline
2026-02-26,tui,98,false,czds_zone,2026-02-26T05:31:26.952229+00:00,,ns_sld_exact,1,4,323,4853,0.281,ok,,baseline
2026-02-26,tvs,4,false,czds_zone,2026-02-26T05:31:27.234747+00:00,,ns_sld_exact,1,4,17,2260,0.281,ok,,baseline
2026-02-26,ubank,1,false,czds_zone,2026-02-26T05:31:27.518177+00:00,,ns_sld_exact,0,4,8,1795,0.342,ok,,baseline
2026-02-26,ubs,2,false,czds_zone,2026-02-26T05:31:27.865407+00:00,,ns_sld_exact,0,4,10,1814,0.275,ok,,baseline
2026-02-26,unicom,3,false,czds_zone,2026-02-26T05:31:28.145010+00:00,,ns_sld_exact,0,0,18,2358,0.465,ok,,baseline
2026-02-26,university,8068,false,czds_zone,2026-02-26T05:31:28.607797+00:00,,ns_sld_exact,509,145,21327,360970,1.22,ok,,baseline
2026-02-26,uno,36733,false,czds_zone,2026-02-26T05:31:28.615320+00:00,,ns_sld_exact,788,92,79755,852913,2.548,ok,,baseline
2026-02-26,uol,55,false,czds_zone,2026-02-26T05:31:29.831449+00:00,,ns_sld_exact,1,3,173,2118,0.27,ok,,baseline
2026-02-26,ups,2,false,czds_zone,2026-02-26T05:31:30.104823+00:00,,ns_sld_exact,1,4,10,2209,0.284,ok,,baseline
2026-02-26,vacations,4892,false,czds_zone,2026-02-26T05:31:30.395531+00:00,,ns_sld_exact,174,23,12047,150889,0.836,ok,,baseline
2026-02-26,vana,46,false,czds_zone,2026-02-26T05:31:30.504306+00:00,,ns_sld_exact,13,0,140,5900,0.288,ok,,baseline
2026-02-26,vanguard,18,false,czds_zone,2026-02-26T05:31:30.794663+00:00,,ns_sld_exact,0,4,110,2312,0.319,ok,,baseline
2026-02-26,vegas,11395,false,czds_zone,2026-02-26T05:31:31.116263+00:00,,ns_sld_exact,165,32,26624,240792,0.961,ok,,rolling
2026-02-26,ventures,23049,false,czds_zone,2026-02-26T05:31:31.165861+00:00,,ns_sld_exact,1675,109,57688,1054555,2.6,ok,,baseline
2026-02-26,versicherung,1231,false,czds_zone,2026-02-26T05:31:31.234931+00:00,,ns_sld_exact,31,0,3847,39146,0.38,ok,,baseline
2026-02-26,vet,10955,false,czds_zone,2026-02-26T05:31:31.618507+00:00,,ns_sld_exact,862,88,29322,551514,1.337,ok,,baseline
2026-02-26,viajes,691,false,czds_zone,2026-02-26T05:31:32.083358+00:00,,ns_sld_exact,30,23,1870,28196,0.365,ok,,baseline
2026-02-26,video,24343,false,czds_zone,2026-02-26T05:31:32.451768+00:00,,ns_sld_exact,1766,263,62503,1151385,2.806,ok,,baseline
2026-02-26,vig,39,false,czds_zone,2026-02-26T05:31:32.958091+00:00,,ns_sld_exact,1,4,120,2989,0.29,ok,,baseline
2026-02-26,viking,1,false,czds_zone,2026-02-26T05:31:33.250741+00:00,,ns_sld_exact,1,4,8,2196,0.299,ok,,baseline
2026-02-26,villas,7438,false,czds_zone,2026-02-26T05:31:33.551318+00:00,,ns_sld_exact,92,38,15946,120565,0.74,ok,,baseline
2026-02-26,vin,10108,false,czds_zone,2026-02-26T05:31:33.771261+00:00,,ns_sld_exact,659,45,24074,427976,1.342,ok,,baseline
2026-02-26,vip,1567091,false,czds_zone,2026-02-26T05:31:34.294710+00:00,,ns_sld_exact,12630,1610,3544188,25269139,64.33,ok,,baseline
2026-02-26,virgin,1,false,czds_zone,2026-02-26T05:31:35.117749+00:00,,ns_sld_exact,1,9,16,4699,0.271,ok,,baseline
2026-02-26,visa,1,false,czds_zone,2026-02-26T05:31:35.265842+00:00,,ns_sld_exact,1,6,12,2246,0.309,ok,,baseline
2026-02-26,vision,11271,false,czds_zone,2026-02-26T05:31:35.391237+00:00,,ns_sld_exact,879,102,30409,567551,1.549,ok,,baseline
2026-02-26,viva,1,false,czds_zone,2026-02-26T05:31:35.577377+00:00,,ns_sld_exact,0,4,8,1706,0.286,ok,,baseline
2026-02-26,vlaanderen,5162,false,czds_zone,2026-02-26T05:31:35.868835+00:00,,ns_sld_exact,1473,43,15194,520239,1.406,ok,,baseline
2026-02-26,vodka,1769,false,czds_zone,2026-02-26T05:31:36.945703+00:00,,ns_sld_exact,76,12,4476,71934,0.338,ok,,baseline
2026-02-26,volvo,4,false,czds_zone,2026-02-26T05:31:37.279857+00:00,,ns_sld_exact,0,4,20,1872,0.211,ok,,baseline
2026-02-26,vote,6019,false,czds_zone,2026-02-26T05:31:37.296049+00:00,,ns_sld_exact,322,32,14412,229961,0.787,ok,,baseline
2026-02-26,voto,741,false,czds_zone,2026-02-26T05:31:37.495992+00:00,,ns_sld_exact,28,14,1716,24685,0.247,ok,,baseline
2026-02-26,voyage,3250,false,czds_zone,2026-02-26T05:31:37.754401+00:00,,ns_sld_exact,197,17,8796,140468,0.519,ok,,baseline
2026-02-26,wales,12954,false,czds_zone,2026-02-26T05:31:38.086541+00:00,,ns_sld_exact,270,64,34090,432200,1.245,ok,,baseline
2026-02-26,walmart,1,false,czds_zone,2026-02-26T05:31:38.275380+00:00,,ns_sld_exact,1,6,12,3554,0.196,ok,,baseline
2026-02-26,walter,26,false,czds_zone,2026-02-26T05:31:38.474693+00:00,,ns_sld_exact,1,12,111,4169,0.225,ok,,baseline
2026-02-26,wang,40770,false,czds_zone,2026-02-26T05:31:38.707318+00:00,,ns_sld_exact,145,147,93204,8320313,11.639,ok,,baseline
2026-02-26,watch,20410,false,czds_zone,2026-02-26T05:31:39.334732+00:00,,ns_sld_exact,927,114,46659,711018,1.712,ok,,baseline
2026-02-26,watches,337,false,czds_zone,2026-02-26T05:31:41.051968+00:00,,ns_sld_exact,18,5,1059,15899,0.219,ok,,baseline
2026-02-26,webcam,2073,false,czds_zone,2026-02-26T05:31:41.273463+00:00,,ns_sld_exact,88,38,5770,88179,0.356,ok,,baseline
2026-02-26,website,220830,false,czds_zone,2026-02-26T05:31:41.631717+00:00,,ns_sld_exact,8912,1318,517140,7295964,16.473,ok,,rolling
2026-02-26,wed,21,false,czds_zone,2026-02-26T05:31:50.347213+00:00,,ns_sld_exact,1,0,72,4344,0.25,ok,,baseline
2026-02-26,wedding,11714,false,czds_zone,2026-02-26T05:31:50.602244+00:00,,ns_sld_exact,409,26,35887,475335,1.457,ok,,baseline
2026-02-26,weibo,1,false,czds_zone,2026-02-26T05:31:52.062365+00:00,,ns_sld_exact,1,4,8,2195,0.191,ok,,rolling
2026-02-26,weir,191,false,czds_zone,2026-02-26T05:31:52.258583+00:00,,ns_sld_exact,0,4,410,4024,0.2,ok,,baseline
2026-02-26,whoswho,909,false,czds_zone,2026-02-26T05:31:52.464904+00:00,,ns_sld_exact,44,5,2756,227227,0.606,ok,,baseline
2026-02-26,wien,14996,false,czds_zone,2026-02-26T05:31:53.074748+00:00,,ns_sld_exact,361,27,43885,412768,1.399,ok,,baseline
2026-02-26,wiki,77390,false,czds_zone,2026-02-26T05:31:54.476744+00:00,,ns_sld_exact,3468,438,172009,2819817,7.569,ok,,baseline
2026-02-26,win,107122,false,czds_zone,2026-02-26T05:31:58.112189+00:00,,ns_sld_exact,5735,318,235082,4358755,9.605,ok,,baseline
2026-02-26,windows,22,false,czds_zone,2026-02-26T05:32:01.105918+00:00,,ns_sld_exact,1,9,100,5323,0.199,ok,,baseline
2026-02-26,wine,17322,false,czds_zone,2026-02-26T05:32:01.314775+00:00,,ns_sld_exact,1143,125,44452,772444,1.873,ok,,baseline
2026-02-26,wme,7,false,czds_zone,2026-02-26T05:32:02.049164+00:00,,ns_sld_exact,0,4,32,1848,0.197,ok,,baseline
2026-02-26,woodside,22,false,czds_zone,2026-02-26T05:32:02.248757+00:00,,ns_sld_exact,1,12,95,4517,0.201,ok,,baseline
2026-02-26,work,336761,false,czds_zone,2026-02-26T05:32:02.458542+00:00,,ns_sld_exact,7632,968,790811,9997031,22.774,ok,,baseline
2026-02-26,works,33608,false,czds_zone,2026-02-26T05:32:03.190149+00:00,,ns_sld_exact,2750,512,91832,1736809,3.857,ok,,baseline
2026-02-26,world,387992,false,czds_zone,2026-02-26T05:32:07.052790+00:00,,ns_sld_exact,12981,2695,941461,11656643,26.928,ok,,baseline
2026-02-26,wtc,1,false,czds_zone,2026-02-26T05:32:07.719382+00:00,,ns_sld_exact,1,12,12,3583,0.199,ok,,baseline
2026-02-26,wtf,36849,false,czds_zone,2026-02-26T05:32:07.924989+00:00,,ns_sld_exact,3459,86417,90497,2470952,6.112,ok,,baseline
2026-02-26,xbox,24,false,czds_zone,2026-02-26T05:32:14.038072+00:00,,ns_sld_exact,1,9,108,5418,0.195,ok,,baseline
2026-02-26,xihuan,1,false,czds_zone,2026-02-26T05:32:14.238861+00:00,,ns_sld_exact,1,2,6,3073,0.186,ok,,baseline
2026-02-26,xin,61800,false,czds_zone,2026-02-26T05:32:14.429554+00:00,,ns_sld_exact,58,127,125571,727747,2.613,ok,,baseline
2026-02-26,xn--30rr7y,1,false,czds_zone,2026-02-26T05:32:15.142801+00:00,,ns_sld_exact,0,0,12,1983,0.197,ok,,baseline
2026-02-26,xn--45q11c,39,false,czds_zone,2026-02-26T05:32:15.341419+00:00,,ns_sld_exact,0,0,158,10218,0.198,ok,,baseline
2026-02-26,xn--4gbrim,77,false,czds_zone,2026-02-26T05:32:15.547027+00:00,,ns_sld_exact,2,4,260,4485,0.198,ok,,baseline
2026-02-26,xn--55qw42g,1,false,czds_zone,2026-02-26T05:32:15.755488+00:00,,ns_sld_exact,1,0,10,3059,0.205,ok,,rolling
2026-02-26,xn--55qx5d,21184,false,czds_zone,2026-02-26T05:32:15.963912+00:00,,ns_sld_exact,2,0,47075,351844,1.268,ok,,baseline
2026-02-26,xn--5su34j936bgsg,1,false,czds_zone,2026-02-26T05:32:17.057065+00:00,,ns_sld_exact,1,6,12,2279,0.189,ok,,baseline
2026-02-26,xn--5tzm5g,2508,false,czds_zone,2026-02-26T05:32:17.235298+00:00,,ns_sld_exact,11,4,5720,54051,0.359,ok,,baseline
2026-02-26,xn--6frz82g,2519,false,czds_zone,2026-02-26T05:32:17.249867+00:00,,ns_sld_exact,17,27,5752,52194,0.296,ok,,baseline
2026-02-26,xn--80aqecdr1a,1,false,czds_zone,2026-02-26T05:32:17.548002+00:00,,ns_sld_exact,1,12,12,3619,0.182,ok,,baseline
2026-02-26,xn--80asehdb,1985,false,czds_zone,2026-02-26T05:32:17.596875+00:00,,ns_sld_exact,4,10,5082,429216,0.72,ok,,baseline
2026-02-26,xn--80aswg,1643,false,czds_zone,2026-02-26T05:32:17.731593+00:00,,ns_sld_exact,5,2,4221,393511,0.761,ok,,baseline
2026-02-26,xn--8y0a063a,3,false,czds_zone,2026-02-26T05:32:18.320898+00:00,,ns_sld_exact,0,0,18,2373,0.233,ok,,baseline
2026-02-26,xn--9et52u,1,false,czds_zone,2026-02-26T05:32:18.497212+00:00,,ns_sld_exact,0,0,12,1982,0.184,ok,,baseline
2026-02-26,xn--9krt00a,1,false,czds_zone,2026-02-26T05:32:18.556296+00:00,,ns_sld_exact,1,4,8,2202,0.175,ok,,baseline
2026-02-26,xn--b4w605ferd,1,false,czds_zone,2026-02-26T05:32:18.687812+00:00,,ns_sld_exact,1,4,8,2213,0.18,ok,,baseline
2026-02-26,xn--c1avg,773,false,czds_zone,2026-02-26T05:32:18.734678+00:00,,ns_sld_exact,4,11,2018,17520,0.204,ok,,baseline
2026-02-26,xn--cg4bki,1,false,czds_zone,2026-02-26T05:32:18.869374+00:00,,ns_sld_exact,0,0,9,164,0.2,ok,,baseline
2026-02-26,xn--czrs0t,1224,false,czds_zone,2026-02-26T05:32:18.949291+00:00,,ns_sld_exact,2,6,3169,22783,0.266,ok,,baseline
2026-02-26,xn--fiq64b,170,false,czds_zone,2026-02-26T05:32:19.071058+00:00,,ns_sld_exact,0,0,556,37469,0.252,ok,,baseline
2026-02-26,xn--fjq720a,221,false,czds_zone,2026-02-26T05:32:19.217204+00:00,,ns_sld_exact,1,6,632,6821,0.211,ok,,baseline
2026-02-26,xn--flw351e,1,false,czds_zone,2026-02-26T05:32:19.325825+00:00,,ns_sld_exact,0,0,9,1828,0.181,ok,,rolling
2026-02-26,xn--fzys8d69uvgm,1,false,czds_zone,2026-02-26T05:32:19.429329+00:00,,ns_sld_exact,1,4,8,2217,0.176,ok,,baseline
2026-02-26,xn--i1b6b1a6a2e,423,false,czds_zone,2026-02-26T05:32:19.512895+00:00,,ns_sld_exact,4,4,929,10124,0.215,ok,,baseline
2026-02-26,xn--imr513n,147,false,czds_zone,2026-02-26T05:32:19.607686+00:00,,ns_sld_exact,0,0,365,32242,0.232,ok,,baseline
2026-02-26,xn--io0a7i,15383,false,czds_zone,2026-02-26T05:32:19.729956+00:00,,ns_sld_exact,1,0,34711,259112,0.976,ok,,baseline
2026-02-26,xn--kcrx77d1x4a,10,false,czds_zone,2026-02-26T05:32:19.842399+00:00,,ns_sld_exact,1,12,39,3816,0.171,ok,,baseline
2026-02-26,xn--mgba3a3ejt,1,false,czds_zone,2026-02-26T05:32:20.015107+00:00,,ns_sld_exact,1,8,12,3575,0.207,ok,,baseline
2026-02-26,xn--mgba7c0bbn0a,2,false,czds_zone,2026-02-26T05:32:20.223567+00:00,,ns_sld_exact,1,12,14,3881,0.193,ok,,baseline
2026-02-26,xn--mgbab2bd,591,false,czds_zone,2026-02-26T05:32:20.422217+00:00,,ns_sld_exact,8,0,1307,145018,0.397,ok,,baseline
2026-02-26,xn--mgbca7dzdo,55,false,czds_zone,2026-02-26T05:32:20.713284+00:00,,ns_sld_exact,1,4,158,16663,0.223,ok,,baseline
2026-02-26,xn--mgbi4ecexp,1,false,czds_zone,2026-02-26T05:32:20.820039+00:00,,ns_sld_exact,1,12,12,3836,0.182,ok,,baseline
2026-02-26,xn--mgbt3dhd,1,false,czds_zone,2026-02-26T05:32:20.940064+00:00,,ns_sld_exact,1,1,16,4525,0.178,ok,,baseline
2026-02-26,xn--ngbc5azd,413,false,czds_zone,2026-02-26T05:32:21.005428+00:00,,ns_sld_exact,3,10,1240,13766,0.212,ok,,baseline
2026-02-26,xn--ngbe9e0a,26,false,czds_zone,2026-02-26T05:32:21.120778+00:00,,ns_sld_exact,0,4,131,2866,0.189,ok,,baseline
2026-02-26,xn--ngbrx,1,false,czds_zone,2026-02-26T05:32:21.219587+00:00,,ns_sld_exact,1,5,8,4327,0.201,ok,,baseline
2026-02-26,xn--nqv7f,402,false,czds_zone,2026-02-26T05:32:21.312192+00:00,,ns_sld_exact,6,7,1000,13004,0.45,ok,,baseline
2026-02-26,xn--nqv7fs00ema,1,false,czds_zone,2026-02-26T05:32:21.423345+00:00,,ns_sld_exact,1,4,8,2213,0.177,ok,,baseline
2026-02-26,xn--nyqy26a,17,false,czds_zone,2026-02-26T05:32:21.601608+00:00,,ns_sld_exact,1,2,56,4027,0.177,ok,,baseline
2026-02-26,xn--otu796d,65,false,czds_zone,2026-02-26T05:32:21.765562+00:00,,ns_sld_exact,0,0,201,15438,0.187,ok,,baseline
2026-02-26,xn--q9jyb4c,1693,false,czds_zone,2026-02-26T05:32:21.781004+00:00,,ns_sld_exact,37,1,4716,364565,0.763,ok,,baseline
2026-02-26,xn--qcka1pmc,1,false,czds_zone,2026-02-26T05:32:21.959207+00:00,,ns_sld_exact,0,0,9,1830,0.198,ok,,baseline
2026-02-26,xn--rhqv96g,399,false,czds_zone,2026-02-26T05:32:22.160288+00:00,,ns_sld_exact,3,2,1131,13105,0.207,ok,,baseline
2026-02-26,xn--tiq49xqyj,1,false,czds_zone,2026-02-26T05:32:22.369970+00:00,,ns_sld_exact,1,12,12,3845,0.179,ok,,baseline
2026-02-26,xn--unup4y,265,false,czds_zone,2026-02-26T05:32:22.547207+00:00,,ns_sld_exact,1,6,839,8002,0.221,ok,,baseline
2026-02-26,xn--vermgensberater-ctb,2,false,czds_zone,2026-02-26T05:32:22.551485+00:00,,ns_sld_exact,1,4,7,2197,0.186,ok,,baseline
2026-02-26,xn--vermgensberatung-pwb,3,false,czds_zone,2026-02-26T05:32:22.740651+00:00,,ns_sld_exact,1,4,11,2250,0.177,ok,,baseline
2026-02-26,xn--vhquv,2734,false,czds_zone,2026-02-26T05:32:22.770509+00:00,,ns_sld_exact,0,6,6386,42082,0.323,ok,,baseline
2026-02-26,xn--w4r85el8fhu5dnra,1,false,czds_zone,2026-02-26T05:32:22.921686+00:00,,ns_sld_exact,1,6,12,2282,0.193,ok,,baseline
2026-02-26,xn--w4rs40l,1,false,czds_zone,2026-02-26T05:32:23.094341+00:00,,ns_sld_exact,1,6,12,2263,0.192,ok,,baseline
2026-02-26,xn--zfr164b,1,false,czds_zone,2026-02-26T05:32:23.117052+00:00,,ns_sld_exact,1,0,10,3064,0.189,ok,,baseline
2026-02-26,xxx,34880,false,czds_zone,2026-02-26T05:32:23.289102+00:00,,ns_sld_exact,972,87,87826,1068694,2.75,ok,,baseline
2026-02-26,xyz,8109216,false,czds_zone,2026-02-26T05:32:23.308126+00:00,,ns_sld_exact,106435,8281,20315596,146749995,166.602,ok,,core
2026-02-26,yachts,87199,false,czds_zone,2026-02-26T05:32:25.235096+00:00,,ns_sld_exact,1714,19,178459,1643885,4.591,ok,,baseline
2026-02-26,yahoo,5,false,czds_zone,2026-02-26T05:32:26.042160+00:00,,ns_sld_exact,1,12,32,2447,0.27,ok,,baseline
2026-02-26,yandex,112,false,czds_zone,2026-02-26T05:32:26.315888+00:00,,ns_sld_exact,1,0,235,2447,0.208,ok,,baseline
2026-02-26,yoga,34517,false,czds_zone,2026-02-26T05:32:26.527400+00:00,,ns_sld_exact,700,28,77055,883280,2.555,ok,,baseline
2026-02-26,youtube,25,false,czds_zone,2026-02-26T05:32:29.087989+00:00,,ns_sld_exact,1,0,105,7201,0.225,ok,,baseline
2026-02-26,yun,1766,false,czds_zone,2026-02-26T05:32:29.317542+00:00,,ns_sld_exact,1,2,3602,19220,0.298,ok,,baseline
2026-02-26,zara,4,false,czds_zone,2026-02-26T05:32:29.619332+00:00,,ns_sld_exact,1,4,27,2312,0.208,ok,,baseline
2026-02-26,zip,13861,false,czds_zone,2026-02-26T05:32:29.829144+00:00,,ns_sld_exact,3459,90,39761,3620956,5.823,ok,,baseline
2026-02-26,zone,59502,false,czds_zone,2026-02-26T05:32:29.844651+00:00,,ns_sld_exact,2074,1098,203555,2084115,5.541,ok,,baseline
2026-02-26,zuerich,1274,false,czds_zone,2026-02-26T05:32:33.984808+00:00,,ns_sld_exact,132,4,3572,77485,0.418,ok,,baseline
